second,controller_type,active_phase,total_queue_cars,avg_wait_time_sec,vehicle_throughput_count,co2_emissions_kg,emergency_preemption_active
1,Static_120s_Fixed,North-South,10,29.03,4,0.008,0
2,Static_120s_Fixed,North-South,14,40.17,2,0.0112,0
3,Static_120s_Fixed,North-South,11,28.87,4,0.0088,0
4,Static_120s_Fixed,North-South,11,33.33,2,0.0088,0
5,Static_120s_Fixed,North-South,15,41.72,3,0.012,0
6,Static_120s_Fixed,North-South,13,35.93,2,0.0104,0
7,Static_120s_Fixed,North-South,10,27.95,1,0.008,0
8,Static_120s_Fixed,North-South,12,32.74,3,0.0096,0
9,Static_120s_Fixed,North-South,14,39.84,0,0.0112,0
10,Static_120s_Fixed,North-South,14,41.48,0,0.0112,0
11,Static_120s_Fixed,North-South,14,40.11,4,0.0112,0
12,Static_120s_Fixed,North-South,10,26.83,4,0.008,0
13,Static_120s_Fixed,North-South,15,43.76,1,0.012,0
14,Static_120s_Fixed,North-South,17,50.13,4,0.0136,0
15,Static_120s_Fixed,North-South,11,32.03,2,0.0088,0
16,Static_120s_Fixed,North-South,9,25.13,3,0.0072,0
17,Static_120s_Fixed,North-South,13,38.35,2,0.0104,0
18,Static_120s_Fixed,North-South,11,30.92,0,0.0088,0
19,Static_120s_Fixed,North-South,10,28.94,3,0.008,0
20,Static_120s_Fixed,North-South,9,27.67,4,0.0072,0
21,Static_120s_Fixed,North-South,9,24.41,2,0.0072,0
22,Static_120s_Fixed,North-South,20,54.6,0,0.016,0
23,Static_120s_Fixed,North-South,12,36.36,3,0.0096,0
24,Static_120s_Fixed,North-South,9,23.79,3,0.0072,0
25,Static_120s_Fixed,North-South,11,30.08,1,0.0088,0
26,Static_120s_Fixed,North-South,11,34.47,2,0.0088,0
27,Static_120s_Fixed,North-South,15,44.5,4,0.012,0
28,Static_120s_Fixed,North-South,11,34.68,2,0.0088,0
29,Static_120s_Fixed,North-South,12,33.3,2,0.0096,0
30,Static_120s_Fixed,North-South,8,24.18,0,0.0064,0
31,Static_120s_Fixed,North-South,11,30.65,1,0.0088,0
32,Static_120s_Fixed,North-South,17,45.72,4,0.0136,0
33,Static_120s_Fixed,North-South,13,36.46,3,0.0104,0
34,Static_120s_Fixed,North-South,16,47.39,4,0.0128,0
35,Static_120s_Fixed,North-South,12,31.71,4,0.0096,0
36,Static_120s_Fixed,North-South,13,39.37,2,0.0104,0
37,Static_120s_Fixed,North-South,9,23.2,0,0.0072,0
38,Static_120s_Fixed,North-South,16,46.05,2,0.0128,0
39,Static_120s_Fixed,North-South,8,23.39,4,0.0064,0
40,Static_120s_Fixed,North-South,16,42.9,2,0.0128,0
41,Static_120s_Fixed,North-South,13,38.73,4,0.0104,0
42,Static_120s_Fixed,North-South,15,40.27,4,0.012,0
43,Static_120s_Fixed,North-South,15,40.71,0,0.012,0
44,Static_120s_Fixed,North-South,12,37.14,1,0.0096,0
45,Static_120s_Fixed,North-South,12,32.45,0,0.0096,0
46,Static_120s_Fixed,North-South,14,42.55,4,0.0112,0
47,Static_120s_Fixed,North-South,10,30.59,3,0.008,0
48,Static_120s_Fixed,North-South,22,60.37,0,0.0176,0
49,Static_120s_Fixed,North-South,11,32.84,1,0.0088,0
50,Static_120s_Fixed,North-South,17,49,4,0.0136,0
51,Static_120s_Fixed,North-South,9,27.76,3,0.0072,0
52,Static_120s_Fixed,North-South,13,37.32,4,0.0104,0
53,Static_120s_Fixed,North-South,18,51.82,3,0.0144,0
54,Static_120s_Fixed,North-South,11,30.35,1,0.0088,0
55,Static_120s_Fixed,North-South,9,24.02,1,0.0072,0
56,Static_120s_Fixed,North-South,12,33.88,3,0.0096,0
57,Static_120s_Fixed,North-South,8,26.08,2,0.0064,0
58,Static_120s_Fixed,North-South,11,28.81,4,0.0088,0
59,Static_120s_Fixed,North-South,16,43.24,2,0.0128,0
60,Static_120s_Fixed,North-South,15,45.62,4,0.012,0
61,Static_120s_Fixed,North-South,13,39.18,2,0.0104,0
62,Static_120s_Fixed,North-South,14,38.38,0,0.0112,0
63,Static_120s_Fixed,North-South,15,42.79,0,0.012,0
64,Static_120s_Fixed,North-South,17,46.59,3,0.0136,0
65,Static_120s_Fixed,North-South,18,51.08,3,0.0144,0
66,Static_120s_Fixed,North-South,12,32.12,3,0.0096,0
67,Static_120s_Fixed,North-South,14,42.07,0,0.0112,0
68,Static_120s_Fixed,North-South,12,34.19,1,0.0096,0
69,Static_120s_Fixed,North-South,21,58.89,3,0.0168,0
70,Static_120s_Fixed,North-South,15,45.18,1,0.012,0
71,Static_120s_Fixed,North-South,16,44.03,3,0.0128,0
72,Static_120s_Fixed,North-South,12,34.86,2,0.0096,0
73,Static_120s_Fixed,North-South,11,29.21,4,0.0088,0
74,Static_120s_Fixed,North-South,10,27.93,1,0.008,0
75,Static_120s_Fixed,North-South,23,67.01,0,0.0184,0
76,Static_120s_Fixed,North-South,15,40.51,4,0.012,0
77,Static_120s_Fixed,North-South,10,30.51,3,0.008,0
78,Static_120s_Fixed,North-South,16,46.85,1,0.0128,0
79,Static_120s_Fixed,North-South,13,36.92,0,0.0104,0
80,Static_120s_Fixed,North-South,13,34.96,1,0.0104,0
81,Static_120s_Fixed,North-South,11,33.1,3,0.0088,0
82,Static_120s_Fixed,North-South,15,42.84,3,0.012,0
83,Static_120s_Fixed,North-South,19,52.04,2,0.0152,0
84,Static_120s_Fixed,North-South,17,47.78,2,0.0136,0
85,Static_120s_Fixed,North-South,7,23.51,2,0.0056,0
86,Static_120s_Fixed,North-South,22,60.64,3,0.0176,0
87,Static_120s_Fixed,North-South,18,51.74,0,0.0144,0
88,Static_120s_Fixed,North-South,14,43.2,3,0.0112,0
89,Static_120s_Fixed,North-South,15,42.43,2,0.012,0
90,Static_120s_Fixed,North-South,12,31.72,1,0.0096,0
91,Static_120s_Fixed,North-South,13,39.84,3,0.0104,0
92,Static_120s_Fixed,North-South,12,35.17,1,0.0096,0
93,Static_120s_Fixed,North-South,13,39.95,4,0.0104,0
94,Static_120s_Fixed,North-South,18,52.99,2,0.0144,0
95,Static_120s_Fixed,North-South,18,49.02,3,0.0144,0
96,Static_120s_Fixed,North-South,14,42.48,0,0.0112,0
97,Static_120s_Fixed,North-South,16,43.13,4,0.0128,0
98,Static_120s_Fixed,North-South,14,37.68,0,0.0112,0
99,Static_120s_Fixed,North-South,15,40.38,4,0.012,0
100,Static_120s_Fixed,North-South,14,38.98,0,0.0112,0
101,Static_120s_Fixed,North-South,20,56.08,3,0.016,0
102,Static_120s_Fixed,North-South,18,53.95,4,0.0144,0
103,Static_120s_Fixed,North-South,14,39.67,4,0.0112,0
104,Static_120s_Fixed,North-South,18,48.95,4,0.0144,0
105,Static_120s_Fixed,North-South,20,57.44,0,0.016,0
106,Static_120s_Fixed,North-South,22,60.35,1,0.0176,0
107,Static_120s_Fixed,North-South,19,55.96,1,0.0152,0
108,Static_120s_Fixed,North-South,14,40.44,2,0.0112,0
109,Static_120s_Fixed,North-South,13,39.08,2,0.0104,0
110,Static_120s_Fixed,North-South,17,47.22,0,0.0136,0
111,Static_120s_Fixed,North-South,20,57.82,0,0.016,0
112,Static_120s_Fixed,North-South,16,43.01,4,0.0128,0
113,Static_120s_Fixed,North-South,12,36.53,2,0.0096,0
114,Static_120s_Fixed,North-South,14,38.34,0,0.0112,0
115,Static_120s_Fixed,North-South,15,43.61,3,0.012,0
116,Static_120s_Fixed,North-South,17,48.7,0,0.0136,0
117,Static_120s_Fixed,North-South,10,28.53,4,0.008,0
118,Static_120s_Fixed,North-South,17,51.2,1,0.0136,0
119,Static_120s_Fixed,North-South,13,40.18,0,0.0104,0
120,Static_120s_Fixed,East-West,22,59.93,1,0.0176,0
121,Static_120s_Fixed,East-West,22,64.94,0,0.0176,0
122,Static_120s_Fixed,East-West,20,59.88,4,0.016,0
123,Static_120s_Fixed,East-West,15,41.21,4,0.012,0
124,Static_120s_Fixed,East-West,15,41.92,2,0.012,0
125,Static_120s_Fixed,East-West,21,61.81,4,0.0168,0
126,Static_120s_Fixed,East-West,15,41.92,1,0.012,0
127,Static_120s_Fixed,East-West,14,43.19,2,0.0112,0
128,Static_120s_Fixed,East-West,15,42.67,0,0.012,0
129,Static_120s_Fixed,East-West,16,46.96,4,0.0128,0
130,Static_120s_Fixed,East-West,21,62.53,2,0.0168,0
131,Static_120s_Fixed,East-West,23,62.94,2,0.0184,0
132,Static_120s_Fixed,East-West,19,57.14,2,0.0152,0
133,Static_120s_Fixed,East-West,20,56.4,2,0.016,0
134,Static_120s_Fixed,East-West,19,54.43,2,0.0152,0
135,Static_120s_Fixed,East-West,15,45.65,2,0.012,0
136,Static_120s_Fixed,East-West,19,55.21,1,0.0152,0
137,Static_120s_Fixed,East-West,17,46.96,0,0.0136,0
138,Static_120s_Fixed,East-West,17,48,0,0.0136,0
139,Static_120s_Fixed,East-West,17,49.91,3,0.0136,0
140,Static_120s_Fixed,East-West,13,38.48,0,0.0104,0
141,Static_120s_Fixed,East-West,21,61.74,2,0.0168,0
142,Static_120s_Fixed,East-West,17,47.69,0,0.0136,0
143,Static_120s_Fixed,East-West,15,44.16,3,0.012,0
144,Static_120s_Fixed,East-West,16,44.21,0,0.0128,0
145,Static_120s_Fixed,East-West,19,51.41,3,0.0152,0
146,Static_120s_Fixed,East-West,19,51.81,2,0.0152,0
147,Static_120s_Fixed,East-West,24,70.42,1,0.0192,0
148,Static_120s_Fixed,East-West,19,55.87,2,0.0152,0
149,Static_120s_Fixed,East-West,12,36.86,1,0.0096,0
150,Static_120s_Fixed,East-West,18,48.97,0,0.0144,0
151,Static_120s_Fixed,East-West,17,50.33,4,0.0136,0
152,Static_120s_Fixed,East-West,17,48.9,2,0.0136,0
153,Static_120s_Fixed,East-West,20,56.58,0,0.016,0
154,Static_120s_Fixed,East-West,18,50.29,1,0.0144,0
155,Static_120s_Fixed,East-West,15,44.48,4,0.012,0
156,Static_120s_Fixed,East-West,20,59.8,2,0.016,0
157,Static_120s_Fixed,East-West,18,49,0,0.0144,0
158,Static_120s_Fixed,East-West,18,51.77,2,0.0144,0
159,Static_120s_Fixed,East-West,20,57.61,4,0.016,0
160,Static_120s_Fixed,East-West,15,43.92,1,0.012,0
161,Static_120s_Fixed,East-West,21,61.19,2,0.0168,0
162,Static_120s_Fixed,East-West,16,43.25,0,0.0128,0
163,Static_120s_Fixed,East-West,20,55.43,2,0.016,0
164,Static_120s_Fixed,East-West,18,48.59,4,0.0144,0
165,Static_120s_Fixed,East-West,22,62.45,0,0.0176,0
166,Static_120s_Fixed,East-West,12,31.75,3,0.0096,0
167,Static_120s_Fixed,East-West,19,54.65,2,0.0152,0
168,Static_120s_Fixed,East-West,20,57.33,3,0.016,0
169,Static_120s_Fixed,East-West,21,58,0,0.0168,0
170,Static_120s_Fixed,East-West,18,53.23,2,0.0144,0
171,Static_120s_Fixed,East-West,23,66.27,1,0.0184,0
172,Static_120s_Fixed,East-West,21,62.54,0,0.0168,0
173,Static_120s_Fixed,East-West,17,46.72,1,0.0136,0
174,Static_120s_Fixed,East-West,15,42.91,1,0.012,0
175,Static_120s_Fixed,East-West,20,57.16,3,0.016,0
176,Static_120s_Fixed,East-West,14,40.81,1,0.0112,0
177,Static_120s_Fixed,East-West,21,56.87,4,0.0168,0
178,Static_120s_Fixed,East-West,18,49.53,0,0.0144,0
179,Static_120s_Fixed,East-West,12,35.36,1,0.0096,0
180,Static_120s_Fixed,East-West,13,37.67,1,0.0104,0
181,Static_120s_Fixed,East-West,17,45.79,1,0.0136,0
182,Static_120s_Fixed,East-West,15,42.24,4,0.012,0
183,Static_120s_Fixed,East-West,15,43.1,4,0.012,0
184,Static_120s_Fixed,East-West,18,48.95,0,0.0144,0
185,Static_120s_Fixed,East-West,18,51.88,3,0.0144,0
186,Static_120s_Fixed,East-West,20,55.42,4,0.016,0
187,Static_120s_Fixed,East-West,18,48.4,2,0.0144,0
188,Static_120s_Fixed,East-West,28,79.6,0,0.0224,0
189,Static_120s_Fixed,East-West,20,59.5,4,0.016,0
190,Static_120s_Fixed,East-West,18,48.4,2,0.0144,0
191,Static_120s_Fixed,East-West,18,54.38,2,0.0144,0
192,Static_120s_Fixed,East-West,20,54.04,2,0.016,0
193,Static_120s_Fixed,East-West,10,31.7,2,0.008,0
194,Static_120s_Fixed,East-West,25,72.32,1,0.02,0
195,Static_120s_Fixed,East-West,20,55.9,3,0.016,0
196,Static_120s_Fixed,East-West,19,52.04,1,0.0152,0
197,Static_120s_Fixed,East-West,19,55.31,4,0.0152,0
198,Static_120s_Fixed,East-West,24,70.26,3,0.0192,0
199,Static_120s_Fixed,East-West,20,57.5,3,0.016,0
200,Static_120s_Fixed,East-West,21,58.32,1,0.0168,0
201,Static_120s_Fixed,East-West,21,58.22,0,0.0168,0
202,Static_120s_Fixed,East-West,18,53.42,0,0.0144,0
203,Static_120s_Fixed,East-West,25,73.46,4,0.02,0
204,Static_120s_Fixed,East-West,17,45.81,4,0.0136,0
205,Static_120s_Fixed,East-West,21,62.43,3,0.0168,0
206,Static_120s_Fixed,East-West,19,56.2,2,0.0152,0
207,Static_120s_Fixed,East-West,23,63.1,3,0.0184,0
208,Static_120s_Fixed,East-West,17,46.23,3,0.0136,0
209,Static_120s_Fixed,East-West,16,45.71,1,0.0128,0
210,Static_120s_Fixed,East-West,21,57.07,1,0.0168,0
211,Static_120s_Fixed,East-West,18,53,2,0.0144,0
212,Static_120s_Fixed,East-West,17,46.64,3,0.0136,0
213,Static_120s_Fixed,East-West,24,66.01,1,0.0192,0
214,Static_120s_Fixed,East-West,25,68.09,4,0.02,0
215,Static_120s_Fixed,East-West,17,46.8,0,0.0136,0
216,Static_120s_Fixed,East-West,20,58.18,1,0.016,0
217,Static_120s_Fixed,East-West,19,53.56,1,0.0152,0
218,Static_120s_Fixed,East-West,15,42.97,4,0.012,0
219,Static_120s_Fixed,East-West,15,44.14,0,0.012,0
220,Static_120s_Fixed,East-West,19,52.36,1,0.0152,0
221,Static_120s_Fixed,East-West,15,44.25,1,0.012,0
222,Static_120s_Fixed,East-West,23,67.13,3,0.0184,0
223,Static_120s_Fixed,East-West,18,50.52,0,0.0144,0
224,Static_120s_Fixed,East-West,21,57.57,1,0.0168,0
225,Static_120s_Fixed,East-West,21,58.97,1,0.0168,0
226,Static_120s_Fixed,East-West,15,45.11,0,0.012,0
227,Static_120s_Fixed,East-West,18,52.52,0,0.0144,0
228,Static_120s_Fixed,East-West,23,67.49,2,0.0184,0
229,Static_120s_Fixed,East-West,19,53.23,2,0.0152,0
230,Static_120s_Fixed,East-West,17,46.02,0,0.0136,0
231,Static_120s_Fixed,East-West,21,61.59,2,0.0168,0
232,Static_120s_Fixed,East-West,18,50.44,0,0.0144,0
233,Static_120s_Fixed,East-West,19,54.55,4,0.0152,0
234,Static_120s_Fixed,East-West,15,45.96,3,0.012,0
235,Static_120s_Fixed,East-West,18,52.66,4,0.0144,0
236,Static_120s_Fixed,East-West,20,55.04,0,0.016,0
237,Static_120s_Fixed,East-West,16,45.99,2,0.0128,0
238,Static_120s_Fixed,East-West,16,44.41,4,0.0128,0
239,Static_120s_Fixed,East-West,25,72.05,2,0.02,0
240,Static_120s_Fixed,North-South,23,67.27,2,0.0184,0
241,Static_120s_Fixed,North-South,21,57.42,2,0.0168,0
242,Static_120s_Fixed,North-South,18,53.17,4,0.0144,0
243,Static_120s_Fixed,North-South,16,43.22,4,0.0128,0
244,Static_120s_Fixed,North-South,25,68.21,2,0.02,0
245,Static_120s_Fixed,North-South,17,51.5,4,0.0136,0
246,Static_120s_Fixed,North-South,14,37.54,1,0.0112,0
247,Static_120s_Fixed,North-South,25,72.68,3,0.02,0
248,Static_120s_Fixed,North-South,17,49.25,0,0.0136,0
249,Static_120s_Fixed,North-South,19,55.35,2,0.0152,0
250,Static_120s_Fixed,North-South,22,62.97,2,0.0176,0
251,Static_120s_Fixed,North-South,22,59.89,1,0.0176,0
252,Static_120s_Fixed,North-South,17,50.65,2,0.0136,0
253,Static_120s_Fixed,North-South,23,64.33,2,0.0184,0
254,Static_120s_Fixed,North-South,19,53.5,2,0.0152,0
255,Static_120s_Fixed,North-South,18,53.69,3,0.0144,0
256,Static_120s_Fixed,North-South,18,54.17,0,0.0144,0
257,Static_120s_Fixed,North-South,15,41.39,1,0.012,0
258,Static_120s_Fixed,North-South,18,52.69,0,0.0144,0
259,Static_120s_Fixed,North-South,24,68.52,4,0.0192,0
260,Static_120s_Fixed,North-South,18,50.49,2,0.0144,0
261,Static_120s_Fixed,North-South,19,52.26,3,0.0152,0
262,Static_120s_Fixed,North-South,16,45.14,4,0.0128,0
263,Static_120s_Fixed,North-South,16,46.12,0,0.0128,0
264,Static_120s_Fixed,North-South,18,50.46,0,0.0144,0
265,Static_120s_Fixed,North-South,18,49.57,0,0.0144,0
266,Static_120s_Fixed,North-South,17,50.98,2,0.0136,0
267,Static_120s_Fixed,North-South,20,59.87,4,0.016,0
268,Static_120s_Fixed,North-South,20,57.6,0,0.016,0
269,Static_120s_Fixed,North-South,18,52.69,4,0.0144,0
270,Static_120s_Fixed,North-South,22,64.8,1,0.0176,0
271,Static_120s_Fixed,North-South,21,58.13,0,0.0168,0
272,Static_120s_Fixed,North-South,22,65.47,0,0.0176,0
273,Static_120s_Fixed,North-South,19,56.14,1,0.0152,0
274,Static_120s_Fixed,North-South,20,58.18,2,0.016,0
275,Static_120s_Fixed,North-South,22,64.03,4,0.0176,0
276,Static_120s_Fixed,North-South,23,67.05,3,0.0184,0
277,Static_120s_Fixed,North-South,20,57.08,3,0.016,0
278,Static_120s_Fixed,North-South,25,69.89,3,0.02,0
279,Static_120s_Fixed,North-South,16,45.2,3,0.0128,0
280,Static_120s_Fixed,North-South,19,52.85,4,0.0152,0
281,Static_120s_Fixed,North-South,20,58.14,2,0.016,0
282,Static_120s_Fixed,North-South,20,58.4,1,0.016,0
283,Static_120s_Fixed,North-South,13,34.8,2,0.0104,0
284,Static_120s_Fixed,North-South,20,58.4,0,0.016,0
285,Static_120s_Fixed,North-South,21,57.58,2,0.0168,0
286,Static_120s_Fixed,North-South,19,54.45,0,0.0152,0
287,Static_120s_Fixed,North-South,17,48.4,0,0.0136,0
288,Static_120s_Fixed,North-South,18,52.79,4,0.0144,0
289,Static_120s_Fixed,North-South,17,45.64,0,0.0136,0
290,Static_120s_Fixed,North-South,21,60.69,4,0.0168,0
291,Static_120s_Fixed,North-South,20,58.93,4,0.016,0
292,Static_120s_Fixed,North-South,20,56.92,1,0.016,0
293,Static_120s_Fixed,North-South,20,57.43,0,0.016,0
294,Static_120s_Fixed,North-South,20,54.71,1,0.016,0
295,Static_120s_Fixed,North-South,13,36.34,2,0.0104,0
296,Static_120s_Fixed,North-South,20,59.25,1,0.016,0
297,Static_120s_Fixed,North-South,22,63.31,2,0.0176,0
298,Static_120s_Fixed,North-South,23,66.42,2,0.0184,0
299,Static_120s_Fixed,North-South,18,50.79,0,0.0144,0
300,Static_120s_Fixed,North-South,19,51.25,4,0.0152,0
301,Static_120s_Fixed,North-South,14,41.41,1,0.0112,0
302,Static_120s_Fixed,North-South,22,64.14,3,0.0176,0
303,Static_120s_Fixed,North-South,24,70.21,0,0.0192,0
304,Static_120s_Fixed,North-South,23,65.02,4,0.0184,0
305,Static_120s_Fixed,North-South,26,74.81,4,0.0208,0
306,Static_120s_Fixed,North-South,15,45.46,1,0.012,0
307,Static_120s_Fixed,North-South,17,46.1,3,0.0136,0
308,Static_120s_Fixed,North-South,21,60.63,1,0.0168,0
309,Static_120s_Fixed,North-South,21,58.88,1,0.0168,0
310,Static_120s_Fixed,North-South,18,51.95,1,0.0144,0
311,Static_120s_Fixed,North-South,16,47.45,0,0.0128,0
312,Static_120s_Fixed,North-South,25,69.4,3,0.02,0
313,Static_120s_Fixed,North-South,18,49.53,3,0.0144,0
314,Static_120s_Fixed,North-South,20,57.22,0,0.016,0
315,Static_120s_Fixed,North-South,23,66.07,0,0.0184,0
316,Static_120s_Fixed,North-South,20,56.84,0,0.016,0
317,Static_120s_Fixed,North-South,14,38.85,4,0.0112,0
318,Static_120s_Fixed,North-South,13,35.76,2,0.0104,0
319,Static_120s_Fixed,North-South,21,58.74,0,0.0168,0
320,Static_120s_Fixed,North-South,18,48.71,4,0.0144,0
321,Static_120s_Fixed,North-South,18,50.62,2,0.0144,0
322,Static_120s_Fixed,North-South,15,41.4,2,0.012,0
323,Static_120s_Fixed,North-South,20,58.57,1,0.016,0
324,Static_120s_Fixed,North-South,18,50.22,4,0.0144,0
325,Static_120s_Fixed,North-South,18,50.97,2,0.0144,0
326,Static_120s_Fixed,North-South,25,73.79,4,0.02,0
327,Static_120s_Fixed,North-South,16,46.35,2,0.0128,0
328,Static_120s_Fixed,North-South,19,54.07,0,0.0152,0
329,Static_120s_Fixed,North-South,17,50.57,3,0.0136,0
330,Static_120s_Fixed,North-South,20,57.86,2,0.016,0
331,Static_120s_Fixed,North-South,18,48.56,4,0.0144,0
332,Static_120s_Fixed,North-South,17,46.75,4,0.0136,0
333,Static_120s_Fixed,North-South,18,52.06,2,0.0144,0
334,Static_120s_Fixed,North-South,23,63.97,4,0.0184,0
335,Static_120s_Fixed,North-South,18,51.03,2,0.0144,0
336,Static_120s_Fixed,North-South,18,51.51,1,0.0144,0
337,Static_120s_Fixed,North-South,19,54.42,1,0.0152,0
338,Static_120s_Fixed,North-South,18,49.19,2,0.0144,0
339,Static_120s_Fixed,North-South,20,55.72,4,0.016,0
340,Static_120s_Fixed,North-South,19,55.7,3,0.0152,0
341,Static_120s_Fixed,North-South,21,59.82,0,0.0168,0
342,Static_120s_Fixed,North-South,19,51.95,3,0.0152,0
343,Static_120s_Fixed,North-South,14,40.73,2,0.0112,0
344,Static_120s_Fixed,North-South,15,42.6,4,0.012,0
345,Static_120s_Fixed,North-South,17,46.26,1,0.0136,0
346,Static_120s_Fixed,North-South,20,58.82,0,0.016,0
347,Static_120s_Fixed,North-South,21,58.33,4,0.0168,0
348,Static_120s_Fixed,North-South,20,57.81,3,0.016,0
349,Static_120s_Fixed,North-South,19,55.94,3,0.0152,0
350,Static_120s_Fixed,North-South,19,52.25,3,0.0152,0
351,Static_120s_Fixed,North-South,19,56.44,2,0.0152,0
352,Static_120s_Fixed,North-South,18,49.05,1,0.0144,0
353,Static_120s_Fixed,North-South,19,51.29,2,0.0152,0
354,Static_120s_Fixed,North-South,22,61.98,3,0.0176,0
355,Static_120s_Fixed,North-South,24,66.58,1,0.0192,0
356,Static_120s_Fixed,North-South,17,50.7,4,0.0136,0
357,Static_120s_Fixed,North-South,20,57.48,3,0.016,0
358,Static_120s_Fixed,North-South,18,53.96,2,0.0144,0
359,Static_120s_Fixed,North-South,18,51.47,1,0.0144,0
360,Static_120s_Fixed,East-West,18,51.01,0,0.0144,0
361,Static_120s_Fixed,East-West,23,64.06,3,0.0184,0
362,Static_120s_Fixed,East-West,19,52.42,3,0.0152,0
363,Static_120s_Fixed,East-West,22,63.64,4,0.0176,0
364,Static_120s_Fixed,East-West,19,52.57,0,0.0152,0
365,Static_120s_Fixed,East-West,15,40.08,2,0.012,0
366,Static_120s_Fixed,East-West,22,62.57,4,0.0176,0
367,Static_120s_Fixed,East-West,22,65.25,0,0.0176,0
368,Static_120s_Fixed,East-West,18,54.18,3,0.0144,0
369,Static_120s_Fixed,East-West,20,54.76,0,0.016,0
370,Static_120s_Fixed,East-West,20,57.73,1,0.016,0
371,Static_120s_Fixed,East-West,17,50.78,4,0.0136,0
372,Static_120s_Fixed,East-West,14,38.51,3,0.0112,0
373,Static_120s_Fixed,East-West,15,41.86,4,0.012,0
374,Static_120s_Fixed,East-West,22,63.83,0,0.0176,0
375,Static_120s_Fixed,East-West,19,53.09,2,0.0152,0
376,Static_120s_Fixed,East-West,21,60.05,0,0.0168,0
377,Static_120s_Fixed,East-West,14,38.4,1,0.0112,0
378,Static_120s_Fixed,East-West,16,48.15,3,0.0128,0
379,Static_120s_Fixed,East-West,17,46.4,0,0.0136,0
380,Static_120s_Fixed,East-West,22,60.46,3,0.0176,0
381,Static_120s_Fixed,East-West,18,51.65,3,0.0144,0
382,Static_120s_Fixed,East-West,15,41.01,2,0.012,0
383,Static_120s_Fixed,East-West,20,59.84,1,0.016,0
384,Static_120s_Fixed,East-West,18,48.98,0,0.0144,0
385,Static_120s_Fixed,East-West,21,57.15,4,0.0168,0
386,Static_120s_Fixed,East-West,21,61.25,2,0.0168,0
387,Static_120s_Fixed,East-West,20,59.51,2,0.016,0
388,Static_120s_Fixed,East-West,15,44.38,4,0.012,0
389,Static_120s_Fixed,East-West,15,40.78,4,0.012,0
390,Static_120s_Fixed,East-West,16,44,2,0.0128,0
391,Static_120s_Fixed,East-West,22,63.41,4,0.0176,0
392,Static_120s_Fixed,East-West,21,61.44,2,0.0168,0
393,Static_120s_Fixed,East-West,14,37.28,3,0.0112,0
394,Static_120s_Fixed,East-West,24,67.76,2,0.0192,0
395,Static_120s_Fixed,East-West,20,58.64,1,0.016,0
396,Static_120s_Fixed,East-West,15,40.72,2,0.012,0
397,Static_120s_Fixed,East-West,19,54.48,0,0.0152,0
398,Static_120s_Fixed,East-West,17,48.98,2,0.0136,0
399,Static_120s_Fixed,East-West,19,55.53,0,0.0152,0
400,Static_120s_Fixed,East-West,23,67.33,3,0.0184,0
401,Static_120s_Fixed,East-West,15,42.8,0,0.012,0
402,Static_120s_Fixed,East-West,18,49.16,1,0.0144,0
403,Static_120s_Fixed,East-West,23,66.11,2,0.0184,0
404,Static_120s_Fixed,East-West,15,43.71,3,0.012,0
405,Static_120s_Fixed,East-West,15,45.18,0,0.012,0
406,Static_120s_Fixed,East-West,16,44.44,3,0.0128,0
407,Static_120s_Fixed,East-West,20,59.09,2,0.016,0
408,Static_120s_Fixed,East-West,16,44.32,3,0.0128,0
409,Static_120s_Fixed,East-West,20,56.8,2,0.016,0
410,Static_120s_Fixed,East-West,12,37.26,1,0.0096,0
411,Static_120s_Fixed,East-West,17,47.88,3,0.0136,0
412,Static_120s_Fixed,East-West,19,55.88,3,0.0152,0
413,Static_120s_Fixed,East-West,18,53,1,0.0144,0
414,Static_120s_Fixed,East-West,21,62.39,2,0.0168,0
415,Static_120s_Fixed,East-West,18,49.66,1,0.0144,0
416,Static_120s_Fixed,East-West,18,52.95,2,0.0144,0
417,Static_120s_Fixed,East-West,23,65.24,3,0.0184,0
418,Static_120s_Fixed,East-West,17,45.98,1,0.0136,0
419,Static_120s_Fixed,East-West,21,61.24,1,0.0168,0
420,Static_120s_Fixed,East-West,14,42.41,3,0.0112,0
421,Static_120s_Fixed,East-West,15,44.82,2,0.012,0
422,Static_120s_Fixed,East-West,19,55.71,3,0.0152,0
423,Static_120s_Fixed,East-West,20,58.14,2,0.016,0
424,Static_120s_Fixed,East-West,19,53.05,0,0.0152,0
425,Static_120s_Fixed,East-West,17,47.76,2,0.0136,0
426,Static_120s_Fixed,East-West,12,36.15,1,0.0096,0
427,Static_120s_Fixed,East-West,18,52.11,2,0.0144,0
428,Static_120s_Fixed,East-West,21,59.09,2,0.0168,0
429,Static_120s_Fixed,East-West,18,51.81,4,0.0144,0
430,Static_120s_Fixed,East-West,16,47.23,0,0.0128,0
431,Static_120s_Fixed,East-West,19,54.16,0,0.0152,0
432,Static_120s_Fixed,East-West,11,31.27,3,0.0088,0
433,Static_120s_Fixed,East-West,16,46.2,4,0.0128,0
434,Static_120s_Fixed,East-West,18,53.68,2,0.0144,0
435,Static_120s_Fixed,East-West,12,36.39,3,0.0096,0
436,Static_120s_Fixed,East-West,20,56.01,0,0.016,0
437,Static_120s_Fixed,East-West,17,49.12,0,0.0136,0
438,Static_120s_Fixed,East-West,12,36.69,3,0.0096,0
439,Static_120s_Fixed,East-West,17,46,2,0.0136,0
440,Static_120s_Fixed,East-West,20,55.24,4,0.016,0
441,Static_120s_Fixed,East-West,18,52,1,0.0144,0
442,Static_120s_Fixed,East-West,22,65.5,3,0.0176,0
443,Static_120s_Fixed,East-West,23,66.35,0,0.0184,0
444,Static_120s_Fixed,East-West,12,33.39,3,0.0096,0
445,Static_120s_Fixed,East-West,17,45.91,2,0.0136,0
446,Static_120s_Fixed,East-West,16,46.8,1,0.0128,0
447,Static_120s_Fixed,East-West,17,49.51,1,0.0136,0
448,Static_120s_Fixed,East-West,17,51.17,0,0.0136,0
449,Static_120s_Fixed,East-West,15,43.2,3,0.012,0
450,Static_120s_Fixed,East-West,15,43.77,1,0.012,0
451,Static_120s_Fixed,East-West,23,62.92,3,0.0184,0
452,Static_120s_Fixed,East-West,17,46.03,2,0.0136,0
453,Static_120s_Fixed,East-West,24,65.74,0,0.0192,0
454,Static_120s_Fixed,East-West,17,49.51,2,0.0136,0
455,Static_120s_Fixed,East-West,15,40.1,0,0.012,0
456,Static_120s_Fixed,East-West,13,35.02,2,0.0104,0
457,Static_120s_Fixed,East-West,13,36.7,1,0.0104,0
458,Static_120s_Fixed,East-West,15,44.47,4,0.012,0
459,Static_120s_Fixed,East-West,16,48.34,1,0.0128,0
460,Static_120s_Fixed,East-West,15,40.37,0,0.012,0
461,Static_120s_Fixed,East-West,16,43.05,2,0.0128,0
462,Static_120s_Fixed,East-West,15,42.66,2,0.012,0
463,Static_120s_Fixed,East-West,18,53.1,3,0.0144,0
464,Static_120s_Fixed,East-West,8,25.78,1,0.0064,0
465,Static_120s_Fixed,East-West,18,52.78,1,0.0144,0
466,Static_120s_Fixed,East-West,16,46.04,2,0.0128,0
467,Static_120s_Fixed,East-West,15,41.93,0,0.012,0
468,Static_120s_Fixed,East-West,16,43.4,4,0.0128,0
469,Static_120s_Fixed,East-West,19,55.81,0,0.0152,0
470,Static_120s_Fixed,East-West,17,48.68,2,0.0136,0
471,Static_120s_Fixed,East-West,17,45.91,1,0.0136,0
472,Static_120s_Fixed,East-West,19,53.01,1,0.0152,0
473,Static_120s_Fixed,East-West,16,48.44,3,0.0128,0
474,Static_120s_Fixed,East-West,18,49.55,4,0.0144,0
475,Static_120s_Fixed,East-West,14,39.21,2,0.0112,0
476,Static_120s_Fixed,East-West,16,46.14,0,0.0128,0
477,Static_120s_Fixed,East-West,21,56.89,0,0.0168,0
478,Static_120s_Fixed,East-West,16,43.07,0,0.0128,0
479,Static_120s_Fixed,East-West,14,40.78,3,0.0112,0
480,Static_120s_Fixed,North-South,14,42.25,0,0.0112,0
481,Static_120s_Fixed,North-South,12,32.33,1,0.0096,0
482,Static_120s_Fixed,North-South,14,39.41,4,0.0112,0
483,Static_120s_Fixed,North-South,16,43.31,1,0.0128,0
484,Static_120s_Fixed,North-South,19,56.18,4,0.0152,0
485,Static_120s_Fixed,North-South,13,35.67,3,0.0104,0
486,Static_120s_Fixed,North-South,14,39.03,2,0.0112,0
487,Static_120s_Fixed,North-South,12,34.67,3,0.0096,0
488,Static_120s_Fixed,North-South,15,45.84,3,0.012,0
489,Static_120s_Fixed,North-South,11,31.89,1,0.0088,0
490,Static_120s_Fixed,North-South,9,24.86,3,0.0072,0
491,Static_120s_Fixed,North-South,15,45.86,2,0.012,0
492,Static_120s_Fixed,North-South,11,29.27,0,0.0088,0
493,Static_120s_Fixed,North-South,9,27.44,0,0.0072,0
494,Static_120s_Fixed,North-South,16,44,2,0.0128,0
495,Static_120s_Fixed,North-South,16,47.67,2,0.0128,0
496,Static_120s_Fixed,North-South,16,48.08,3,0.0128,0
497,Static_120s_Fixed,North-South,19,57.13,4,0.0152,0
498,Static_120s_Fixed,North-South,17,49.02,3,0.0136,0
499,Static_120s_Fixed,North-South,19,53.74,3,0.0152,0
500,Static_120s_Fixed,North-South,12,32.74,0,0.0096,0
501,Static_120s_Fixed,North-South,21,59.82,0,0.0168,0
502,Static_120s_Fixed,North-South,15,45.74,4,0.012,0
503,Static_120s_Fixed,North-South,15,45.31,1,0.012,0
504,Static_120s_Fixed,North-South,18,52.94,1,0.0144,0
505,Static_120s_Fixed,North-South,13,36.16,0,0.0104,0
506,Static_120s_Fixed,North-South,19,53.87,4,0.0152,0
507,Static_120s_Fixed,North-South,15,45.87,1,0.012,0
508,Static_120s_Fixed,North-South,12,32.63,2,0.0096,0
509,Static_120s_Fixed,North-South,16,48.79,2,0.0128,0
510,Static_120s_Fixed,North-South,14,39.3,4,0.0112,0
511,Static_120s_Fixed,North-South,14,40.32,4,0.0112,0
512,Static_120s_Fixed,North-South,14,42.04,4,0.0112,0
513,Static_120s_Fixed,North-South,14,37.51,1,0.0112,0
514,Static_120s_Fixed,North-South,16,48.51,0,0.0128,0
515,Static_120s_Fixed,North-South,13,37.62,4,0.0104,0
516,Static_120s_Fixed,North-South,12,32.34,2,0.0096,0
517,Static_120s_Fixed,North-South,13,39.79,3,0.0104,0
518,Static_120s_Fixed,North-South,16,43.86,0,0.0128,0
519,Static_120s_Fixed,North-South,12,36.35,0,0.0096,0
520,Static_120s_Fixed,North-South,14,43.08,3,0.0112,0
521,Static_120s_Fixed,North-South,15,43.15,3,0.012,0
522,Static_120s_Fixed,North-South,12,32.44,4,0.0096,0
523,Static_120s_Fixed,North-South,19,54.37,1,0.0152,0
524,Static_120s_Fixed,North-South,12,36.68,4,0.0096,0
525,Static_120s_Fixed,North-South,18,52.24,3,0.0144,0
526,Static_120s_Fixed,North-South,16,48.55,0,0.0128,0
527,Static_120s_Fixed,North-South,10,26.4,4,0.008,0
528,Static_120s_Fixed,North-South,13,38.99,2,0.0104,0
529,Static_120s_Fixed,North-South,10,31.48,2,0.008,0
530,Static_120s_Fixed,North-South,13,34.5,1,0.0104,0
531,Static_120s_Fixed,North-South,12,37.23,1,0.0096,0
532,Static_120s_Fixed,North-South,14,37.56,0,0.0112,0
533,Static_120s_Fixed,North-South,9,27.98,2,0.0072,0
534,Static_120s_Fixed,North-South,14,42.36,4,0.0112,0
535,Static_120s_Fixed,North-South,7,23.36,3,0.0056,0
536,Static_120s_Fixed,North-South,11,32.75,4,0.0088,0
537,Static_120s_Fixed,North-South,20,57.88,3,0.016,0
538,Static_120s_Fixed,North-South,17,47.88,3,0.0136,0
539,Static_120s_Fixed,North-South,16,47.95,0,0.0128,0
540,Static_120s_Fixed,North-South,13,40.16,2,0.0104,0
541,Static_120s_Fixed,North-South,9,26.81,3,0.0072,0
542,Static_120s_Fixed,North-South,17,48.72,0,0.0136,0
543,Static_120s_Fixed,North-South,9,24.14,3,0.0072,0
544,Static_120s_Fixed,North-South,16,46.95,4,0.0128,0
545,Static_120s_Fixed,North-South,8,21.51,1,0.0064,0
546,Static_120s_Fixed,North-South,11,33.64,1,0.0088,0
547,Static_120s_Fixed,North-South,13,40.29,0,0.0104,0
548,Static_120s_Fixed,North-South,13,39.68,0,0.0104,0
549,Static_120s_Fixed,North-South,16,45.81,1,0.0128,0
550,Static_120s_Fixed,North-South,8,24.19,2,0.0064,0
551,Static_120s_Fixed,North-South,7,19.25,0,0.0056,0
552,Static_120s_Fixed,North-South,17,47.81,2,0.0136,0
553,Static_120s_Fixed,North-South,9,28.31,1,0.0072,0
554,Static_120s_Fixed,North-South,11,28.87,0,0.0088,0
555,Static_120s_Fixed,North-South,14,42.62,1,0.0112,0
556,Static_120s_Fixed,North-South,15,44.53,0,0.012,0
557,Static_120s_Fixed,North-South,13,35.75,0,0.0104,0
558,Static_120s_Fixed,North-South,17,49.05,4,0.0136,0
559,Static_120s_Fixed,North-South,10,26.71,1,0.008,0
560,Static_120s_Fixed,North-South,18,52.4,0,0.0144,0
561,Static_120s_Fixed,North-South,12,32.41,4,0.0096,0
562,Static_120s_Fixed,North-South,7,22.99,1,0.0056,0
563,Static_120s_Fixed,North-South,9,23.87,0,0.0072,0
564,Static_120s_Fixed,North-South,9,25.66,4,0.0072,0
565,Static_120s_Fixed,North-South,9,28.7,3,0.0072,0
566,Static_120s_Fixed,North-South,14,40.88,2,0.0112,0
567,Static_120s_Fixed,North-South,13,37.84,1,0.0104,0
568,Static_120s_Fixed,North-South,9,27.5,3,0.0072,0
569,Static_120s_Fixed,North-South,11,30.79,2,0.0088,0
570,Static_120s_Fixed,North-South,10,31.32,0,0.008,0
571,Static_120s_Fixed,North-South,8,20.61,0,0.0064,0
572,Static_120s_Fixed,North-South,8,23.15,3,0.0064,0
573,Static_120s_Fixed,North-South,9,25.01,0,0.0072,0
574,Static_120s_Fixed,North-South,11,32.72,4,0.0088,0
575,Static_120s_Fixed,North-South,11,29.7,4,0.0088,0
576,Static_120s_Fixed,North-South,16,48.23,3,0.0128,0
577,Static_120s_Fixed,North-South,7,18.71,1,0.0056,0
578,Static_120s_Fixed,North-South,16,43.89,2,0.0128,0
579,Static_120s_Fixed,North-South,10,26.79,0,0.008,0
580,Static_120s_Fixed,North-South,7,21.31,1,0.0056,0
581,Static_120s_Fixed,North-South,16,43.7,4,0.0128,0
582,Static_120s_Fixed,North-South,6,19.74,4,0.0048,0
583,Static_120s_Fixed,North-South,11,33.8,2,0.0088,0
584,Static_120s_Fixed,North-South,10,26.06,2,0.008,0
585,Static_120s_Fixed,North-South,12,31.78,1,0.0096,0
586,Static_120s_Fixed,North-South,9,24.77,2,0.0072,0
587,Static_120s_Fixed,North-South,9,28.13,1,0.0072,0
588,Static_120s_Fixed,North-South,15,43.56,1,0.012,0
589,Static_120s_Fixed,North-South,8,21.07,1,0.0064,0
590,Static_120s_Fixed,North-South,11,32.32,3,0.0088,0
591,Static_120s_Fixed,North-South,5,13.88,4,0.004,0
592,Static_120s_Fixed,North-South,11,31.76,2,0.0088,0
593,Static_120s_Fixed,North-South,16,45.06,4,0.0128,0
594,Static_120s_Fixed,North-South,9,25.33,2,0.0072,0
595,Static_120s_Fixed,North-South,9,26.52,3,0.0072,0
596,Static_120s_Fixed,North-South,13,36.5,3,0.0104,0
597,Static_120s_Fixed,North-South,5,16.52,3,0.004,0
598,Static_120s_Fixed,North-South,12,35.08,2,0.0096,0
599,Static_120s_Fixed,North-South,14,39.25,2,0.0112,0
600,Static_120s_Fixed,East-West,15,43.48,1,0.012,1
601,Static_120s_Fixed,East-West,11,32.79,3,0.0088,1
602,Static_120s_Fixed,East-West,10,29.89,1,0.008,1
603,Static_120s_Fixed,East-West,5,16.52,2,0.004,1
604,Static_120s_Fixed,East-West,8,21.23,1,0.0064,1
605,Static_120s_Fixed,East-West,11,29.16,4,0.0088,1
606,Static_120s_Fixed,East-West,12,34.72,2,0.0096,1
607,Static_120s_Fixed,East-West,6,19.9,0,0.0048,1
608,Static_120s_Fixed,East-West,10,28.17,1,0.008,1
609,Static_120s_Fixed,East-West,8,25.01,4,0.0064,1
610,Static_120s_Fixed,East-West,8,26.34,1,0.0064,1
611,Static_120s_Fixed,East-West,8,25.11,4,0.0064,1
612,Static_120s_Fixed,East-West,13,38,3,0.0104,1
613,Static_120s_Fixed,East-West,7,22.72,4,0.0056,1
614,Static_120s_Fixed,East-West,11,34.16,4,0.0088,1
615,Static_120s_Fixed,East-West,0,5,2,0,1
616,Static_120s_Fixed,East-West,9,24.79,1,0.0072,1
617,Static_120s_Fixed,East-West,11,31.21,2,0.0088,1
618,Static_120s_Fixed,East-West,9,25.72,4,0.0072,1
619,Static_120s_Fixed,East-West,14,41.9,2,0.0112,1
620,Static_120s_Fixed,East-West,13,34.97,4,0.0104,1
621,Static_120s_Fixed,East-West,7,22.26,3,0.0056,1
622,Static_120s_Fixed,East-West,7,20.6,4,0.0056,1
623,Static_120s_Fixed,East-West,12,35.29,4,0.0096,1
624,Static_120s_Fixed,East-West,12,33.65,2,0.0096,1
625,Static_120s_Fixed,East-West,10,30.51,4,0.008,1
626,Static_120s_Fixed,East-West,7,22.37,2,0.0056,1
627,Static_120s_Fixed,East-West,12,35.5,3,0.0096,1
628,Static_120s_Fixed,East-West,9,24.1,3,0.0072,1
629,Static_120s_Fixed,East-West,7,23.27,3,0.0056,1
630,Static_120s_Fixed,East-West,12,35.44,0,0.0096,0
631,Static_120s_Fixed,East-West,16,44.74,1,0.0128,0
632,Static_120s_Fixed,East-West,5,14.87,1,0.004,0
633,Static_120s_Fixed,East-West,12,36.76,0,0.0096,0
634,Static_120s_Fixed,East-West,12,32.82,2,0.0096,0
635,Static_120s_Fixed,East-West,4,14.73,0,0.0032,0
636,Static_120s_Fixed,East-West,0,5,2,0,0
637,Static_120s_Fixed,East-West,5,13.43,1,0.004,0
638,Static_120s_Fixed,East-West,8,25.61,3,0.0064,0
639,Static_120s_Fixed,East-West,9,29.19,1,0.0072,0
640,Static_120s_Fixed,East-West,12,35.26,1,0.0096,0
641,Static_120s_Fixed,East-West,13,39.16,4,0.0104,0
642,Static_120s_Fixed,East-West,6,17.91,3,0.0048,0
643,Static_120s_Fixed,East-West,11,28.94,1,0.0088,0
644,Static_120s_Fixed,East-West,6,17.1,1,0.0048,0
645,Static_120s_Fixed,East-West,6,18.57,1,0.0048,0
646,Static_120s_Fixed,East-West,11,29.24,2,0.0088,0
647,Static_120s_Fixed,East-West,10,28.32,0,0.008,0
648,Static_120s_Fixed,East-West,16,43.77,4,0.0128,0
649,Static_120s_Fixed,East-West,4,15.1,4,0.0032,0
650,Static_120s_Fixed,East-West,8,22.61,2,0.0064,0
651,Static_120s_Fixed,East-West,12,36.26,1,0.0096,0
652,Static_120s_Fixed,East-West,13,34.57,0,0.0104,0
653,Static_120s_Fixed,East-West,6,19.32,2,0.0048,0
654,Static_120s_Fixed,East-West,10,26.01,2,0.008,0
655,Static_120s_Fixed,East-West,11,31.22,0,0.0088,0
656,Static_120s_Fixed,East-West,11,29.82,3,0.0088,0
657,Static_120s_Fixed,East-West,8,21.32,0,0.0064,0
658,Static_120s_Fixed,East-West,6,20.74,3,0.0048,0
659,Static_120s_Fixed,East-West,10,28.07,1,0.008,0
660,Static_120s_Fixed,East-West,9,23.51,4,0.0072,0
661,Static_120s_Fixed,East-West,7,20.86,0,0.0056,0
662,Static_120s_Fixed,East-West,8,22.61,3,0.0064,0
663,Static_120s_Fixed,East-West,5,13.54,0,0.004,0
664,Static_120s_Fixed,East-West,7,17.79,0,0.0056,0
665,Static_120s_Fixed,East-West,8,20.93,0,0.0064,0
666,Static_120s_Fixed,East-West,10,31.23,4,0.008,0
667,Static_120s_Fixed,East-West,5,16.49,1,0.004,0
668,Static_120s_Fixed,East-West,6,16.95,3,0.0048,0
669,Static_120s_Fixed,East-West,4,10.74,2,0.0032,0
670,Static_120s_Fixed,East-West,9,26.51,4,0.0072,0
671,Static_120s_Fixed,East-West,10,28.9,4,0.008,0
672,Static_120s_Fixed,East-West,6,18.09,4,0.0048,0
673,Static_120s_Fixed,East-West,3,9.83,1,0.0024,0
674,Static_120s_Fixed,East-West,5,14.96,3,0.004,0
675,Static_120s_Fixed,East-West,7,20.76,4,0.0056,0
676,Static_120s_Fixed,East-West,5,13.07,0,0.004,0
677,Static_120s_Fixed,East-West,3,11.38,2,0.0024,0
678,Static_120s_Fixed,East-West,3,10.24,0,0.0024,0
679,Static_120s_Fixed,East-West,7,23.34,4,0.0056,0
680,Static_120s_Fixed,East-West,13,39.83,1,0.0104,0
681,Static_120s_Fixed,East-West,7,19.36,1,0.0056,0
682,Static_120s_Fixed,East-West,11,34.21,4,0.0088,0
683,Static_120s_Fixed,East-West,2,5.14,1,0.0016,0
684,Static_120s_Fixed,East-West,11,32.11,1,0.0088,0
685,Static_120s_Fixed,East-West,6,15.85,3,0.0048,0
686,Static_120s_Fixed,East-West,5,13.26,2,0.004,0
687,Static_120s_Fixed,East-West,2,7.79,3,0.0016,0
688,Static_120s_Fixed,East-West,2,8.58,3,0.0016,0
689,Static_120s_Fixed,East-West,7,19.99,3,0.0056,0
690,Static_120s_Fixed,East-West,5,12.26,0,0.004,0
691,Static_120s_Fixed,East-West,4,9.63,0,0.0032,0
692,Static_120s_Fixed,East-West,1,5,3,0.0008,0
693,Static_120s_Fixed,East-West,3,9.67,1,0.0024,0
694,Static_120s_Fixed,East-West,6,16.54,3,0.0048,0
695,Static_120s_Fixed,East-West,8,26.18,2,0.0064,0
696,Static_120s_Fixed,East-West,5,17.22,0,0.004,0
697,Static_120s_Fixed,East-West,7,21.47,1,0.0056,0
698,Static_120s_Fixed,East-West,5,13.5,4,0.004,0
699,Static_120s_Fixed,East-West,3,9.14,2,0.0024,0
700,Static_120s_Fixed,East-West,9,24.86,2,0.0072,0
701,Static_120s_Fixed,East-West,3,10.33,3,0.0024,0
702,Static_120s_Fixed,East-West,3,9.06,1,0.0024,0
703,Static_120s_Fixed,East-West,7,22.87,3,0.0056,0
704,Static_120s_Fixed,East-West,0,5,0,0,0
705,Static_120s_Fixed,East-West,7,21.58,4,0.0056,0
706,Static_120s_Fixed,East-West,7,22.28,3,0.0056,0
707,Static_120s_Fixed,East-West,2,5,3,0.0016,0
708,Static_120s_Fixed,East-West,6,19.33,3,0.0048,0
709,Static_120s_Fixed,East-West,1,5,4,0.0008,0
710,Static_120s_Fixed,East-West,0,5,2,0,0
711,Static_120s_Fixed,East-West,3,12.19,1,0.0024,0
712,Static_120s_Fixed,East-West,8,22.46,3,0.0064,0
713,Static_120s_Fixed,East-West,0,5,2,0,0
714,Static_120s_Fixed,East-West,4,11.27,1,0.0032,0
715,Static_120s_Fixed,East-West,5,17.16,0,0.004,0
716,Static_120s_Fixed,East-West,10,31.46,1,0.008,0
717,Static_120s_Fixed,East-West,9,26.4,1,0.0072,0
718,Static_120s_Fixed,East-West,6,16.67,3,0.0048,0
719,Static_120s_Fixed,East-West,5,16.41,0,0.004,0
720,Static_120s_Fixed,North-South,6,14.82,1,0.0048,0
721,Static_120s_Fixed,North-South,1,5,2,0.0008,0
722,Static_120s_Fixed,North-South,6,15.51,2,0.0048,0
723,Static_120s_Fixed,North-South,4,10.86,3,0.0032,0
724,Static_120s_Fixed,North-South,3,8.24,1,0.0024,0
725,Static_120s_Fixed,North-South,4,9.93,4,0.0032,0
726,Static_120s_Fixed,North-South,8,22.2,4,0.0064,0
727,Static_120s_Fixed,North-South,4,14.1,0,0.0032,0
728,Static_120s_Fixed,North-South,5,16.6,1,0.004,0
729,Static_120s_Fixed,North-South,9,25.72,1,0.0072,0
730,Static_120s_Fixed,North-South,6,16.89,4,0.0048,0
731,Static_120s_Fixed,North-South,4,12.77,2,0.0032,0
732,Static_120s_Fixed,North-South,2,5,0,0.0016,0
733,Static_120s_Fixed,North-South,4,13.96,2,0.0032,0
734,Static_120s_Fixed,North-South,7,22.82,2,0.0056,0
735,Static_120s_Fixed,North-South,5,14.32,1,0.004,0
736,Static_120s_Fixed,North-South,1,6.25,3,0.0008,0
737,Static_120s_Fixed,North-South,0,5,3,0,0
738,Static_120s_Fixed,North-South,0,5,4,0,0
739,Static_120s_Fixed,North-South,8,20.82,3,0.0064,0
740,Static_120s_Fixed,North-South,8,25.72,2,0.0064,0
741,Static_120s_Fixed,North-South,3,7.69,1,0.0024,0
742,Static_120s_Fixed,North-South,6,16.08,4,0.0048,0
743,Static_120s_Fixed,North-South,9,28.49,3,0.0072,0
744,Static_120s_Fixed,North-South,8,21.79,3,0.0064,0
745,Static_120s_Fixed,North-South,3,12.12,4,0.0024,0
746,Static_120s_Fixed,North-South,3,11.7,1,0.0024,0
747,Static_120s_Fixed,North-South,2,5,4,0.0016,0
748,Static_120s_Fixed,North-South,4,14.58,1,0.0032,0
749,Static_120s_Fixed,North-South,4,9.9,4,0.0032,0
750,Static_120s_Fixed,North-South,6,19.77,1,0.0048,0
751,Static_120s_Fixed,North-South,3,8.77,1,0.0024,0
752,Static_120s_Fixed,North-South,4,9.65,2,0.0032,0
753,Static_120s_Fixed,North-South,2,6.36,4,0.0016,0
754,Static_120s_Fixed,North-South,6,16.32,1,0.0048,0
755,Static_120s_Fixed,North-South,11,31.24,4,0.0088,0
756,Static_120s_Fixed,North-South,6,15.9,2,0.0048,0
757,Static_120s_Fixed,North-South,5,13.19,4,0.004,0
758,Static_120s_Fixed,North-South,4,12.65,4,0.0032,0
759,Static_120s_Fixed,North-South,4,10.81,3,0.0032,0
760,Static_120s_Fixed,North-South,3,11.74,1,0.0024,0
761,Static_120s_Fixed,North-South,0,5,1,0,0
762,Static_120s_Fixed,North-South,10,29.42,3,0.008,0
763,Static_120s_Fixed,North-South,4,12.31,3,0.0032,0
764,Static_120s_Fixed,North-South,3,11.48,3,0.0024,0
765,Static_120s_Fixed,North-South,9,25.47,1,0.0072,0
766,Static_120s_Fixed,North-South,4,12.93,0,0.0032,0
767,Static_120s_Fixed,North-South,3,9.8,0,0.0024,0
768,Static_120s_Fixed,North-South,6,14.94,0,0.0048,0
769,Static_120s_Fixed,North-South,5,14.92,2,0.004,0
770,Static_120s_Fixed,North-South,2,5,4,0.0016,0
771,Static_120s_Fixed,North-South,10,28.81,4,0.008,0
772,Static_120s_Fixed,North-South,5,14.82,3,0.004,0
773,Static_120s_Fixed,North-South,0,5,2,0,0
774,Static_120s_Fixed,North-South,6,16.28,1,0.0048,0
775,Static_120s_Fixed,North-South,9,25,2,0.0072,0
776,Static_120s_Fixed,North-South,1,5,3,0.0008,0
777,Static_120s_Fixed,North-South,4,11.41,4,0.0032,0
778,Static_120s_Fixed,North-South,5,12.23,2,0.004,0
779,Static_120s_Fixed,North-South,5,14.74,3,0.004,0
780,Static_120s_Fixed,North-South,6,19.69,0,0.0048,0
781,Static_120s_Fixed,North-South,2,7.52,3,0.0016,0
782,Static_120s_Fixed,North-South,0,5,2,0,0
783,Static_120s_Fixed,North-South,5,15.92,4,0.004,0
784,Static_120s_Fixed,North-South,0,5,2,0,0
785,Static_120s_Fixed,North-South,2,5,4,0.0016,0
786,Static_120s_Fixed,North-South,5,15.64,2,0.004,0
787,Static_120s_Fixed,North-South,5,15.2,2,0.004,0
788,Static_120s_Fixed,North-South,3,11.12,3,0.0024,0
789,Static_120s_Fixed,North-South,4,14.66,2,0.0032,0
790,Static_120s_Fixed,North-South,8,24.92,2,0.0064,0
791,Static_120s_Fixed,North-South,11,30.12,2,0.0088,0
792,Static_120s_Fixed,North-South,3,11.09,3,0.0024,0
793,Static_120s_Fixed,North-South,4,11.52,4,0.0032,0
794,Static_120s_Fixed,North-South,5,12.12,3,0.004,0
795,Static_120s_Fixed,North-South,2,7.74,2,0.0016,0
796,Static_120s_Fixed,North-South,1,5,4,0.0008,0
797,Static_120s_Fixed,North-South,4,10.09,4,0.0032,0
798,Static_120s_Fixed,North-South,3,8.12,3,0.0024,0
799,Static_120s_Fixed,North-South,2,7.52,2,0.0016,0
800,Static_120s_Fixed,North-South,5,15.13,0,0.004,0
801,Static_120s_Fixed,North-South,0,5,4,0,0
802,Static_120s_Fixed,North-South,7,23.28,1,0.0056,0
803,Static_120s_Fixed,North-South,9,25.77,3,0.0072,0
804,Static_120s_Fixed,North-South,3,11.41,2,0.0024,0
805,Static_120s_Fixed,North-South,0,5,3,0,0
806,Static_120s_Fixed,North-South,3,10.88,4,0.0024,0
807,Static_120s_Fixed,North-South,3,10.31,2,0.0024,0
808,Static_120s_Fixed,North-South,2,8.38,3,0.0016,0
809,Static_120s_Fixed,North-South,6,19.24,3,0.0048,0
810,Static_120s_Fixed,North-South,7,20.4,2,0.0056,0
811,Static_120s_Fixed,North-South,4,12.61,2,0.0032,0
812,Static_120s_Fixed,North-South,6,19.79,4,0.0048,0
813,Static_120s_Fixed,North-South,14,42.5,2,0.0112,0
814,Static_120s_Fixed,North-South,4,12.94,0,0.0032,0
815,Static_120s_Fixed,North-South,5,14.67,0,0.004,0
816,Static_120s_Fixed,North-South,3,11.81,3,0.0024,0
817,Static_120s_Fixed,North-South,5,13.7,1,0.004,0
818,Static_120s_Fixed,North-South,2,6.25,2,0.0016,0
819,Static_120s_Fixed,North-South,1,5,0,0.0008,0
820,Static_120s_Fixed,North-South,2,7.03,1,0.0016,0
821,Static_120s_Fixed,North-South,0,5,3,0,0
822,Static_120s_Fixed,North-South,2,8.32,4,0.0016,0
823,Static_120s_Fixed,North-South,3,8.2,4,0.0024,0
824,Static_120s_Fixed,North-South,9,25.86,0,0.0072,0
825,Static_120s_Fixed,North-South,0,5,2,0,0
826,Static_120s_Fixed,North-South,3,6.94,0,0.0024,0
827,Static_120s_Fixed,North-South,4,14.02,3,0.0032,0
828,Static_120s_Fixed,North-South,8,25.44,0,0.0064,0
829,Static_120s_Fixed,North-South,6,19.66,3,0.0048,0
830,Static_120s_Fixed,North-South,3,7.18,2,0.0024,0
831,Static_120s_Fixed,North-South,4,10.53,3,0.0032,0
832,Static_120s_Fixed,North-South,0,5,3,0,0
833,Static_120s_Fixed,North-South,2,7.68,2,0.0016,0
834,Static_120s_Fixed,North-South,4,14.59,0,0.0032,0
835,Static_120s_Fixed,North-South,1,5,0,0.0008,0
836,Static_120s_Fixed,North-South,3,7.04,2,0.0024,0
837,Static_120s_Fixed,North-South,8,22.54,4,0.0064,0
838,Static_120s_Fixed,North-South,4,14.16,2,0.0032,0
839,Static_120s_Fixed,North-South,1,6.28,1,0.0008,0
840,Static_120s_Fixed,East-West,2,9.38,0,0.0016,0
841,Static_120s_Fixed,East-West,4,9.85,3,0.0032,0
842,Static_120s_Fixed,East-West,6,16.32,3,0.0048,0
843,Static_120s_Fixed,East-West,7,22.82,4,0.0056,0
844,Static_120s_Fixed,East-West,6,20.67,3,0.0048,0
845,Static_120s_Fixed,East-West,8,21.3,3,0.0064,0
846,Static_120s_Fixed,East-West,9,25.62,4,0.0072,0
847,Static_120s_Fixed,East-West,5,17.32,3,0.004,0
848,Static_120s_Fixed,East-West,0,5,1,0,0
849,Static_120s_Fixed,East-West,0,5,4,0,0
850,Static_120s_Fixed,East-West,2,7,1,0.0016,0
851,Static_120s_Fixed,East-West,1,5,1,0.0008,0
852,Static_120s_Fixed,East-West,0,5,0,0,0
853,Static_120s_Fixed,East-West,5,15.1,1,0.004,0
854,Static_120s_Fixed,East-West,5,16.74,1,0.004,0
855,Static_120s_Fixed,East-West,4,10.53,3,0.0032,0
856,Static_120s_Fixed,East-West,4,15.2,4,0.0032,0
857,Static_120s_Fixed,East-West,0,5,1,0,0
858,Static_120s_Fixed,East-West,6,19.18,0,0.0048,0
859,Static_120s_Fixed,East-West,1,5,3,0.0008,0
860,Static_120s_Fixed,East-West,4,12,3,0.0032,0
861,Static_120s_Fixed,East-West,2,8.39,0,0.0016,0
862,Static_120s_Fixed,East-West,4,9.86,4,0.0032,0
863,Static_120s_Fixed,East-West,4,14.94,2,0.0032,0
864,Static_120s_Fixed,East-West,4,14.69,1,0.0032,0
865,Static_120s_Fixed,East-West,8,23.66,2,0.0064,0
866,Static_120s_Fixed,East-West,3,11.35,4,0.0024,0
867,Static_120s_Fixed,East-West,3,9.75,0,0.0024,0
868,Static_120s_Fixed,East-West,1,5,0,0.0008,0
869,Static_120s_Fixed,East-West,1,5,3,0.0008,0
870,Static_120s_Fixed,East-West,4,10.24,3,0.0032,0
871,Static_120s_Fixed,East-West,2,8.93,1,0.0016,0
872,Static_120s_Fixed,East-West,3,9.16,4,0.0024,0
873,Static_120s_Fixed,East-West,6,18.83,1,0.0048,0
874,Static_120s_Fixed,East-West,2,6.51,0,0.0016,0
875,Static_120s_Fixed,East-West,3,10.76,4,0.0024,0
876,Static_120s_Fixed,East-West,4,15.08,4,0.0032,0
877,Static_120s_Fixed,East-West,3,12.02,4,0.0024,0
878,Static_120s_Fixed,East-West,6,16.25,0,0.0048,0
879,Static_120s_Fixed,East-West,0,5,0,0,0
880,Static_120s_Fixed,East-West,5,15.31,3,0.004,0
881,Static_120s_Fixed,East-West,1,5.05,4,0.0008,0
882,Static_120s_Fixed,East-West,0,5,4,0,0
883,Static_120s_Fixed,East-West,3,8.22,0,0.0024,0
884,Static_120s_Fixed,East-West,1,5,3,0.0008,0
885,Static_120s_Fixed,East-West,5,17.89,4,0.004,0
886,Static_120s_Fixed,East-West,1,5,4,0.0008,0
887,Static_120s_Fixed,East-West,4,13.56,3,0.0032,0
888,Static_120s_Fixed,East-West,6,18.75,2,0.0048,0
889,Static_120s_Fixed,East-West,2,8.4,1,0.0016,0
890,Static_120s_Fixed,East-West,0,5,4,0,0
891,Static_120s_Fixed,East-West,6,17.06,1,0.0048,0
892,Static_120s_Fixed,East-West,4,14.54,4,0.0032,0
893,Static_120s_Fixed,East-West,3,8,1,0.0024,0
894,Static_120s_Fixed,East-West,4,9.47,0,0.0032,0
895,Static_120s_Fixed,East-West,1,5,2,0.0008,0
896,Static_120s_Fixed,East-West,2,8.84,3,0.0016,0
897,Static_120s_Fixed,East-West,8,22.05,2,0.0064,0
898,Static_120s_Fixed,East-West,6,15.48,0,0.0048,0
899,Static_120s_Fixed,East-West,3,8.88,1,0.0024,0
900,Static_120s_Fixed,East-West,2,7.32,3,0.0016,0
901,Static_120s_Fixed,East-West,4,12.23,0,0.0032,0
902,Static_120s_Fixed,East-West,5,15.75,0,0.004,0
903,Static_120s_Fixed,East-West,3,6.85,0,0.0024,0
904,Static_120s_Fixed,East-West,3,8.3,2,0.0024,0
905,Static_120s_Fixed,East-West,9,27.34,2,0.0072,0
906,Static_120s_Fixed,East-West,3,12.39,2,0.0024,0
907,Static_120s_Fixed,East-West,10,29.94,4,0.008,0
908,Static_120s_Fixed,East-West,4,11.36,3,0.0032,0
909,Static_120s_Fixed,East-West,7,21.83,3,0.0056,0
910,Static_120s_Fixed,East-West,1,5,3,0.0008,0
911,Static_120s_Fixed,East-West,7,22.96,0,0.0056,0
912,Static_120s_Fixed,East-West,2,8.12,3,0.0016,0
913,Static_120s_Fixed,East-West,0,5,4,0,0
914,Static_120s_Fixed,East-West,3,12.25,2,0.0024,0
915,Static_120s_Fixed,East-West,4,9.56,2,0.0032,0
916,Static_120s_Fixed,East-West,7,20.82,3,0.0056,0
917,Static_120s_Fixed,East-West,6,20.27,4,0.0048,0
918,Static_120s_Fixed,East-West,8,26.19,0,0.0064,0
919,Static_120s_Fixed,East-West,0,5,2,0,0
920,Static_120s_Fixed,East-West,5,13.21,1,0.004,0
921,Static_120s_Fixed,East-West,3,6.49,0,0.0024,0
922,Static_120s_Fixed,East-West,0,5,0,0,0
923,Static_120s_Fixed,East-West,0,5,2,0,0
924,Static_120s_Fixed,East-West,2,5,3,0.0016,0
925,Static_120s_Fixed,East-West,7,20.75,0,0.0056,0
926,Static_120s_Fixed,East-West,8,21.74,2,0.0064,0
927,Static_120s_Fixed,East-West,2,5.46,0,0.0016,0
928,Static_120s_Fixed,East-West,2,6.1,3,0.0016,0
929,Static_120s_Fixed,East-West,1,5,1,0.0008,0
930,Static_120s_Fixed,East-West,3,8.51,3,0.0024,0
931,Static_120s_Fixed,East-West,4,9.22,2,0.0032,0
932,Static_120s_Fixed,East-West,4,10.69,2,0.0032,0
933,Static_120s_Fixed,East-West,5,12.82,2,0.004,0
934,Static_120s_Fixed,East-West,4,10.86,4,0.0032,0
935,Static_120s_Fixed,East-West,0,5,1,0,0
936,Static_120s_Fixed,East-West,0,5,2,0,0
937,Static_120s_Fixed,East-West,5,16.4,4,0.004,0
938,Static_120s_Fixed,East-West,1,5,3,0.0008,0
939,Static_120s_Fixed,East-West,6,19.55,4,0.0048,0
940,Static_120s_Fixed,East-West,5,16.22,3,0.004,0
941,Static_120s_Fixed,East-West,0,5,0,0,0
942,Static_120s_Fixed,East-West,6,19.98,3,0.0048,0
943,Static_120s_Fixed,East-West,0,5,1,0,0
944,Static_120s_Fixed,East-West,3,6.49,0,0.0024,0
945,Static_120s_Fixed,East-West,6,20.34,4,0.0048,0
946,Static_120s_Fixed,East-West,8,25.31,0,0.0064,0
947,Static_120s_Fixed,East-West,3,8.21,4,0.0024,0
948,Static_120s_Fixed,East-West,6,16.35,0,0.0048,0
949,Static_120s_Fixed,East-West,9,24.57,4,0.0072,0
950,Static_120s_Fixed,East-West,7,18.8,0,0.0056,0
951,Static_120s_Fixed,East-West,0,5,4,0,0
952,Static_120s_Fixed,East-West,7,23.38,4,0.0056,0
953,Static_120s_Fixed,East-West,5,14.32,2,0.004,0
954,Static_120s_Fixed,East-West,5,13.92,1,0.004,0
955,Static_120s_Fixed,East-West,7,19.41,4,0.0056,0
956,Static_120s_Fixed,East-West,9,26.82,3,0.0072,0
957,Static_120s_Fixed,East-West,4,14.22,4,0.0032,0
958,Static_120s_Fixed,East-West,0,5,0,0,0
959,Static_120s_Fixed,East-West,0,5,3,0,0
960,Static_120s_Fixed,North-South,2,5,2,0.0016,0
961,Static_120s_Fixed,North-South,6,17.53,3,0.0048,0
962,Static_120s_Fixed,North-South,3,9.76,1,0.0024,0
963,Static_120s_Fixed,North-South,4,9.55,3,0.0032,0
964,Static_120s_Fixed,North-South,3,9.46,0,0.0024,0
965,Static_120s_Fixed,North-South,2,5,1,0.0016,0
966,Static_120s_Fixed,North-South,8,25.02,1,0.0064,0
967,Static_120s_Fixed,North-South,8,24.9,3,0.0064,0
968,Static_120s_Fixed,North-South,3,11.63,0,0.0024,0
969,Static_120s_Fixed,North-South,9,24.05,1,0.0072,0
970,Static_120s_Fixed,North-South,12,32.81,2,0.0096,0
971,Static_120s_Fixed,North-South,6,19.58,2,0.0048,0
972,Static_120s_Fixed,North-South,7,20.25,0,0.0056,0
973,Static_120s_Fixed,North-South,5,13.23,0,0.004,0
974,Static_120s_Fixed,North-South,7,22.75,3,0.0056,0
975,Static_120s_Fixed,North-South,0,5,4,0,0
976,Static_120s_Fixed,North-South,4,9.79,2,0.0032,0
977,Static_120s_Fixed,North-South,7,21.29,1,0.0056,0
978,Static_120s_Fixed,North-South,6,15.42,0,0.0048,0
979,Static_120s_Fixed,North-South,4,11.4,1,0.0032,0
980,Static_120s_Fixed,North-South,6,14.81,4,0.0048,0
981,Static_120s_Fixed,North-South,7,20.87,2,0.0056,0
982,Static_120s_Fixed,North-South,12,35.99,1,0.0096,0
983,Static_120s_Fixed,North-South,6,20.23,2,0.0048,0
984,Static_120s_Fixed,North-South,9,25.88,0,0.0072,0
985,Static_120s_Fixed,North-South,10,31.96,3,0.008,0
986,Static_120s_Fixed,North-South,3,11.32,0,0.0024,0
987,Static_120s_Fixed,North-South,5,17.52,4,0.004,0
988,Static_120s_Fixed,North-South,5,17.85,1,0.004,0
989,Static_120s_Fixed,North-South,4,10.67,0,0.0032,0
990,Static_120s_Fixed,North-South,6,16.63,1,0.0048,0
991,Static_120s_Fixed,North-South,8,23.8,1,0.0064,0
992,Static_120s_Fixed,North-South,8,26.06,2,0.0064,0
993,Static_120s_Fixed,North-South,10,31.18,1,0.008,0
994,Static_120s_Fixed,North-South,11,33.06,1,0.0088,0
995,Static_120s_Fixed,North-South,8,20.5,0,0.0064,0
996,Static_120s_Fixed,North-South,5,13.53,3,0.004,0
997,Static_120s_Fixed,North-South,3,12.02,0,0.0024,0
998,Static_120s_Fixed,North-South,10,31.39,1,0.008,0
999,Static_120s_Fixed,North-South,9,27.22,1,0.0072,0
1000,Static_120s_Fixed,North-South,7,23.55,4,0.0056,0
1001,Static_120s_Fixed,North-South,4,10.88,3,0.0032,0
1002,Static_120s_Fixed,North-South,7,23.44,4,0.0056,0
1003,Static_120s_Fixed,North-South,7,17.79,3,0.0056,0
1004,Static_120s_Fixed,North-South,5,13.17,2,0.004,0
1005,Static_120s_Fixed,North-South,4,9.66,3,0.0032,0
1006,Static_120s_Fixed,North-South,14,41.45,2,0.0112,0
1007,Static_120s_Fixed,North-South,1,5,4,0.0008,0
1008,Static_120s_Fixed,North-South,5,12.74,3,0.004,0
1009,Static_120s_Fixed,North-South,8,23.96,0,0.0064,0
1010,Static_120s_Fixed,North-South,5,12.36,1,0.004,0
1011,Static_120s_Fixed,North-South,9,28.87,0,0.0072,0
1012,Static_120s_Fixed,North-South,5,17.51,2,0.004,0
1013,Static_120s_Fixed,North-South,7,22.25,0,0.0056,0
1014,Static_120s_Fixed,North-South,5,15.02,1,0.004,0
1015,Static_120s_Fixed,North-South,5,13.29,1,0.004,0
1016,Static_120s_Fixed,North-South,5,17.28,2,0.004,0
1017,Static_120s_Fixed,North-South,7,23.46,2,0.0056,0
1018,Static_120s_Fixed,North-South,1,6.24,2,0.0008,0
1019,Static_120s_Fixed,North-South,7,22.27,3,0.0056,0
1020,Static_120s_Fixed,North-South,9,27.61,0,0.0072,0
1021,Static_120s_Fixed,North-South,8,21.4,3,0.0064,0
1022,Static_120s_Fixed,North-South,4,14.53,0,0.0032,0
1023,Static_120s_Fixed,North-South,7,17.95,2,0.0056,0
1024,Static_120s_Fixed,North-South,7,19.46,2,0.0056,0
1025,Static_120s_Fixed,North-South,7,18.18,4,0.0056,0
1026,Static_120s_Fixed,North-South,6,18.19,2,0.0048,0
1027,Static_120s_Fixed,North-South,3,8.81,4,0.0024,0
1028,Static_120s_Fixed,North-South,10,30.57,0,0.008,0
1029,Static_120s_Fixed,North-South,0,5,2,0,0
1030,Static_120s_Fixed,North-South,10,27.78,3,0.008,0
1031,Static_120s_Fixed,North-South,8,25.91,3,0.0064,0
1032,Static_120s_Fixed,North-South,9,27.92,1,0.0072,0
1033,Static_120s_Fixed,North-South,4,13.94,1,0.0032,0
1034,Static_120s_Fixed,North-South,1,5,1,0.0008,0
1035,Static_120s_Fixed,North-South,7,23.5,3,0.0056,0
1036,Static_120s_Fixed,North-South,6,19.14,3,0.0048,0
1037,Static_120s_Fixed,North-South,15,43.54,2,0.012,0
1038,Static_120s_Fixed,North-South,9,26.72,2,0.0072,0
1039,Static_120s_Fixed,North-South,2,7.22,0,0.0016,0
1040,Static_120s_Fixed,North-South,8,23.33,2,0.0064,0
1041,Static_120s_Fixed,North-South,8,26.16,1,0.0064,0
1042,Static_120s_Fixed,North-South,10,28.08,1,0.008,0
1043,Static_120s_Fixed,North-South,8,24.07,2,0.0064,0
1044,Static_120s_Fixed,North-South,16,47.77,1,0.0128,0
1045,Static_120s_Fixed,North-South,5,16.68,3,0.004,0
1046,Static_120s_Fixed,North-South,6,16.25,4,0.0048,0
1047,Static_120s_Fixed,North-South,13,38.65,3,0.0104,0
1048,Static_120s_Fixed,North-South,14,37.25,0,0.0112,0
1049,Static_120s_Fixed,North-South,13,35.18,1,0.0104,0
1050,Static_120s_Fixed,North-South,7,21.2,3,0.0056,0
1051,Static_120s_Fixed,North-South,6,15.22,2,0.0048,0
1052,Static_120s_Fixed,North-South,11,31.83,1,0.0088,0
1053,Static_120s_Fixed,North-South,17,48.09,4,0.0136,0
1054,Static_120s_Fixed,North-South,4,11.12,4,0.0032,0
1055,Static_120s_Fixed,North-South,1,5,2,0.0008,0
1056,Static_120s_Fixed,North-South,7,21.41,3,0.0056,0
1057,Static_120s_Fixed,North-South,11,28.84,4,0.0088,0
1058,Static_120s_Fixed,North-South,1,5,0,0.0008,0
1059,Static_120s_Fixed,North-South,16,44.48,0,0.0128,0
1060,Static_120s_Fixed,North-South,12,31.9,3,0.0096,0
1061,Static_120s_Fixed,North-South,6,17.19,1,0.0048,0
1062,Static_120s_Fixed,North-South,14,40.41,0,0.0112,0
1063,Static_120s_Fixed,North-South,6,15.02,4,0.0048,0
1064,Static_120s_Fixed,North-South,8,21.33,3,0.0064,0
1065,Static_120s_Fixed,North-South,12,34.63,2,0.0096,0
1066,Static_120s_Fixed,North-South,11,34.31,2,0.0088,0
1067,Static_120s_Fixed,North-South,16,44.56,0,0.0128,0
1068,Static_120s_Fixed,North-South,10,30.72,0,0.008,0
1069,Static_120s_Fixed,North-South,15,45.32,0,0.012,0
1070,Static_120s_Fixed,North-South,15,41.7,1,0.012,0
1071,Static_120s_Fixed,North-South,5,12.67,0,0.004,0
1072,Static_120s_Fixed,North-South,12,33.07,0,0.0096,0
1073,Static_120s_Fixed,North-South,13,34.9,1,0.0104,0
1074,Static_120s_Fixed,North-South,11,30.74,2,0.0088,0
1075,Static_120s_Fixed,North-South,8,25.83,4,0.0064,0
1076,Static_120s_Fixed,North-South,8,20.59,4,0.0064,0
1077,Static_120s_Fixed,North-South,9,23.61,0,0.0072,0
1078,Static_120s_Fixed,North-South,6,18.32,4,0.0048,0
1079,Static_120s_Fixed,North-South,8,24.11,3,0.0064,0
1080,Static_120s_Fixed,East-West,11,30.2,0,0.0088,0
1081,Static_120s_Fixed,East-West,10,27.8,1,0.008,0
1082,Static_120s_Fixed,East-West,11,31.29,2,0.0088,0
1083,Static_120s_Fixed,East-West,10,26.44,3,0.008,0
1084,Static_120s_Fixed,East-West,7,19.78,2,0.0056,0
1085,Static_120s_Fixed,East-West,13,38.29,3,0.0104,0
1086,Static_120s_Fixed,East-West,9,26.46,1,0.0072,0
1087,Static_120s_Fixed,East-West,9,27.44,3,0.0072,0
1088,Static_120s_Fixed,East-West,13,37.09,0,0.0104,0
1089,Static_120s_Fixed,East-West,10,26.73,1,0.008,0
1090,Static_120s_Fixed,East-West,7,21.69,4,0.0056,0
1091,Static_120s_Fixed,East-West,8,24.45,1,0.0064,0
1092,Static_120s_Fixed,East-West,10,30.61,1,0.008,0
1093,Static_120s_Fixed,East-West,8,23.51,0,0.0064,0
1094,Static_120s_Fixed,East-West,13,37.02,2,0.0104,0
1095,Static_120s_Fixed,East-West,8,25.44,1,0.0064,0
1096,Static_120s_Fixed,East-West,12,32.87,4,0.0096,0
1097,Static_120s_Fixed,East-West,11,29.52,4,0.0088,0
1098,Static_120s_Fixed,East-West,9,28.44,2,0.0072,0
1099,Static_120s_Fixed,East-West,8,23.72,0,0.0064,0
1100,Static_120s_Fixed,East-West,9,25.03,1,0.0072,0
1101,Static_120s_Fixed,East-West,5,16.39,1,0.004,0
1102,Static_120s_Fixed,East-West,11,33.82,4,0.0088,0
1103,Static_120s_Fixed,East-West,10,26.67,3,0.008,0
1104,Static_120s_Fixed,East-West,5,16.81,1,0.004,0
1105,Static_120s_Fixed,East-West,16,45.38,4,0.0128,0
1106,Static_120s_Fixed,East-West,13,37.91,2,0.0104,0
1107,Static_120s_Fixed,East-West,13,35.18,4,0.0104,0
1108,Static_120s_Fixed,East-West,7,21.59,1,0.0056,0
1109,Static_120s_Fixed,East-West,11,32.9,2,0.0088,0
1110,Static_120s_Fixed,East-West,16,48.23,1,0.0128,0
1111,Static_120s_Fixed,East-West,11,34.56,1,0.0088,0
1112,Static_120s_Fixed,East-West,11,29.14,3,0.0088,0
1113,Static_120s_Fixed,East-West,10,29.78,0,0.008,0
1114,Static_120s_Fixed,East-West,11,33.25,3,0.0088,0
1115,Static_120s_Fixed,East-West,17,50.73,1,0.0136,0
1116,Static_120s_Fixed,East-West,11,33.05,0,0.0088,0
1117,Static_120s_Fixed,East-West,9,27.05,3,0.0072,0
1118,Static_120s_Fixed,East-West,14,40.66,3,0.0112,0
1119,Static_120s_Fixed,East-West,12,35.79,3,0.0096,0
1120,Static_120s_Fixed,East-West,14,39.78,0,0.0112,0
1121,Static_120s_Fixed,East-West,9,27.63,1,0.0072,0
1122,Static_120s_Fixed,East-West,13,39.94,0,0.0104,0
1123,Static_120s_Fixed,East-West,10,26.3,4,0.008,0
1124,Static_120s_Fixed,East-West,14,37.66,4,0.0112,0
1125,Static_120s_Fixed,East-West,11,29.93,0,0.0088,0
1126,Static_120s_Fixed,East-West,12,36.13,4,0.0096,0
1127,Static_120s_Fixed,East-West,8,25.11,0,0.0064,0
1128,Static_120s_Fixed,East-West,10,30.77,1,0.008,0
1129,Static_120s_Fixed,East-West,13,38.29,3,0.0104,0
1130,Static_120s_Fixed,East-West,12,33.78,4,0.0096,0
1131,Static_120s_Fixed,East-West,8,22.66,2,0.0064,0
1132,Static_120s_Fixed,East-West,6,16,3,0.0048,0
1133,Static_120s_Fixed,East-West,12,35.63,4,0.0096,0
1134,Static_120s_Fixed,East-West,17,51.39,4,0.0136,0
1135,Static_120s_Fixed,East-West,7,21.89,1,0.0056,0
1136,Static_120s_Fixed,East-West,13,38.92,3,0.0104,0
1137,Static_120s_Fixed,East-West,8,23.58,3,0.0064,0
1138,Static_120s_Fixed,East-West,10,29.08,4,0.008,0
1139,Static_120s_Fixed,East-West,12,37.29,4,0.0096,0
1140,Static_120s_Fixed,East-West,10,27.8,0,0.008,0
1141,Static_120s_Fixed,East-West,12,33.48,1,0.0096,0
1142,Static_120s_Fixed,East-West,9,24.3,2,0.0072,0
1143,Static_120s_Fixed,East-West,13,35.23,4,0.0104,0
1144,Static_120s_Fixed,East-West,9,24.15,1,0.0072,0
1145,Static_120s_Fixed,East-West,10,31.9,3,0.008,0
1146,Static_120s_Fixed,East-West,16,48.08,4,0.0128,0
1147,Static_120s_Fixed,East-West,10,29.49,0,0.008,0
1148,Static_120s_Fixed,East-West,13,36.23,3,0.0104,0
1149,Static_120s_Fixed,East-West,12,31.8,0,0.0096,0
1150,Static_120s_Fixed,East-West,6,19.06,4,0.0048,0
1151,Static_120s_Fixed,East-West,13,38.57,2,0.0104,0
1152,Static_120s_Fixed,East-West,5,13.56,1,0.004,0
1153,Static_120s_Fixed,East-West,14,40.07,3,0.0112,0
1154,Static_120s_Fixed,East-West,15,44.5,1,0.012,0
1155,Static_120s_Fixed,East-West,15,41.8,1,0.012,0
1156,Static_120s_Fixed,East-West,12,31.94,4,0.0096,0
1157,Static_120s_Fixed,East-West,17,50.89,4,0.0136,0
1158,Static_120s_Fixed,East-West,14,37.49,0,0.0112,0
1159,Static_120s_Fixed,East-West,14,41.84,4,0.0112,0
1160,Static_120s_Fixed,East-West,12,33.89,1,0.0096,0
1161,Static_120s_Fixed,East-West,11,31.81,3,0.0088,0
1162,Static_120s_Fixed,East-West,14,41.26,2,0.0112,0
1163,Static_120s_Fixed,East-West,11,32.07,1,0.0088,0
1164,Static_120s_Fixed,East-West,15,45.96,2,0.012,0
1165,Static_120s_Fixed,East-West,14,40.68,1,0.0112,0
1166,Static_120s_Fixed,East-West,15,43.28,0,0.012,0
1167,Static_120s_Fixed,East-West,15,45.72,4,0.012,0
1168,Static_120s_Fixed,East-West,19,53.18,4,0.0152,0
1169,Static_120s_Fixed,East-West,14,39.56,2,0.0112,0
1170,Static_120s_Fixed,East-West,14,42.26,3,0.0112,0
1171,Static_120s_Fixed,East-West,20,56.03,1,0.016,0
1172,Static_120s_Fixed,East-West,13,37.14,1,0.0104,0
1173,Static_120s_Fixed,East-West,9,26.23,2,0.0072,0
1174,Static_120s_Fixed,East-West,16,44.81,1,0.0128,0
1175,Static_120s_Fixed,East-West,12,36.9,2,0.0096,0
1176,Static_120s_Fixed,East-West,13,38.3,1,0.0104,0
1177,Static_120s_Fixed,East-West,18,54.24,2,0.0144,0
1178,Static_120s_Fixed,East-West,15,42.39,4,0.012,0
1179,Static_120s_Fixed,East-West,18,54.16,0,0.0144,0
1180,Static_120s_Fixed,East-West,14,38.09,4,0.0112,0
1181,Static_120s_Fixed,East-West,12,34,3,0.0096,0
1182,Static_120s_Fixed,East-West,13,35.55,2,0.0104,0
1183,Static_120s_Fixed,East-West,17,45.88,1,0.0136,0
1184,Static_120s_Fixed,East-West,15,45.53,4,0.012,0
1185,Static_120s_Fixed,East-West,10,31.93,1,0.008,0
1186,Static_120s_Fixed,East-West,13,39.25,1,0.0104,0
1187,Static_120s_Fixed,East-West,13,39.1,2,0.0104,0
1188,Static_120s_Fixed,East-West,13,38.96,0,0.0104,0
1189,Static_120s_Fixed,East-West,21,57.56,1,0.0168,0
1190,Static_120s_Fixed,East-West,21,59.58,1,0.0168,0
1191,Static_120s_Fixed,East-West,17,51.12,0,0.0136,0
1192,Static_120s_Fixed,East-West,15,45.26,4,0.012,0
1193,Static_120s_Fixed,East-West,16,44.33,1,0.0128,0
1194,Static_120s_Fixed,East-West,13,35.22,3,0.0104,0
1195,Static_120s_Fixed,East-West,16,44.72,4,0.0128,0
1196,Static_120s_Fixed,East-West,14,38.67,3,0.0112,0
1197,Static_120s_Fixed,East-West,11,29.8,0,0.0088,0
1198,Static_120s_Fixed,East-West,13,36.36,2,0.0104,0
1199,Static_120s_Fixed,East-West,18,49.1,3,0.0144,0
1200,Static_120s_Fixed,North-South,19,54.96,4,0.0152,0
1201,Static_120s_Fixed,North-South,15,45.53,2,0.012,0
1202,Static_120s_Fixed,North-South,12,35.81,1,0.0096,0
1203,Static_120s_Fixed,North-South,22,60.54,3,0.0176,0
1204,Static_120s_Fixed,North-South,9,26,4,0.0072,0
1205,Static_120s_Fixed,North-South,17,48.03,4,0.0136,0
1206,Static_120s_Fixed,North-South,11,30.63,3,0.0088,0
1207,Static_120s_Fixed,North-South,22,65.19,4,0.0176,0
1208,Static_120s_Fixed,North-South,16,45.56,1,0.0128,0
1209,Static_120s_Fixed,North-South,12,31.98,4,0.0096,0
1210,Static_120s_Fixed,North-South,17,47.73,4,0.0136,0
1211,Static_120s_Fixed,North-South,13,39.24,4,0.0104,0
1212,Static_120s_Fixed,North-South,11,32,0,0.0088,0
1213,Static_120s_Fixed,North-South,11,31.27,2,0.0088,0
1214,Static_120s_Fixed,North-South,20,57.5,2,0.016,0
1215,Static_120s_Fixed,North-South,19,53.6,0,0.0152,0
1216,Static_120s_Fixed,North-South,16,45.5,0,0.0128,0
1217,Static_120s_Fixed,North-South,15,41.3,1,0.012,0
1218,Static_120s_Fixed,North-South,16,44.17,0,0.0128,0
1219,Static_120s_Fixed,North-South,17,47.54,1,0.0136,0
1220,Static_120s_Fixed,North-South,13,35.14,3,0.0104,0
1221,Static_120s_Fixed,North-South,7,22.66,2,0.0056,0
1222,Static_120s_Fixed,North-South,15,45.08,2,0.012,0
1223,Static_120s_Fixed,North-South,14,40.46,0,0.0112,0
1224,Static_120s_Fixed,North-South,8,23.42,2,0.0064,0
1225,Static_120s_Fixed,North-South,16,44.31,2,0.0128,0
1226,Static_120s_Fixed,North-South,17,47.97,0,0.0136,0
1227,Static_120s_Fixed,North-South,18,50.73,1,0.0144,0
1228,Static_120s_Fixed,North-South,14,41.71,2,0.0112,0
1229,Static_120s_Fixed,North-South,13,39.63,1,0.0104,0
1230,Static_120s_Fixed,North-South,15,45.2,3,0.012,0
1231,Static_120s_Fixed,North-South,13,37.99,4,0.0104,0
1232,Static_120s_Fixed,North-South,22,62.33,0,0.0176,0
1233,Static_120s_Fixed,North-South,13,35.3,4,0.0104,0
1234,Static_120s_Fixed,North-South,15,44.42,3,0.012,0
1235,Static_120s_Fixed,North-South,15,41.73,4,0.012,0
1236,Static_120s_Fixed,North-South,13,35.16,4,0.0104,0
1237,Static_120s_Fixed,North-South,17,45.62,2,0.0136,0
1238,Static_120s_Fixed,North-South,15,42.96,1,0.012,0
1239,Static_120s_Fixed,North-South,16,46.04,0,0.0128,0
1240,Static_120s_Fixed,North-South,15,42.91,3,0.012,0
1241,Static_120s_Fixed,North-South,17,47.22,4,0.0136,0
1242,Static_120s_Fixed,North-South,11,32.34,2,0.0088,0
1243,Static_120s_Fixed,North-South,19,51.84,1,0.0152,0
1244,Static_120s_Fixed,North-South,17,46.53,4,0.0136,0
1245,Static_120s_Fixed,North-South,16,46.35,2,0.0128,0
1246,Static_120s_Fixed,North-South,16,45.73,0,0.0128,0
1247,Static_120s_Fixed,North-South,17,49.15,3,0.0136,0
1248,Static_120s_Fixed,North-South,14,40.13,1,0.0112,0
1249,Static_120s_Fixed,North-South,21,59.65,4,0.0168,0
1250,Static_120s_Fixed,North-South,14,42.12,4,0.0112,0
1251,Static_120s_Fixed,North-South,15,44.51,2,0.012,0
1252,Static_120s_Fixed,North-South,16,47.15,0,0.0128,0
1253,Static_120s_Fixed,North-South,15,45.15,3,0.012,0
1254,Static_120s_Fixed,North-South,21,61.16,1,0.0168,0
1255,Static_120s_Fixed,North-South,16,46.48,1,0.0128,0
1256,Static_120s_Fixed,North-South,15,43.89,0,0.012,0
1257,Static_120s_Fixed,North-South,19,54.36,4,0.0152,0
1258,Static_120s_Fixed,North-South,19,56.53,2,0.0152,0
1259,Static_120s_Fixed,North-South,20,58.12,1,0.016,0
1260,Static_120s_Fixed,North-South,14,42.22,0,0.0112,0
1261,Static_120s_Fixed,North-South,19,54.07,2,0.0152,0
1262,Static_120s_Fixed,North-South,22,61.59,4,0.0176,0
1263,Static_120s_Fixed,North-South,20,57.91,3,0.016,0
1264,Static_120s_Fixed,North-South,20,57.63,0,0.016,0
1265,Static_120s_Fixed,North-South,18,50.11,4,0.0144,0
1266,Static_120s_Fixed,North-South,17,46.21,0,0.0136,0
1267,Static_120s_Fixed,North-South,17,48.19,4,0.0136,0
1268,Static_120s_Fixed,North-South,13,37.04,2,0.0104,0
1269,Static_120s_Fixed,North-South,19,56.27,2,0.0152,0
1270,Static_120s_Fixed,North-South,13,34.44,0,0.0104,0
1271,Static_120s_Fixed,North-South,17,47.24,4,0.0136,0
1272,Static_120s_Fixed,North-South,21,57.34,2,0.0168,0
1273,Static_120s_Fixed,North-South,14,41.39,2,0.0112,0
1274,Static_120s_Fixed,North-South,17,46.69,1,0.0136,0
1275,Static_120s_Fixed,North-South,14,42.92,2,0.0112,0
1276,Static_120s_Fixed,North-South,20,55.35,1,0.016,0
1277,Static_120s_Fixed,North-South,19,54.99,4,0.0152,0
1278,Static_120s_Fixed,North-South,21,56.96,4,0.0168,0
1279,Static_120s_Fixed,North-South,21,60.2,1,0.0168,0
1280,Static_120s_Fixed,North-South,18,49.44,4,0.0144,0
1281,Static_120s_Fixed,North-South,15,45.34,3,0.012,0
1282,Static_120s_Fixed,North-South,20,56.18,2,0.016,0
1283,Static_120s_Fixed,North-South,17,45.63,1,0.0136,0
1284,Static_120s_Fixed,North-South,24,69.25,0,0.0192,0
1285,Static_120s_Fixed,North-South,20,57.33,1,0.016,0
1286,Static_120s_Fixed,North-South,10,28.98,0,0.008,0
1287,Static_120s_Fixed,North-South,19,56.47,1,0.0152,0
1288,Static_120s_Fixed,North-South,21,60.24,3,0.0168,0
1289,Static_120s_Fixed,North-South,14,41.42,4,0.0112,0
1290,Static_120s_Fixed,North-South,16,46.63,0,0.0128,0
1291,Static_120s_Fixed,North-South,15,43.51,1,0.012,0
1292,Static_120s_Fixed,North-South,20,54.8,2,0.016,0
1293,Static_120s_Fixed,North-South,13,39.02,1,0.0104,0
1294,Static_120s_Fixed,North-South,19,52.92,4,0.0152,0
1295,Static_120s_Fixed,North-South,23,63.36,1,0.0184,0
1296,Static_120s_Fixed,North-South,20,56.9,1,0.016,0
1297,Static_120s_Fixed,North-South,16,43.15,1,0.0128,0
1298,Static_120s_Fixed,North-South,18,53.51,2,0.0144,0
1299,Static_120s_Fixed,North-South,15,44.09,4,0.012,0
1300,Static_120s_Fixed,North-South,20,55.4,3,0.016,0
1301,Static_120s_Fixed,North-South,19,52.23,2,0.0152,0
1302,Static_120s_Fixed,North-South,17,51.2,4,0.0136,0
1303,Static_120s_Fixed,North-South,17,50.44,4,0.0136,0
1304,Static_120s_Fixed,North-South,17,51.36,0,0.0136,0
1305,Static_120s_Fixed,North-South,17,47.21,2,0.0136,0
1306,Static_120s_Fixed,North-South,21,61.4,0,0.0168,0
1307,Static_120s_Fixed,North-South,25,72.24,0,0.02,0
1308,Static_120s_Fixed,North-South,16,42.9,3,0.0128,0
1309,Static_120s_Fixed,North-South,20,57.31,3,0.016,0
1310,Static_120s_Fixed,North-South,18,53.9,3,0.0144,0
1311,Static_120s_Fixed,North-South,16,43.86,2,0.0128,0
1312,Static_120s_Fixed,North-South,21,59.16,0,0.0168,0
1313,Static_120s_Fixed,North-South,17,47.32,0,0.0136,0
1314,Static_120s_Fixed,North-South,18,49.93,4,0.0144,0
1315,Static_120s_Fixed,North-South,21,59.26,2,0.0168,0
1316,Static_120s_Fixed,North-South,23,64.12,2,0.0184,0
1317,Static_120s_Fixed,North-South,17,49.77,4,0.0136,0
1318,Static_120s_Fixed,North-South,18,51.07,4,0.0144,0
1319,Static_120s_Fixed,North-South,15,40.85,0,0.012,0
1320,Static_120s_Fixed,East-West,14,38.04,0,0.0112,0
1321,Static_120s_Fixed,East-West,16,42.89,4,0.0128,0
1322,Static_120s_Fixed,East-West,13,35.76,2,0.0104,0
1323,Static_120s_Fixed,East-West,21,59.79,1,0.0168,0
1324,Static_120s_Fixed,East-West,21,59.46,0,0.0168,0
1325,Static_120s_Fixed,East-West,13,34.85,2,0.0104,0
1326,Static_120s_Fixed,East-West,12,32.46,2,0.0096,0
1327,Static_120s_Fixed,East-West,16,45.51,3,0.0128,0
1328,Static_120s_Fixed,East-West,20,56.81,3,0.016,0
1329,Static_120s_Fixed,East-West,18,51.07,4,0.0144,0
1330,Static_120s_Fixed,East-West,18,49.21,2,0.0144,0
1331,Static_120s_Fixed,East-West,24,65.45,1,0.0192,0
1332,Static_120s_Fixed,East-West,20,59.81,0,0.016,0
1333,Static_120s_Fixed,East-West,17,47.86,3,0.0136,0
1334,Static_120s_Fixed,East-West,17,49.51,2,0.0136,0
1335,Static_120s_Fixed,East-West,23,66.25,0,0.0184,0
1336,Static_120s_Fixed,East-West,19,53.99,2,0.0152,0
1337,Static_120s_Fixed,East-West,19,51.77,3,0.0152,0
1338,Static_120s_Fixed,East-West,23,64.68,3,0.0184,0
1339,Static_120s_Fixed,East-West,21,58.75,0,0.0168,0
1340,Static_120s_Fixed,East-West,17,46.75,4,0.0136,0
1341,Static_120s_Fixed,East-West,12,33.65,1,0.0096,0
1342,Static_120s_Fixed,East-West,25,69.06,3,0.02,0
1343,Static_120s_Fixed,East-West,22,60.34,0,0.0176,0
1344,Static_120s_Fixed,East-West,13,38.48,2,0.0104,0
1345,Static_120s_Fixed,East-West,25,71.7,0,0.02,0
1346,Static_120s_Fixed,East-West,17,46.56,1,0.0136,0
1347,Static_120s_Fixed,East-West,16,43.9,2,0.0128,0
1348,Static_120s_Fixed,East-West,16,44.84,3,0.0128,0
1349,Static_120s_Fixed,East-West,15,43.92,0,0.012,0
1350,Static_120s_Fixed,East-West,17,46.62,4,0.0136,0
1351,Static_120s_Fixed,East-West,19,52.48,0,0.0152,0
1352,Static_120s_Fixed,East-West,18,51.37,4,0.0144,0
1353,Static_120s_Fixed,East-West,25,70.13,4,0.02,0
1354,Static_120s_Fixed,East-West,20,54.61,2,0.016,0
1355,Static_120s_Fixed,East-West,19,51.66,0,0.0152,0
1356,Static_120s_Fixed,East-West,15,41.17,3,0.012,0
1357,Static_120s_Fixed,East-West,14,38.76,3,0.0112,0
1358,Static_120s_Fixed,East-West,16,45.2,4,0.0128,0
1359,Static_120s_Fixed,East-West,20,57.9,1,0.016,0
1360,Static_120s_Fixed,East-West,19,56.82,2,0.0152,0
1361,Static_120s_Fixed,East-West,21,58.95,0,0.0168,0
1362,Static_120s_Fixed,East-West,22,64.6,3,0.0176,0
1363,Static_120s_Fixed,East-West,21,60.97,1,0.0168,0
1364,Static_120s_Fixed,East-West,18,53.21,1,0.0144,0
1365,Static_120s_Fixed,East-West,17,51.02,4,0.0136,0
1366,Static_120s_Fixed,East-West,15,42.73,2,0.012,0
1367,Static_120s_Fixed,East-West,22,65.23,0,0.0176,0
1368,Static_120s_Fixed,East-West,20,58.6,0,0.016,0
1369,Static_120s_Fixed,East-West,25,73.77,0,0.02,0
1370,Static_120s_Fixed,East-West,20,59.42,2,0.016,0
1371,Static_120s_Fixed,East-West,22,62.77,2,0.0176,0
1372,Static_120s_Fixed,East-West,15,45.5,1,0.012,0
1373,Static_120s_Fixed,East-West,22,63.48,1,0.0176,0
1374,Static_120s_Fixed,East-West,17,48.14,1,0.0136,0
1375,Static_120s_Fixed,East-West,17,49.58,4,0.0136,0
1376,Static_120s_Fixed,East-West,19,56.83,3,0.0152,0
1377,Static_120s_Fixed,East-West,16,45.71,2,0.0128,0
1378,Static_120s_Fixed,East-West,17,50.99,4,0.0136,0
1379,Static_120s_Fixed,East-West,23,66.67,0,0.0184,0
1380,Static_120s_Fixed,East-West,28,78.07,2,0.0224,0
1381,Static_120s_Fixed,East-West,23,66.83,3,0.0184,0
1382,Static_120s_Fixed,East-West,17,50.09,4,0.0136,0
1383,Static_120s_Fixed,East-West,18,53.8,1,0.0144,0
1384,Static_120s_Fixed,East-West,20,56.95,0,0.016,0
1385,Static_120s_Fixed,East-West,19,54.8,2,0.0152,0
1386,Static_120s_Fixed,East-West,22,65.02,2,0.0176,0
1387,Static_120s_Fixed,East-West,15,44.6,0,0.012,0
1388,Static_120s_Fixed,East-West,22,62.27,4,0.0176,0
1389,Static_120s_Fixed,East-West,23,65.1,4,0.0184,0
1390,Static_120s_Fixed,East-West,22,63.73,1,0.0176,0
1391,Static_120s_Fixed,East-West,11,34.51,1,0.0088,0
1392,Static_120s_Fixed,East-West,14,39.51,2,0.0112,0
1393,Static_120s_Fixed,East-West,25,70.89,0,0.02,0
1394,Static_120s_Fixed,East-West,19,53.35,1,0.0152,0
1395,Static_120s_Fixed,East-West,18,50.57,3,0.0144,0
1396,Static_120s_Fixed,East-West,19,51.33,4,0.0152,0
1397,Static_120s_Fixed,East-West,21,58.46,0,0.0168,0
1398,Static_120s_Fixed,East-West,30,82.19,3,0.024,0
1399,Static_120s_Fixed,East-West,18,49.53,2,0.0144,0
1400,Static_120s_Fixed,East-West,17,47.49,4,0.0136,0
1401,Static_120s_Fixed,East-West,23,63.11,0,0.0184,0
1402,Static_120s_Fixed,East-West,15,43.75,3,0.012,0
1403,Static_120s_Fixed,East-West,14,42.94,0,0.0112,0
1404,Static_120s_Fixed,East-West,20,57.14,2,0.016,0
1405,Static_120s_Fixed,East-West,18,50.56,4,0.0144,0
1406,Static_120s_Fixed,East-West,18,51.99,2,0.0144,0
1407,Static_120s_Fixed,East-West,23,67.02,1,0.0184,0
1408,Static_120s_Fixed,East-West,21,59.66,3,0.0168,0
1409,Static_120s_Fixed,East-West,20,56.83,4,0.016,0
1410,Static_120s_Fixed,East-West,27,75.19,0,0.0216,0
1411,Static_120s_Fixed,East-West,20,55.57,0,0.016,0
1412,Static_120s_Fixed,East-West,23,63.26,3,0.0184,0
1413,Static_120s_Fixed,East-West,25,72.43,0,0.02,0
1414,Static_120s_Fixed,East-West,21,57.44,3,0.0168,0
1415,Static_120s_Fixed,East-West,20,55.87,0,0.016,0
1416,Static_120s_Fixed,East-West,18,48.47,0,0.0144,0
1417,Static_120s_Fixed,East-West,18,51.44,2,0.0144,0
1418,Static_120s_Fixed,East-West,17,48.45,3,0.0136,0
1419,Static_120s_Fixed,East-West,21,61.03,1,0.0168,0
1420,Static_120s_Fixed,East-West,20,55.35,4,0.016,0
1421,Static_120s_Fixed,East-West,22,63.24,2,0.0176,0
1422,Static_120s_Fixed,East-West,21,57.29,2,0.0168,0
1423,Static_120s_Fixed,East-West,23,63.04,4,0.0184,0
1424,Static_120s_Fixed,East-West,20,59.08,2,0.016,0
1425,Static_120s_Fixed,East-West,19,56.85,3,0.0152,0
1426,Static_120s_Fixed,East-West,23,64.28,0,0.0184,0
1427,Static_120s_Fixed,East-West,17,49.45,3,0.0136,0
1428,Static_120s_Fixed,East-West,21,61.07,1,0.0168,0
1429,Static_120s_Fixed,East-West,21,61.77,4,0.0168,0
1430,Static_120s_Fixed,East-West,22,62.77,0,0.0176,0
1431,Static_120s_Fixed,East-West,20,57.64,3,0.016,0
1432,Static_120s_Fixed,East-West,20,59.25,4,0.016,0
1433,Static_120s_Fixed,East-West,22,61.03,1,0.0176,0
1434,Static_120s_Fixed,East-West,22,61.63,1,0.0176,0
1435,Static_120s_Fixed,East-West,22,63.49,0,0.0176,0
1436,Static_120s_Fixed,East-West,23,62.75,4,0.0184,0
1437,Static_120s_Fixed,East-West,14,42.15,0,0.0112,0
1438,Static_120s_Fixed,East-West,22,61.9,3,0.0176,0
1439,Static_120s_Fixed,East-West,23,65.25,4,0.0184,0
1440,Static_120s_Fixed,North-South,24,70.48,0,0.0192,0
1441,Static_120s_Fixed,North-South,16,48.73,4,0.0128,0
1442,Static_120s_Fixed,North-South,18,50.76,4,0.0144,0
1443,Static_120s_Fixed,North-South,24,68.54,0,0.0192,0
1444,Static_120s_Fixed,North-South,21,59.29,0,0.0168,0
1445,Static_120s_Fixed,North-South,21,57.06,0,0.0168,0
1446,Static_120s_Fixed,North-South,20,58.02,0,0.016,0
1447,Static_120s_Fixed,North-South,23,62.75,4,0.0184,0
1448,Static_120s_Fixed,North-South,19,52.33,0,0.0152,0
1449,Static_120s_Fixed,North-South,18,49.43,0,0.0144,0
1450,Static_120s_Fixed,North-South,22,62.57,4,0.0176,0
1451,Static_120s_Fixed,North-South,17,45.93,4,0.0136,0
1452,Static_120s_Fixed,North-South,19,52.48,0,0.0152,0
1453,Static_120s_Fixed,North-South,17,45.87,3,0.0136,0
1454,Static_120s_Fixed,North-South,17,50.15,1,0.0136,0
1455,Static_120s_Fixed,North-South,22,59.82,0,0.0176,0
1456,Static_120s_Fixed,North-South,21,59.48,4,0.0168,0
1457,Static_120s_Fixed,North-South,18,48.96,0,0.0144,0
1458,Static_120s_Fixed,North-South,16,47.52,3,0.0128,0
1459,Static_120s_Fixed,North-South,24,67.6,3,0.0192,0
1460,Static_120s_Fixed,North-South,17,50.28,4,0.0136,0
1461,Static_120s_Fixed,North-South,19,56.43,2,0.0152,0
1462,Static_120s_Fixed,North-South,17,50.14,0,0.0136,0
1463,Static_120s_Fixed,North-South,13,39.42,3,0.0104,0
1464,Static_120s_Fixed,North-South,14,39.66,2,0.0112,0
1465,Static_120s_Fixed,North-South,22,63.16,3,0.0176,0
1466,Static_120s_Fixed,North-South,26,74.21,1,0.0208,0
1467,Static_120s_Fixed,North-South,23,67.19,4,0.0184,0
1468,Static_120s_Fixed,North-South,19,53.76,0,0.0152,0
1469,Static_120s_Fixed,North-South,13,36.73,0,0.0104,0
1470,Static_120s_Fixed,North-South,20,59.47,2,0.016,0
1471,Static_120s_Fixed,North-South,13,36.2,0,0.0104,0
1472,Static_120s_Fixed,North-South,20,58.92,2,0.016,0
1473,Static_120s_Fixed,North-South,17,49.66,2,0.0136,0
1474,Static_120s_Fixed,North-South,19,57.04,0,0.0152,0
1475,Static_120s_Fixed,North-South,21,57.33,1,0.0168,0
1476,Static_120s_Fixed,North-South,20,55.02,0,0.016,0
1477,Static_120s_Fixed,North-South,22,63.55,4,0.0176,0
1478,Static_120s_Fixed,North-South,17,49.18,2,0.0136,0
1479,Static_120s_Fixed,North-South,20,55.83,2,0.016,0
1480,Static_120s_Fixed,North-South,16,48.58,3,0.0128,0
1481,Static_120s_Fixed,North-South,20,58.04,1,0.016,0
1482,Static_120s_Fixed,North-South,14,42.02,3,0.0112,0
1483,Static_120s_Fixed,North-South,15,40.94,3,0.012,0
1484,Static_120s_Fixed,North-South,20,55.37,1,0.016,0
1485,Static_120s_Fixed,North-South,13,38.04,1,0.0104,0
1486,Static_120s_Fixed,North-South,16,43.41,1,0.0128,0
1487,Static_120s_Fixed,North-South,16,44.89,0,0.0128,0
1488,Static_120s_Fixed,North-South,18,51.26,3,0.0144,0
1489,Static_120s_Fixed,North-South,16,45.87,2,0.0128,0
1490,Static_120s_Fixed,North-South,20,55.26,3,0.016,0
1491,Static_120s_Fixed,North-South,23,66.69,1,0.0184,0
1492,Static_120s_Fixed,North-South,21,60.35,4,0.0168,0
1493,Static_120s_Fixed,North-South,19,56.22,3,0.0152,0
1494,Static_120s_Fixed,North-South,21,58.61,0,0.0168,0
1495,Static_120s_Fixed,North-South,19,56.53,3,0.0152,0
1496,Static_120s_Fixed,North-South,19,54.01,2,0.0152,0
1497,Static_120s_Fixed,North-South,18,54.03,0,0.0144,0
1498,Static_120s_Fixed,North-South,15,44.26,1,0.012,0
1499,Static_120s_Fixed,North-South,20,54.69,4,0.016,0
1500,Static_120s_Fixed,North-South,17,48.88,0,0.0136,0
1501,Static_120s_Fixed,North-South,20,59.4,1,0.016,0
1502,Static_120s_Fixed,North-South,19,57.09,2,0.0152,0
1503,Static_120s_Fixed,North-South,13,38.82,2,0.0104,0
1504,Static_120s_Fixed,North-South,17,46.9,1,0.0136,0
1505,Static_120s_Fixed,North-South,14,40.27,1,0.0112,0
1506,Static_120s_Fixed,North-South,15,41.35,0,0.012,0
1507,Static_120s_Fixed,North-South,19,54.4,1,0.0152,0
1508,Static_120s_Fixed,North-South,18,48.52,4,0.0144,0
1509,Static_120s_Fixed,North-South,21,60.35,1,0.0168,0
1510,Static_120s_Fixed,North-South,13,36.95,4,0.0104,0
1511,Static_120s_Fixed,North-South,17,46.27,2,0.0136,0
1512,Static_120s_Fixed,North-South,18,52.45,4,0.0144,0
1513,Static_120s_Fixed,North-South,15,40.49,3,0.012,0
1514,Static_120s_Fixed,North-South,20,55.04,1,0.016,0
1515,Static_120s_Fixed,North-South,23,68.23,4,0.0184,0
1516,Static_120s_Fixed,North-South,18,51.84,1,0.0144,0
1517,Static_120s_Fixed,North-South,17,47.38,1,0.0136,0
1518,Static_120s_Fixed,North-South,13,36.34,1,0.0104,0
1519,Static_120s_Fixed,North-South,11,32.35,0,0.0088,0
1520,Static_120s_Fixed,North-South,17,49.35,1,0.0136,0
1521,Static_120s_Fixed,North-South,15,41.28,1,0.012,0
1522,Static_120s_Fixed,North-South,23,66.69,1,0.0184,0
1523,Static_120s_Fixed,North-South,14,41.12,4,0.0112,0
1524,Static_120s_Fixed,North-South,14,41.52,0,0.0112,0
1525,Static_120s_Fixed,North-South,18,49.11,0,0.0144,0
1526,Static_120s_Fixed,North-South,21,59.1,2,0.0168,0
1527,Static_120s_Fixed,North-South,23,65.79,3,0.0184,0
1528,Static_120s_Fixed,North-South,17,50.15,2,0.0136,0
1529,Static_120s_Fixed,North-South,15,44.18,2,0.012,0
1530,Static_120s_Fixed,North-South,22,64.27,0,0.0176,0
1531,Static_120s_Fixed,North-South,16,44.46,3,0.0128,0
1532,Static_120s_Fixed,North-South,19,52.2,3,0.0152,0
1533,Static_120s_Fixed,North-South,24,70.62,2,0.0192,0
1534,Static_120s_Fixed,North-South,19,56.28,4,0.0152,0
1535,Static_120s_Fixed,North-South,17,48.01,3,0.0136,0
1536,Static_120s_Fixed,North-South,20,55.96,4,0.016,0
1537,Static_120s_Fixed,North-South,14,38.52,4,0.0112,0
1538,Static_120s_Fixed,North-South,20,54.53,1,0.016,0
1539,Static_120s_Fixed,North-South,15,42.82,4,0.012,0
1540,Static_120s_Fixed,North-South,21,62.14,4,0.0168,0
1541,Static_120s_Fixed,North-South,16,48.08,1,0.0128,0
1542,Static_120s_Fixed,North-South,15,43.29,1,0.012,0
1543,Static_120s_Fixed,North-South,18,53.03,1,0.0144,0
1544,Static_120s_Fixed,North-South,12,32.58,1,0.0096,0
1545,Static_120s_Fixed,North-South,12,37.57,0,0.0096,0
1546,Static_120s_Fixed,North-South,18,53.75,2,0.0144,0
1547,Static_120s_Fixed,North-South,18,50.2,0,0.0144,0
1548,Static_120s_Fixed,North-South,17,50.79,0,0.0136,0
1549,Static_120s_Fixed,North-South,19,53.36,2,0.0152,0
1550,Static_120s_Fixed,North-South,23,67.57,3,0.0184,0
1551,Static_120s_Fixed,North-South,15,43.43,3,0.012,0
1552,Static_120s_Fixed,North-South,16,43.83,3,0.0128,0
1553,Static_120s_Fixed,North-South,18,54.28,2,0.0144,0
1554,Static_120s_Fixed,North-South,21,59.75,1,0.0168,0
1555,Static_120s_Fixed,North-South,17,50.87,1,0.0136,0
1556,Static_120s_Fixed,North-South,16,44.4,1,0.0128,0
1557,Static_120s_Fixed,North-South,16,42.96,4,0.0128,0
1558,Static_120s_Fixed,North-South,18,52.94,2,0.0144,0
1559,Static_120s_Fixed,North-South,20,56.29,0,0.016,0
1560,Static_120s_Fixed,East-West,18,49.63,0,0.0144,0
1561,Static_120s_Fixed,East-West,21,57.12,4,0.0168,0
1562,Static_120s_Fixed,East-West,16,46.95,4,0.0128,0
1563,Static_120s_Fixed,East-West,17,46.91,0,0.0136,0
1564,Static_120s_Fixed,East-West,19,53.26,1,0.0152,0
1565,Static_120s_Fixed,East-West,18,53.17,2,0.0144,0
1566,Static_120s_Fixed,East-West,16,45.9,1,0.0128,0
1567,Static_120s_Fixed,East-West,16,48.49,1,0.0128,0
1568,Static_120s_Fixed,East-West,16,48.09,3,0.0128,0
1569,Static_120s_Fixed,East-West,18,53.8,1,0.0144,0
1570,Static_120s_Fixed,East-West,7,21.71,3,0.0056,0
1571,Static_120s_Fixed,East-West,22,59.77,2,0.0176,0
1572,Static_120s_Fixed,East-West,18,49.4,2,0.0144,0
1573,Static_120s_Fixed,East-West,13,37.22,3,0.0104,0
1574,Static_120s_Fixed,East-West,21,58.56,1,0.0168,0
1575,Static_120s_Fixed,East-West,20,57.33,3,0.016,0
1576,Static_120s_Fixed,East-West,21,60.21,1,0.0168,0
1577,Static_120s_Fixed,East-West,14,42.9,0,0.0112,0
1578,Static_120s_Fixed,East-West,17,51.35,1,0.0136,0
1579,Static_120s_Fixed,East-West,16,47.69,4,0.0128,0
1580,Static_120s_Fixed,East-West,14,42.49,4,0.0112,0
1581,Static_120s_Fixed,East-West,20,58.33,3,0.016,0
1582,Static_120s_Fixed,East-West,16,43,1,0.0128,0
1583,Static_120s_Fixed,East-West,14,38.46,0,0.0112,0
1584,Static_120s_Fixed,East-West,14,38.7,4,0.0112,0
1585,Static_120s_Fixed,East-West,17,50.73,1,0.0136,0
1586,Static_120s_Fixed,East-West,15,42.03,0,0.012,0
1587,Static_120s_Fixed,East-West,12,35.4,3,0.0096,0
1588,Static_120s_Fixed,East-West,16,43.86,1,0.0128,0
1589,Static_120s_Fixed,East-West,15,42.23,4,0.012,0
1590,Static_120s_Fixed,East-West,16,46.29,2,0.0128,0
1591,Static_120s_Fixed,East-West,21,59.31,2,0.0168,0
1592,Static_120s_Fixed,East-West,18,49.9,1,0.0144,0
1593,Static_120s_Fixed,East-West,18,53.44,3,0.0144,0
1594,Static_120s_Fixed,East-West,20,57.6,4,0.016,0
1595,Static_120s_Fixed,East-West,17,49.47,4,0.0136,0
1596,Static_120s_Fixed,East-West,17,49.43,2,0.0136,0
1597,Static_120s_Fixed,East-West,10,30.54,3,0.008,0
1598,Static_120s_Fixed,East-West,14,38.24,4,0.0112,0
1599,Static_120s_Fixed,East-West,14,37.52,0,0.0112,0
1600,Static_120s_Fixed,East-West,17,49.59,3,0.0136,0
1601,Static_120s_Fixed,East-West,13,34.74,0,0.0104,0
1602,Static_120s_Fixed,East-West,15,42.88,2,0.012,0
1603,Static_120s_Fixed,East-West,14,37.22,1,0.0112,0
1604,Static_120s_Fixed,East-West,17,46.1,1,0.0136,0
1605,Static_120s_Fixed,East-West,13,38.82,4,0.0104,0
1606,Static_120s_Fixed,East-West,18,48.76,2,0.0144,0
1607,Static_120s_Fixed,East-West,12,36.6,1,0.0096,0
1608,Static_120s_Fixed,East-West,16,48.39,3,0.0128,0
1609,Static_120s_Fixed,East-West,13,37.79,1,0.0104,0
1610,Static_120s_Fixed,East-West,14,42.2,0,0.0112,0
1611,Static_120s_Fixed,East-West,9,24.11,2,0.0072,0
1612,Static_120s_Fixed,East-West,20,59.49,3,0.016,0
1613,Static_120s_Fixed,East-West,12,31.96,4,0.0096,0
1614,Static_120s_Fixed,East-West,15,41.56,1,0.012,0
1615,Static_120s_Fixed,East-West,21,57.72,4,0.0168,0
1616,Static_120s_Fixed,East-West,13,38.61,1,0.0104,0
1617,Static_120s_Fixed,East-West,10,29.81,4,0.008,0
1618,Static_120s_Fixed,East-West,14,37.48,2,0.0112,0
1619,Static_120s_Fixed,East-West,16,44.42,1,0.0128,0
1620,Static_120s_Fixed,East-West,19,55.48,4,0.0152,0
1621,Static_120s_Fixed,East-West,9,25.51,4,0.0072,0
1622,Static_120s_Fixed,East-West,17,51.22,3,0.0136,0
1623,Static_120s_Fixed,East-West,13,40.24,3,0.0104,0
1624,Static_120s_Fixed,East-West,14,41.11,3,0.0112,0
1625,Static_120s_Fixed,East-West,17,50.68,3,0.0136,0
1626,Static_120s_Fixed,East-West,9,23.48,1,0.0072,0
1627,Static_120s_Fixed,East-West,10,29.56,2,0.008,0
1628,Static_120s_Fixed,East-West,14,39.38,0,0.0112,0
1629,Static_120s_Fixed,East-West,15,41.67,1,0.012,0
1630,Static_120s_Fixed,East-West,17,49.14,2,0.0136,0
1631,Static_120s_Fixed,East-West,10,31.81,3,0.008,0
1632,Static_120s_Fixed,East-West,16,45.97,3,0.0128,0
1633,Static_120s_Fixed,East-West,11,29.18,1,0.0088,0
1634,Static_120s_Fixed,East-West,14,40.18,0,0.0112,0
1635,Static_120s_Fixed,East-West,12,36.5,1,0.0096,0
1636,Static_120s_Fixed,East-West,13,37.72,3,0.0104,0
1637,Static_120s_Fixed,East-West,15,42.47,0,0.012,0
1638,Static_120s_Fixed,East-West,11,34.47,3,0.0088,0
1639,Static_120s_Fixed,East-West,13,37.33,2,0.0104,0
1640,Static_120s_Fixed,East-West,14,39.37,3,0.0112,0
1641,Static_120s_Fixed,East-West,15,42.71,1,0.012,0
1642,Static_120s_Fixed,East-West,11,32.31,2,0.0088,0
1643,Static_120s_Fixed,East-West,14,37.58,4,0.0112,0
1644,Static_120s_Fixed,East-West,15,43.62,1,0.012,0
1645,Static_120s_Fixed,East-West,17,49.38,0,0.0136,0
1646,Static_120s_Fixed,East-West,13,34.71,0,0.0104,0
1647,Static_120s_Fixed,East-West,15,45.27,4,0.012,0
1648,Static_120s_Fixed,East-West,14,42.55,4,0.0112,0
1649,Static_120s_Fixed,East-West,11,34.05,2,0.0088,0
1650,Static_120s_Fixed,East-West,15,43.25,0,0.012,0
1651,Static_120s_Fixed,East-West,15,42.55,4,0.012,0
1652,Static_120s_Fixed,East-West,12,32.86,2,0.0096,0
1653,Static_120s_Fixed,East-West,20,54.63,3,0.016,0
1654,Static_120s_Fixed,East-West,9,25.45,1,0.0072,0
1655,Static_120s_Fixed,East-West,10,30.55,3,0.008,0
1656,Static_120s_Fixed,East-West,9,23.86,0,0.0072,0
1657,Static_120s_Fixed,East-West,15,44.7,2,0.012,0
1658,Static_120s_Fixed,East-West,11,29.9,3,0.0088,0
1659,Static_120s_Fixed,East-West,11,31.15,3,0.0088,0
1660,Static_120s_Fixed,East-West,8,22.45,1,0.0064,0
1661,Static_120s_Fixed,East-West,8,23.38,4,0.0064,0
1662,Static_120s_Fixed,East-West,13,35.37,3,0.0104,0
1663,Static_120s_Fixed,East-West,20,54.02,2,0.016,0
1664,Static_120s_Fixed,East-West,15,40.01,2,0.012,0
1665,Static_120s_Fixed,East-West,11,30.48,0,0.0088,0
1666,Static_120s_Fixed,East-West,7,17.72,0,0.0056,0
1667,Static_120s_Fixed,East-West,15,43.89,3,0.012,0
1668,Static_120s_Fixed,East-West,10,31.28,1,0.008,0
1669,Static_120s_Fixed,East-West,16,47.22,2,0.0128,0
1670,Static_120s_Fixed,East-West,13,40.14,4,0.0104,0
1671,Static_120s_Fixed,East-West,15,42.91,2,0.012,0
1672,Static_120s_Fixed,East-West,15,45.42,3,0.012,0
1673,Static_120s_Fixed,East-West,17,48.24,3,0.0136,0
1674,Static_120s_Fixed,East-West,9,26.93,0,0.0072,0
1675,Static_120s_Fixed,East-West,12,33.88,4,0.0096,0
1676,Static_120s_Fixed,East-West,13,38.53,2,0.0104,0
1677,Static_120s_Fixed,East-West,8,23.97,0,0.0064,0
1678,Static_120s_Fixed,East-West,9,23.73,2,0.0072,0
1679,Static_120s_Fixed,East-West,13,37.22,0,0.0104,0
1680,Static_120s_Fixed,North-South,16,46.86,1,0.0128,0
1681,Static_120s_Fixed,North-South,17,49.49,4,0.0136,0
1682,Static_120s_Fixed,North-South,11,30.81,4,0.0088,0
1683,Static_120s_Fixed,North-South,17,46.59,2,0.0136,0
1684,Static_120s_Fixed,North-South,13,36.79,3,0.0104,0
1685,Static_120s_Fixed,North-South,7,20.78,4,0.0056,0
1686,Static_120s_Fixed,North-South,10,27.84,2,0.008,0
1687,Static_120s_Fixed,North-South,11,30.55,0,0.0088,0
1688,Static_120s_Fixed,North-South,7,23.14,2,0.0056,0
1689,Static_120s_Fixed,North-South,15,41.55,1,0.012,0
1690,Static_120s_Fixed,North-South,19,55.66,2,0.0152,0
1691,Static_120s_Fixed,North-South,8,25.29,4,0.0064,0
1692,Static_120s_Fixed,North-South,10,28.17,3,0.008,0
1693,Static_120s_Fixed,North-South,8,25.48,2,0.0064,0
1694,Static_120s_Fixed,North-South,12,31.85,4,0.0096,0
1695,Static_120s_Fixed,North-South,12,33.47,3,0.0096,0
1696,Static_120s_Fixed,North-South,11,31.62,2,0.0088,0
1697,Static_120s_Fixed,North-South,5,16.9,2,0.004,0
1698,Static_120s_Fixed,North-South,13,39.22,2,0.0104,0
1699,Static_120s_Fixed,North-South,15,43.55,2,0.012,0
1700,Static_120s_Fixed,North-South,14,38.15,0,0.0112,0
1701,Static_120s_Fixed,North-South,13,39.68,2,0.0104,0
1702,Static_120s_Fixed,North-South,17,50.56,1,0.0136,0
1703,Static_120s_Fixed,North-South,10,31.63,3,0.008,0
1704,Static_120s_Fixed,North-South,12,35.23,4,0.0096,0
1705,Static_120s_Fixed,North-South,11,34.69,4,0.0088,0
1706,Static_120s_Fixed,North-South,20,54.6,4,0.016,0
1707,Static_120s_Fixed,North-South,6,19.69,4,0.0048,0
1708,Static_120s_Fixed,North-South,13,38.61,3,0.0104,0
1709,Static_120s_Fixed,North-South,9,27.57,4,0.0072,0
1710,Static_120s_Fixed,North-South,10,31.24,3,0.008,0
1711,Static_120s_Fixed,North-South,18,54.35,2,0.0144,0
1712,Static_120s_Fixed,North-South,13,35.18,1,0.0104,0
1713,Static_120s_Fixed,North-South,16,47.35,1,0.0128,0
1714,Static_120s_Fixed,North-South,7,19.37,3,0.0056,0
1715,Static_120s_Fixed,North-South,13,35.12,2,0.0104,0
1716,Static_120s_Fixed,North-South,10,29.96,4,0.008,0
1717,Static_120s_Fixed,North-South,12,32.46,0,0.0096,0
1718,Static_120s_Fixed,North-South,8,24.89,1,0.0064,0
1719,Static_120s_Fixed,North-South,12,32.4,1,0.0096,0
1720,Static_120s_Fixed,North-South,8,25.65,4,0.0064,0
1721,Static_120s_Fixed,North-South,14,39.75,4,0.0112,0
1722,Static_120s_Fixed,North-South,14,37.23,2,0.0112,0
1723,Static_120s_Fixed,North-South,11,30.99,3,0.0088,0
1724,Static_120s_Fixed,North-South,12,37.5,4,0.0096,0
1725,Static_120s_Fixed,North-South,12,34.67,1,0.0096,0
1726,Static_120s_Fixed,North-South,9,23.96,3,0.0072,0
1727,Static_120s_Fixed,North-South,10,28.32,1,0.008,0
1728,Static_120s_Fixed,North-South,12,35.73,4,0.0096,0
1729,Static_120s_Fixed,North-South,6,18.01,1,0.0048,0
1730,Static_120s_Fixed,North-South,15,40.09,1,0.012,0
1731,Static_120s_Fixed,North-South,7,23.22,2,0.0056,0
1732,Static_120s_Fixed,North-South,10,26.32,3,0.008,0
1733,Static_120s_Fixed,North-South,9,26.74,0,0.0072,0
1734,Static_120s_Fixed,North-South,10,31.2,1,0.008,0
1735,Static_120s_Fixed,North-South,9,25.46,0,0.0072,0
1736,Static_120s_Fixed,North-South,0,5,1,0,0
1737,Static_120s_Fixed,North-South,7,21.03,2,0.0056,0
1738,Static_120s_Fixed,North-South,13,40.31,0,0.0104,0
1739,Static_120s_Fixed,North-South,6,17.45,3,0.0048,0
1740,Static_120s_Fixed,North-South,12,34.27,3,0.0096,0
1741,Static_120s_Fixed,North-South,7,19.86,3,0.0056,0
1742,Static_120s_Fixed,North-South,7,22.76,0,0.0056,0
1743,Static_120s_Fixed,North-South,6,15.17,2,0.0048,0
1744,Static_120s_Fixed,North-South,11,33.02,2,0.0088,0
1745,Static_120s_Fixed,North-South,11,31.56,0,0.0088,0
1746,Static_120s_Fixed,North-South,4,14.51,3,0.0032,0
1747,Static_120s_Fixed,North-South,10,29.63,2,0.008,0
1748,Static_120s_Fixed,North-South,9,25.23,1,0.0072,0
1749,Static_120s_Fixed,North-South,11,34.42,3,0.0088,0
1750,Static_120s_Fixed,North-South,10,26.64,2,0.008,0
1751,Static_120s_Fixed,North-South,5,13.72,1,0.004,0
1752,Static_120s_Fixed,North-South,10,29.57,3,0.008,0
1753,Static_120s_Fixed,North-South,8,25.54,4,0.0064,0
1754,Static_120s_Fixed,North-South,3,11.14,2,0.0024,0
1755,Static_120s_Fixed,North-South,7,17.66,2,0.0056,0
1756,Static_120s_Fixed,North-South,5,12.53,1,0.004,0
1757,Static_120s_Fixed,North-South,13,39.02,3,0.0104,0
1758,Static_120s_Fixed,North-South,12,37.2,3,0.0096,0
1759,Static_120s_Fixed,North-South,12,31.8,2,0.0096,0
1760,Static_120s_Fixed,North-South,8,26.34,1,0.0064,0
1761,Static_120s_Fixed,North-South,9,27.38,1,0.0072,0
1762,Static_120s_Fixed,North-South,7,19.71,2,0.0056,0
1763,Static_120s_Fixed,North-South,9,23.8,4,0.0072,0
1764,Static_120s_Fixed,North-South,17,50.47,1,0.0136,0
1765,Static_120s_Fixed,North-South,5,14.67,4,0.004,0
1766,Static_120s_Fixed,North-South,7,19.78,1,0.0056,0
1767,Static_120s_Fixed,North-South,10,28.14,0,0.008,0
1768,Static_120s_Fixed,North-South,4,12.23,0,0.0032,0
1769,Static_120s_Fixed,North-South,11,33.69,0,0.0088,0
1770,Static_120s_Fixed,North-South,10,28.39,3,0.008,0
1771,Static_120s_Fixed,North-South,14,37.58,1,0.0112,0
1772,Static_120s_Fixed,North-South,9,27.08,1,0.0072,0
1773,Static_120s_Fixed,North-South,10,27.98,4,0.008,0
1774,Static_120s_Fixed,North-South,11,32.08,0,0.0088,0
1775,Static_120s_Fixed,North-South,9,26.45,1,0.0072,0
1776,Static_120s_Fixed,North-South,10,28.01,3,0.008,0
1777,Static_120s_Fixed,North-South,9,28.58,4,0.0072,0
1778,Static_120s_Fixed,North-South,10,28.84,0,0.008,0
1779,Static_120s_Fixed,North-South,11,32.6,4,0.0088,0
1780,Static_120s_Fixed,North-South,5,15.94,2,0.004,0
1781,Static_120s_Fixed,North-South,5,13.03,3,0.004,0
1782,Static_120s_Fixed,North-South,4,12.84,3,0.0032,0
1783,Static_120s_Fixed,North-South,2,7.69,4,0.0016,0
1784,Static_120s_Fixed,North-South,9,24.4,1,0.0072,0
1785,Static_120s_Fixed,North-South,9,24.79,3,0.0072,0
1786,Static_120s_Fixed,North-South,3,7.04,1,0.0024,0
1787,Static_120s_Fixed,North-South,10,26.25,2,0.008,0
1788,Static_120s_Fixed,North-South,6,19.67,0,0.0048,0
1789,Static_120s_Fixed,North-South,8,20.4,4,0.0064,0
1790,Static_120s_Fixed,North-South,8,24.86,3,0.0064,0
1791,Static_120s_Fixed,North-South,9,26.09,0,0.0072,0
1792,Static_120s_Fixed,North-South,7,22.67,3,0.0056,0
1793,Static_120s_Fixed,North-South,8,25.64,0,0.0064,0
1794,Static_120s_Fixed,North-South,11,29.36,4,0.0088,0
1795,Static_120s_Fixed,North-South,7,17.99,4,0.0056,0
1796,Static_120s_Fixed,North-South,9,23.8,2,0.0072,0
1797,Static_120s_Fixed,North-South,6,18.67,3,0.0048,0
1798,Static_120s_Fixed,North-South,3,11.27,4,0.0024,0
1799,Static_120s_Fixed,North-South,7,18.48,2,0.0056,0
1800,Static_120s_Fixed,East-West,6,20.04,0,0.0048,0
1801,Static_120s_Fixed,East-West,6,15.82,0,0.0048,0
1802,Static_120s_Fixed,East-West,7,18.1,3,0.0056,0
1803,Static_120s_Fixed,East-West,11,29.29,1,0.0088,0
1804,Static_120s_Fixed,East-West,9,28.32,1,0.0072,0
1805,Static_120s_Fixed,East-West,6,18.15,3,0.0048,0
1806,Static_120s_Fixed,East-West,8,24.12,3,0.0064,0
1807,Static_120s_Fixed,East-West,8,24.73,4,0.0064,0
1808,Static_120s_Fixed,East-West,8,22,0,0.0064,0
1809,Static_120s_Fixed,East-West,8,24.69,0,0.0064,0
1810,Static_120s_Fixed,East-West,4,13.52,1,0.0032,0
1811,Static_120s_Fixed,East-West,12,31.81,4,0.0096,0
1812,Static_120s_Fixed,East-West,6,20.78,0,0.0048,0
1813,Static_120s_Fixed,East-West,9,28.83,1,0.0072,0
1814,Static_120s_Fixed,East-West,13,36.76,4,0.0104,0
1815,Static_120s_Fixed,East-West,8,20.79,2,0.0064,0
1816,Static_120s_Fixed,East-West,6,19.03,0,0.0048,0
1817,Static_120s_Fixed,East-West,4,13.71,4,0.0032,0
1818,Static_120s_Fixed,East-West,9,29.07,3,0.0072,0
1819,Static_120s_Fixed,East-West,2,6.12,2,0.0016,0
1820,Static_120s_Fixed,East-West,7,20.06,0,0.0056,0
1821,Static_120s_Fixed,East-West,8,21.71,1,0.0064,0
1822,Static_120s_Fixed,East-West,8,21.29,0,0.0064,0
1823,Static_120s_Fixed,East-West,4,13.14,2,0.0032,0
1824,Static_120s_Fixed,East-West,3,8.94,4,0.0024,0
1825,Static_120s_Fixed,East-West,9,28.56,0,0.0072,0
1826,Static_120s_Fixed,East-West,1,5,4,0.0008,0
1827,Static_120s_Fixed,East-West,7,21.08,2,0.0056,0
1828,Static_120s_Fixed,East-West,3,7.93,4,0.0024,0
1829,Static_120s_Fixed,East-West,8,20.66,1,0.0064,0
1830,Static_120s_Fixed,East-West,3,9.04,3,0.0024,0
1831,Static_120s_Fixed,East-West,4,9.64,4,0.0032,0
1832,Static_120s_Fixed,East-West,4,10.82,2,0.0032,0
1833,Static_120s_Fixed,East-West,0,5,1,0,0
1834,Static_120s_Fixed,East-West,8,23.95,1,0.0064,0
1835,Static_120s_Fixed,East-West,7,21.17,3,0.0056,0
1836,Static_120s_Fixed,East-West,0,5,0,0,0
1837,Static_120s_Fixed,East-West,4,9.77,1,0.0032,0
1838,Static_120s_Fixed,East-West,5,13.43,3,0.004,0
1839,Static_120s_Fixed,East-West,6,16.88,1,0.0048,0
1840,Static_120s_Fixed,East-West,8,21.35,1,0.0064,0
1841,Static_120s_Fixed,East-West,3,10.21,0,0.0024,0
1842,Static_120s_Fixed,East-West,3,11.85,3,0.0024,0
1843,Static_120s_Fixed,East-West,9,27.27,3,0.0072,0
1844,Static_120s_Fixed,East-West,8,23.69,4,0.0064,0
1845,Static_120s_Fixed,East-West,8,26.2,0,0.0064,0
1846,Static_120s_Fixed,East-West,7,22.29,0,0.0056,0
1847,Static_120s_Fixed,East-West,6,18.6,2,0.0048,0
1848,Static_120s_Fixed,East-West,3,8.11,2,0.0024,0
1849,Static_120s_Fixed,East-West,3,11.65,0,0.0024,0
1850,Static_120s_Fixed,East-West,2,6.61,2,0.0016,0
1851,Static_120s_Fixed,East-West,2,5,0,0.0016,0
1852,Static_120s_Fixed,East-West,10,29.88,3,0.008,0
1853,Static_120s_Fixed,East-West,11,31.41,0,0.0088,0
1854,Static_120s_Fixed,East-West,4,13.2,0,0.0032,0
1855,Static_120s_Fixed,East-West,7,17.64,0,0.0056,0
1856,Static_120s_Fixed,East-West,4,9.59,4,0.0032,0
1857,Static_120s_Fixed,East-West,5,13.3,0,0.004,0
1858,Static_120s_Fixed,East-West,9,25.53,4,0.0072,0
1859,Static_120s_Fixed,East-West,4,13.42,1,0.0032,0
1860,Static_120s_Fixed,East-West,5,16.58,3,0.004,0
1861,Static_120s_Fixed,East-West,2,8.42,2,0.0016,0
1862,Static_120s_Fixed,East-West,6,18.75,4,0.0048,0
1863,Static_120s_Fixed,East-West,9,27.15,4,0.0072,0
1864,Static_120s_Fixed,East-West,5,16.76,3,0.004,0
1865,Static_120s_Fixed,East-West,5,17.48,4,0.004,0
1866,Static_120s_Fixed,East-West,3,10.11,4,0.0024,0
1867,Static_120s_Fixed,East-West,12,33.66,2,0.0096,0
1868,Static_120s_Fixed,East-West,4,13.23,3,0.0032,0
1869,Static_120s_Fixed,East-West,1,5,1,0.0008,0
1870,Static_120s_Fixed,East-West,9,26.38,0,0.0072,0
1871,Static_120s_Fixed,East-West,0,5,0,0,0
1872,Static_120s_Fixed,East-West,8,24.28,4,0.0064,0
1873,Static_120s_Fixed,East-West,11,30.06,0,0.0088,0
1874,Static_120s_Fixed,East-West,10,26.72,4,0.008,0
1875,Static_120s_Fixed,East-West,4,12.28,3,0.0032,0
1876,Static_120s_Fixed,East-West,10,31.68,4,0.008,0
1877,Static_120s_Fixed,East-West,3,8.26,3,0.0024,0
1878,Static_120s_Fixed,East-West,4,13.99,4,0.0032,0
1879,Static_120s_Fixed,East-West,9,28.9,3,0.0072,0
1880,Static_120s_Fixed,East-West,8,25.35,2,0.0064,0
1881,Static_120s_Fixed,East-West,6,20,1,0.0048,0
1882,Static_120s_Fixed,East-West,1,5.76,3,0.0008,0
1883,Static_120s_Fixed,East-West,6,19.62,4,0.0048,0
1884,Static_120s_Fixed,East-West,5,17.92,2,0.004,0
1885,Static_120s_Fixed,East-West,3,11.04,3,0.0024,0
1886,Static_120s_Fixed,East-West,6,19.09,4,0.0048,0
1887,Static_120s_Fixed,East-West,3,12.01,2,0.0024,0
1888,Static_120s_Fixed,East-West,4,15.16,3,0.0032,0
1889,Static_120s_Fixed,East-West,2,5,0,0.0016,0
1890,Static_120s_Fixed,East-West,1,5,3,0.0008,0
1891,Static_120s_Fixed,East-West,7,19.81,0,0.0056,0
1892,Static_120s_Fixed,East-West,7,23.46,3,0.0056,0
1893,Static_120s_Fixed,East-West,0,5,3,0,0
1894,Static_120s_Fixed,East-West,2,5.31,0,0.0016,0
1895,Static_120s_Fixed,East-West,8,22.62,0,0.0064,0
1896,Static_120s_Fixed,East-West,8,20.76,0,0.0064,0
1897,Static_120s_Fixed,East-West,5,12.15,1,0.004,0
1898,Static_120s_Fixed,East-West,8,26.11,1,0.0064,0
1899,Static_120s_Fixed,East-West,6,18.66,2,0.0048,0
1900,Static_120s_Fixed,East-West,5,14.9,0,0.004,0
1901,Static_120s_Fixed,East-West,4,14.58,0,0.0032,0
1902,Static_120s_Fixed,East-West,6,19.83,2,0.0048,0
1903,Static_120s_Fixed,East-West,2,5,4,0.0016,0
1904,Static_120s_Fixed,East-West,1,6.73,2,0.0008,0
1905,Static_120s_Fixed,East-West,3,8.44,0,0.0024,0
1906,Static_120s_Fixed,East-West,3,7.96,3,0.0024,0
1907,Static_120s_Fixed,East-West,5,17.69,4,0.004,0
1908,Static_120s_Fixed,East-West,5,15.37,1,0.004,0
1909,Static_120s_Fixed,East-West,9,26.27,1,0.0072,0
1910,Static_120s_Fixed,East-West,8,20.88,4,0.0064,0
1911,Static_120s_Fixed,East-West,1,5,3,0.0008,0
1912,Static_120s_Fixed,East-West,6,18.64,2,0.0048,0
1913,Static_120s_Fixed,East-West,6,15.36,4,0.0048,0
1914,Static_120s_Fixed,East-West,4,11.48,4,0.0032,0
1915,Static_120s_Fixed,East-West,6,19.15,2,0.0048,0
1916,Static_120s_Fixed,East-West,3,9.49,3,0.0024,0
1917,Static_120s_Fixed,East-West,0,5,3,0,0
1918,Static_120s_Fixed,East-West,8,25.78,0,0.0064,0
1919,Static_120s_Fixed,East-West,0,5,1,0,0
1920,Static_120s_Fixed,North-South,1,6.37,0,0.0008,0
1921,Static_120s_Fixed,North-South,5,12.55,4,0.004,0
1922,Static_120s_Fixed,North-South,4,14.57,0,0.0032,0
1923,Static_120s_Fixed,North-South,4,14.86,4,0.0032,0
1924,Static_120s_Fixed,North-South,9,28.12,4,0.0072,0
1925,Static_120s_Fixed,North-South,2,6.92,0,0.0016,0
1926,Static_120s_Fixed,North-South,4,12.64,0,0.0032,0
1927,Static_120s_Fixed,North-South,9,24.02,4,0.0072,0
1928,Static_120s_Fixed,North-South,0,5,1,0,0
1929,Static_120s_Fixed,North-South,0,5,2,0,0
1930,Static_120s_Fixed,North-South,6,20.19,1,0.0048,0
1931,Static_120s_Fixed,North-South,3,7.25,1,0.0024,0
1932,Static_120s_Fixed,North-South,2,5,4,0.0016,0
1933,Static_120s_Fixed,North-South,2,8.76,2,0.0016,0
1934,Static_120s_Fixed,North-South,3,10.42,1,0.0024,0
1935,Static_120s_Fixed,North-South,8,23.57,1,0.0064,0
1936,Static_120s_Fixed,North-South,4,13.86,1,0.0032,0
1937,Static_120s_Fixed,North-South,7,21.45,0,0.0056,0
1938,Static_120s_Fixed,North-South,7,17.89,1,0.0056,0
1939,Static_120s_Fixed,North-South,2,6.93,2,0.0016,0
1940,Static_120s_Fixed,North-South,2,6.48,3,0.0016,0
1941,Static_120s_Fixed,North-South,8,22.91,1,0.0064,0
1942,Static_120s_Fixed,North-South,8,25.32,4,0.0064,0
1943,Static_120s_Fixed,North-South,6,18.5,1,0.0048,0
1944,Static_120s_Fixed,North-South,9,28.17,2,0.0072,0
1945,Static_120s_Fixed,North-South,3,11.29,0,0.0024,0
1946,Static_120s_Fixed,North-South,6,16.25,2,0.0048,0
1947,Static_120s_Fixed,North-South,0,5,1,0,0
1948,Static_120s_Fixed,North-South,7,19.74,3,0.0056,0
1949,Static_120s_Fixed,North-South,0,5,3,0,0
1950,Static_120s_Fixed,North-South,9,23.53,1,0.0072,0
1951,Static_120s_Fixed,North-South,9,28.81,3,0.0072,0
1952,Static_120s_Fixed,North-South,5,14.39,4,0.004,0
1953,Static_120s_Fixed,North-South,4,11.48,0,0.0032,0
1954,Static_120s_Fixed,North-South,4,14.82,2,0.0032,0
1955,Static_120s_Fixed,North-South,3,12.37,0,0.0024,0
1956,Static_120s_Fixed,North-South,3,9.8,1,0.0024,0
1957,Static_120s_Fixed,North-South,0,5,4,0,0
1958,Static_120s_Fixed,North-South,0,5,4,0,0
1959,Static_120s_Fixed,North-South,7,22.27,2,0.0056,0
1960,Static_120s_Fixed,North-South,7,22.47,4,0.0056,0
1961,Static_120s_Fixed,North-South,6,20.75,4,0.0048,0
1962,Static_120s_Fixed,North-South,1,5.45,4,0.0008,0
1963,Static_120s_Fixed,North-South,3,10.86,3,0.0024,0
1964,Static_120s_Fixed,North-South,6,15.94,3,0.0048,0
1965,Static_120s_Fixed,North-South,5,15.35,3,0.004,0
1966,Static_120s_Fixed,North-South,9,26.83,0,0.0072,0
1967,Static_120s_Fixed,North-South,0,5,1,0,0
1968,Static_120s_Fixed,North-South,3,6.41,1,0.0024,0
1969,Static_120s_Fixed,North-South,5,15.5,2,0.004,0
1970,Static_120s_Fixed,North-South,5,12.1,0,0.004,0
1971,Static_120s_Fixed,North-South,1,5,2,0.0008,0
1972,Static_120s_Fixed,North-South,0,5,4,0,0
1973,Static_120s_Fixed,North-South,3,9.91,2,0.0024,0
1974,Static_120s_Fixed,North-South,6,20.29,3,0.0048,0
1975,Static_120s_Fixed,North-South,6,16.26,3,0.0048,0
1976,Static_120s_Fixed,North-South,3,8.84,2,0.0024,0
1977,Static_120s_Fixed,North-South,7,22.16,4,0.0056,0
1978,Static_120s_Fixed,North-South,10,29.91,3,0.008,0
1979,Static_120s_Fixed,North-South,4,12.17,0,0.0032,0
1980,Static_120s_Fixed,North-South,3,9.35,4,0.0024,0
1981,Static_120s_Fixed,North-South,4,9.97,0,0.0032,0
1982,Static_120s_Fixed,North-South,6,18.95,2,0.0048,0
1983,Static_120s_Fixed,North-South,8,22.57,0,0.0064,0
1984,Static_120s_Fixed,North-South,0,5,4,0,0
1985,Static_120s_Fixed,North-South,5,14.31,4,0.004,0
1986,Static_120s_Fixed,North-South,4,12.06,4,0.0032,0
1987,Static_120s_Fixed,North-South,2,6.48,0,0.0016,0
1988,Static_120s_Fixed,North-South,4,11.28,2,0.0032,0
1989,Static_120s_Fixed,North-South,0,5,1,0,0
1990,Static_120s_Fixed,North-South,0,5,2,0,0
1991,Static_120s_Fixed,North-South,8,20.87,1,0.0064,0
1992,Static_120s_Fixed,North-South,4,14.01,0,0.0032,0
1993,Static_120s_Fixed,North-South,0,5,0,0,0
1994,Static_120s_Fixed,North-South,3,10.98,3,0.0024,0
1995,Static_120s_Fixed,North-South,5,16.51,4,0.004,0
1996,Static_120s_Fixed,North-South,1,5,4,0.0008,0
1997,Static_120s_Fixed,North-South,4,9.24,4,0.0032,0
1998,Static_120s_Fixed,North-South,6,16.01,1,0.0048,0
1999,Static_120s_Fixed,North-South,8,23.37,2,0.0064,0
2000,Static_120s_Fixed,North-South,0,5,4,0,0
2001,Static_120s_Fixed,North-South,10,27.72,0,0.008,0
2002,Static_120s_Fixed,North-South,3,9.86,3,0.0024,0
2003,Static_120s_Fixed,North-South,5,17.87,4,0.004,0
2004,Static_120s_Fixed,North-South,8,25.25,4,0.0064,0
2005,Static_120s_Fixed,North-South,5,16.74,0,0.004,0
2006,Static_120s_Fixed,North-South,5,15.87,4,0.004,0
2007,Static_120s_Fixed,North-South,6,20.12,0,0.0048,0
2008,Static_120s_Fixed,North-South,4,11.84,4,0.0032,0
2009,Static_120s_Fixed,North-South,6,15.39,3,0.0048,0
2010,Static_120s_Fixed,North-South,5,15.68,0,0.004,0
2011,Static_120s_Fixed,North-South,1,5.24,2,0.0008,0
2012,Static_120s_Fixed,North-South,3,9.08,1,0.0024,0
2013,Static_120s_Fixed,North-South,2,6.06,1,0.0016,0
2014,Static_120s_Fixed,North-South,2,6.01,3,0.0016,0
2015,Static_120s_Fixed,North-South,0,5,4,0,0
2016,Static_120s_Fixed,North-South,6,15.46,2,0.0048,0
2017,Static_120s_Fixed,North-South,4,13.42,1,0.0032,0
2018,Static_120s_Fixed,North-South,0,5,2,0,0
2019,Static_120s_Fixed,North-South,5,13.6,3,0.004,0
2020,Static_120s_Fixed,North-South,5,14.57,2,0.004,0
2021,Static_120s_Fixed,North-South,5,14.75,1,0.004,0
2022,Static_120s_Fixed,North-South,3,9.66,2,0.0024,0
2023,Static_120s_Fixed,North-South,5,15.53,3,0.004,0
2024,Static_120s_Fixed,North-South,3,9.35,4,0.0024,0
2025,Static_120s_Fixed,North-South,2,5.92,4,0.0016,0
2026,Static_120s_Fixed,North-South,4,10.56,4,0.0032,0
2027,Static_120s_Fixed,North-South,0,5,4,0,0
2028,Static_120s_Fixed,North-South,3,10.4,0,0.0024,0
2029,Static_120s_Fixed,North-South,5,15.62,3,0.004,0
2030,Static_120s_Fixed,North-South,9,23.95,1,0.0072,0
2031,Static_120s_Fixed,North-South,3,10.93,2,0.0024,0
2032,Static_120s_Fixed,North-South,5,16.16,0,0.004,0
2033,Static_120s_Fixed,North-South,9,27.05,4,0.0072,0
2034,Static_120s_Fixed,North-South,6,20.26,2,0.0048,0
2035,Static_120s_Fixed,North-South,5,15.63,4,0.004,0
2036,Static_120s_Fixed,North-South,8,25.79,1,0.0064,0
2037,Static_120s_Fixed,North-South,0,5,3,0,0
2038,Static_120s_Fixed,North-South,4,13.95,4,0.0032,0
2039,Static_120s_Fixed,North-South,1,6.06,0,0.0008,0
2040,Static_120s_Fixed,East-West,2,6.54,0,0.0016,0
2041,Static_120s_Fixed,East-West,0,5,1,0,0
2042,Static_120s_Fixed,East-West,3,7.46,3,0.0024,0
2043,Static_120s_Fixed,East-West,4,11.7,0,0.0032,0
2044,Static_120s_Fixed,East-West,4,9.61,0,0.0032,0
2045,Static_120s_Fixed,East-West,6,16.87,1,0.0048,0
2046,Static_120s_Fixed,East-West,7,23.16,1,0.0056,0
2047,Static_120s_Fixed,East-West,8,21.05,2,0.0064,0
2048,Static_120s_Fixed,East-West,2,7.45,0,0.0016,0
2049,Static_120s_Fixed,East-West,8,23.82,3,0.0064,0
2050,Static_120s_Fixed,East-West,2,5,0,0.0016,0
2051,Static_120s_Fixed,East-West,8,20.96,3,0.0064,0
2052,Static_120s_Fixed,East-West,4,14.43,0,0.0032,0
2053,Static_120s_Fixed,East-West,5,17.79,1,0.004,0
2054,Static_120s_Fixed,East-West,9,25.32,1,0.0072,0
2055,Static_120s_Fixed,East-West,2,5,4,0.0016,0
2056,Static_120s_Fixed,East-West,0,5,1,0,0
2057,Static_120s_Fixed,East-West,8,21.17,1,0.0064,0
2058,Static_120s_Fixed,East-West,6,14.83,4,0.0048,0
2059,Static_120s_Fixed,East-West,5,15.94,3,0.004,0
2060,Static_120s_Fixed,East-West,5,15.92,3,0.004,0
2061,Static_120s_Fixed,East-West,11,30.41,4,0.0088,0
2062,Static_120s_Fixed,East-West,6,18.06,0,0.0048,0
2063,Static_120s_Fixed,East-West,4,13.38,0,0.0032,0
2064,Static_120s_Fixed,East-West,8,23.57,4,0.0064,0
2065,Static_120s_Fixed,East-West,2,8.19,4,0.0016,0
2066,Static_120s_Fixed,East-West,0,5,4,0,0
2067,Static_120s_Fixed,East-West,0,5,0,0,0
2068,Static_120s_Fixed,East-West,2,7.48,2,0.0016,0
2069,Static_120s_Fixed,East-West,2,5.49,3,0.0016,0
2070,Static_120s_Fixed,East-West,6,15.27,3,0.0048,0
2071,Static_120s_Fixed,East-West,1,6.45,2,0.0008,0
2072,Static_120s_Fixed,East-West,3,11.31,0,0.0024,0
2073,Static_120s_Fixed,East-West,1,5,3,0.0008,0
2074,Static_120s_Fixed,East-West,6,16.83,4,0.0048,0
2075,Static_120s_Fixed,East-West,8,26.16,0,0.0064,0
2076,Static_120s_Fixed,East-West,3,9.56,0,0.0024,0
2077,Static_120s_Fixed,East-West,5,13.75,1,0.004,0
2078,Static_120s_Fixed,East-West,7,18.95,3,0.0056,0
2079,Static_120s_Fixed,East-West,11,31.12,4,0.0088,0
2080,Static_120s_Fixed,East-West,4,11.5,3,0.0032,0
2081,Static_120s_Fixed,East-West,0,5,4,0,0
2082,Static_120s_Fixed,East-West,3,10.69,3,0.0024,0
2083,Static_120s_Fixed,East-West,3,8.04,0,0.0024,0
2084,Static_120s_Fixed,East-West,0,5,4,0,0
2085,Static_120s_Fixed,East-West,7,22.13,4,0.0056,0
2086,Static_120s_Fixed,East-West,3,7.46,0,0.0024,0
2087,Static_120s_Fixed,East-West,4,12.68,1,0.0032,0
2088,Static_120s_Fixed,East-West,3,12.1,2,0.0024,0
2089,Static_120s_Fixed,East-West,2,8.38,1,0.0016,0
2090,Static_120s_Fixed,East-West,7,18.88,2,0.0056,0
2091,Static_120s_Fixed,East-West,8,25.32,0,0.0064,0
2092,Static_120s_Fixed,East-West,4,11.01,1,0.0032,0
2093,Static_120s_Fixed,East-West,8,24.15,3,0.0064,0
2094,Static_120s_Fixed,East-West,2,7.73,0,0.0016,0
2095,Static_120s_Fixed,East-West,5,12.36,1,0.004,0
2096,Static_120s_Fixed,East-West,6,17.66,3,0.0048,0
2097,Static_120s_Fixed,East-West,7,20.81,3,0.0056,0
2098,Static_120s_Fixed,East-West,4,12.64,2,0.0032,0
2099,Static_120s_Fixed,East-West,9,24.95,4,0.0072,0
2100,Static_120s_Fixed,East-West,10,26.8,1,0.008,1
2101,Static_120s_Fixed,East-West,8,24.7,2,0.0064,1
2102,Static_120s_Fixed,East-West,3,8.97,1,0.0024,1
2103,Static_120s_Fixed,East-West,6,17.97,0,0.0048,1
2104,Static_120s_Fixed,East-West,8,25.26,3,0.0064,1
2105,Static_120s_Fixed,East-West,6,19.49,2,0.0048,1
2106,Static_120s_Fixed,East-West,6,18.57,4,0.0048,1
2107,Static_120s_Fixed,East-West,5,12.02,0,0.004,1
2108,Static_120s_Fixed,East-West,1,5,2,0.0008,1
2109,Static_120s_Fixed,East-West,0,5,1,0,1
2110,Static_120s_Fixed,East-West,2,5.76,3,0.0016,1
2111,Static_120s_Fixed,East-West,7,18.46,1,0.0056,1
2112,Static_120s_Fixed,East-West,6,15.64,3,0.0048,1
2113,Static_120s_Fixed,East-West,10,31.61,2,0.008,1
2114,Static_120s_Fixed,East-West,7,22.94,2,0.0056,1
2115,Static_120s_Fixed,East-West,2,5.67,2,0.0016,1
2116,Static_120s_Fixed,East-West,3,8.3,0,0.0024,1
2117,Static_120s_Fixed,East-West,8,22.97,1,0.0064,1
2118,Static_120s_Fixed,East-West,5,13,2,0.004,1
2119,Static_120s_Fixed,East-West,10,26.19,2,0.008,1
2120,Static_120s_Fixed,East-West,5,15.03,4,0.004,1
2121,Static_120s_Fixed,East-West,4,13.54,2,0.0032,1
2122,Static_120s_Fixed,East-West,12,37.25,0,0.0096,1
2123,Static_120s_Fixed,East-West,9,24.54,3,0.0072,1
2124,Static_120s_Fixed,East-West,4,12.34,2,0.0032,1
2125,Static_120s_Fixed,East-West,8,25.53,0,0.0064,1
2126,Static_120s_Fixed,East-West,10,31.37,4,0.008,1
2127,Static_120s_Fixed,East-West,8,22.36,3,0.0064,1
2128,Static_120s_Fixed,East-West,4,10.96,0,0.0032,1
2129,Static_120s_Fixed,East-West,5,14.02,3,0.004,1
2130,Static_120s_Fixed,East-West,8,22.29,2,0.0064,0
2131,Static_120s_Fixed,East-West,7,21.49,0,0.0056,0
2132,Static_120s_Fixed,East-West,11,33.78,2,0.0088,0
2133,Static_120s_Fixed,East-West,6,20.73,1,0.0048,0
2134,Static_120s_Fixed,East-West,6,18.01,3,0.0048,0
2135,Static_120s_Fixed,East-West,5,16.52,2,0.004,0
2136,Static_120s_Fixed,East-West,7,21.61,3,0.0056,0
2137,Static_120s_Fixed,East-West,6,16.38,3,0.0048,0
2138,Static_120s_Fixed,East-West,7,18.09,0,0.0056,0
2139,Static_120s_Fixed,East-West,4,13.76,0,0.0032,0
2140,Static_120s_Fixed,East-West,4,10.78,2,0.0032,0
2141,Static_120s_Fixed,East-West,2,9.15,0,0.0016,0
2142,Static_120s_Fixed,East-West,9,23.23,0,0.0072,0
2143,Static_120s_Fixed,East-West,6,17.51,1,0.0048,0
2144,Static_120s_Fixed,East-West,6,18.01,0,0.0048,0
2145,Static_120s_Fixed,East-West,5,13.34,1,0.004,0
2146,Static_120s_Fixed,East-West,10,28,0,0.008,0
2147,Static_120s_Fixed,East-West,6,15.18,1,0.0048,0
2148,Static_120s_Fixed,East-West,9,23.36,0,0.0072,0
2149,Static_120s_Fixed,East-West,10,26.74,0,0.008,0
2150,Static_120s_Fixed,East-West,12,32.42,0,0.0096,0
2151,Static_120s_Fixed,East-West,2,6.95,3,0.0016,0
2152,Static_120s_Fixed,East-West,8,26.16,2,0.0064,0
2153,Static_120s_Fixed,East-West,8,26.25,4,0.0064,0
2154,Static_120s_Fixed,East-West,10,30.06,4,0.008,0
2155,Static_120s_Fixed,East-West,1,5,4,0.0008,0
2156,Static_120s_Fixed,East-West,7,18.61,1,0.0056,0
2157,Static_120s_Fixed,East-West,12,33.14,3,0.0096,0
2158,Static_120s_Fixed,East-West,7,20.7,4,0.0056,0
2159,Static_120s_Fixed,East-West,6,19.62,0,0.0048,0
2160,Static_120s_Fixed,North-South,4,12.01,0,0.0032,0
2161,Static_120s_Fixed,North-South,5,15.29,1,0.004,0
2162,Static_120s_Fixed,North-South,6,20.35,1,0.0048,0
2163,Static_120s_Fixed,North-South,7,18.59,4,0.0056,0
2164,Static_120s_Fixed,North-South,3,7.91,2,0.0024,0
2165,Static_120s_Fixed,North-South,5,14.87,3,0.004,0
2166,Static_120s_Fixed,North-South,1,5,1,0.0008,0
2167,Static_120s_Fixed,North-South,8,24.68,2,0.0064,0
2168,Static_120s_Fixed,North-South,3,9.9,2,0.0024,0
2169,Static_120s_Fixed,North-South,3,11.25,3,0.0024,0
2170,Static_120s_Fixed,North-South,5,13.24,2,0.004,0
2171,Static_120s_Fixed,North-South,11,29.07,1,0.0088,0
2172,Static_120s_Fixed,North-South,10,28.52,3,0.008,0
2173,Static_120s_Fixed,North-South,6,16.32,4,0.0048,0
2174,Static_120s_Fixed,North-South,8,21.16,1,0.0064,0
2175,Static_120s_Fixed,North-South,9,28.19,2,0.0072,0
2176,Static_120s_Fixed,North-South,8,21.56,0,0.0064,0
2177,Static_120s_Fixed,North-South,1,5.14,3,0.0008,0
2178,Static_120s_Fixed,North-South,6,19.52,0,0.0048,0
2179,Static_120s_Fixed,North-South,10,30.92,0,0.008,0
2180,Static_120s_Fixed,North-South,5,13.98,0,0.004,0
2181,Static_120s_Fixed,North-South,7,22.7,4,0.0056,0
2182,Static_120s_Fixed,North-South,7,20.6,3,0.0056,0
2183,Static_120s_Fixed,North-South,9,24.53,1,0.0072,0
2184,Static_120s_Fixed,North-South,7,20.36,4,0.0056,0
2185,Static_120s_Fixed,North-South,4,14.97,4,0.0032,0
2186,Static_120s_Fixed,North-South,7,22.12,4,0.0056,0
2187,Static_120s_Fixed,North-South,13,36.66,4,0.0104,0
2188,Static_120s_Fixed,North-South,12,34.59,1,0.0096,0
2189,Static_120s_Fixed,North-South,9,25.18,1,0.0072,0
2190,Static_120s_Fixed,North-South,5,13.73,0,0.004,0
2191,Static_120s_Fixed,North-South,13,39.76,0,0.0104,0
2192,Static_120s_Fixed,North-South,3,12.1,2,0.0024,0
2193,Static_120s_Fixed,North-South,6,15.01,3,0.0048,0
2194,Static_120s_Fixed,North-South,10,28.36,2,0.008,0
2195,Static_120s_Fixed,North-South,7,18.56,1,0.0056,0
2196,Static_120s_Fixed,North-South,0,5,2,0,0
2197,Static_120s_Fixed,North-South,10,31.33,3,0.008,0
2198,Static_120s_Fixed,North-South,6,15.82,2,0.0048,0
2199,Static_120s_Fixed,North-South,10,30.36,2,0.008,0
2200,Static_120s_Fixed,North-South,7,18.82,4,0.0056,0
2201,Static_120s_Fixed,North-South,6,20.04,4,0.0048,0
2202,Static_120s_Fixed,North-South,14,39.56,0,0.0112,0
2203,Static_120s_Fixed,North-South,6,17.51,4,0.0048,0
2204,Static_120s_Fixed,North-South,5,14.24,3,0.004,0
2205,Static_120s_Fixed,North-South,7,20.43,4,0.0056,0
2206,Static_120s_Fixed,North-South,11,29.31,4,0.0088,0
2207,Static_120s_Fixed,North-South,12,37.26,2,0.0096,0
2208,Static_120s_Fixed,North-South,9,26.06,4,0.0072,0
2209,Static_120s_Fixed,North-South,11,34.16,1,0.0088,0
2210,Static_120s_Fixed,North-South,8,25.02,0,0.0064,0
2211,Static_120s_Fixed,North-South,7,22.23,4,0.0056,0
2212,Static_120s_Fixed,North-South,6,19.19,0,0.0048,0
2213,Static_120s_Fixed,North-South,5,12.65,4,0.004,0
2214,Static_120s_Fixed,North-South,9,25.8,0,0.0072,0
2215,Static_120s_Fixed,North-South,11,31.5,3,0.0088,0
2216,Static_120s_Fixed,North-South,13,36.69,4,0.0104,0
2217,Static_120s_Fixed,North-South,7,21.67,1,0.0056,0
2218,Static_120s_Fixed,North-South,10,30.67,0,0.008,0
2219,Static_120s_Fixed,North-South,12,36.6,4,0.0096,0
2220,Static_120s_Fixed,North-South,7,22.72,1,0.0056,0
2221,Static_120s_Fixed,North-South,8,22.08,2,0.0064,0
2222,Static_120s_Fixed,North-South,10,30.02,0,0.008,0
2223,Static_120s_Fixed,North-South,15,43.02,0,0.012,0
2224,Static_120s_Fixed,North-South,14,37.97,3,0.0112,0
2225,Static_120s_Fixed,North-South,6,20.25,0,0.0048,0
2226,Static_120s_Fixed,North-South,10,26.52,2,0.008,0
2227,Static_120s_Fixed,North-South,8,22.66,1,0.0064,0
2228,Static_120s_Fixed,North-South,13,37.49,0,0.0104,0
2229,Static_120s_Fixed,North-South,11,29.42,1,0.0088,0
2230,Static_120s_Fixed,North-South,7,20.12,0,0.0056,0
2231,Static_120s_Fixed,North-South,10,30.53,3,0.008,0
2232,Static_120s_Fixed,North-South,11,32.11,2,0.0088,0
2233,Static_120s_Fixed,North-South,10,29.26,0,0.008,0
2234,Static_120s_Fixed,North-South,10,28.43,2,0.008,0
2235,Static_120s_Fixed,North-South,15,41.99,4,0.012,0
2236,Static_120s_Fixed,North-South,12,36.14,0,0.0096,0
2237,Static_120s_Fixed,North-South,14,39.53,0,0.0112,0
2238,Static_120s_Fixed,North-South,9,29.13,2,0.0072,0
2239,Static_120s_Fixed,North-South,10,29.85,0,0.008,0
2240,Static_120s_Fixed,North-South,7,18,1,0.0056,0
2241,Static_120s_Fixed,North-South,14,42.61,0,0.0112,0
2242,Static_120s_Fixed,North-South,11,33.72,4,0.0088,0
2243,Static_120s_Fixed,North-South,8,20.98,4,0.0064,0
2244,Static_120s_Fixed,North-South,10,27.97,4,0.008,0
2245,Static_120s_Fixed,North-South,10,30.12,1,0.008,0
2246,Static_120s_Fixed,North-South,10,27.03,1,0.008,0
2247,Static_120s_Fixed,North-South,14,37.48,0,0.0112,0
2248,Static_120s_Fixed,North-South,11,32.53,4,0.0088,0
2249,Static_120s_Fixed,North-South,12,33.09,3,0.0096,0
2250,Static_120s_Fixed,North-South,8,25.2,4,0.0064,0
2251,Static_120s_Fixed,North-South,12,32.41,2,0.0096,0
2252,Static_120s_Fixed,North-South,12,34.12,3,0.0096,0
2253,Static_120s_Fixed,North-South,13,35.77,0,0.0104,0
2254,Static_120s_Fixed,North-South,13,38.62,1,0.0104,0
2255,Static_120s_Fixed,North-South,8,26.09,1,0.0064,0
2256,Static_120s_Fixed,North-South,15,43.73,1,0.012,0
2257,Static_120s_Fixed,North-South,8,24.9,0,0.0064,0
2258,Static_120s_Fixed,North-South,8,20.73,1,0.0064,0
2259,Static_120s_Fixed,North-South,11,33.22,2,0.0088,0
2260,Static_120s_Fixed,North-South,13,35.61,3,0.0104,0
2261,Static_120s_Fixed,North-South,13,39.85,4,0.0104,0
2262,Static_120s_Fixed,North-South,8,21.58,0,0.0064,0
2263,Static_120s_Fixed,North-South,14,37.73,0,0.0112,0
2264,Static_120s_Fixed,North-South,11,30.55,4,0.0088,0
2265,Static_120s_Fixed,North-South,9,27.87,1,0.0072,0
2266,Static_120s_Fixed,North-South,11,33.08,4,0.0088,0
2267,Static_120s_Fixed,North-South,12,33.9,2,0.0096,0
2268,Static_120s_Fixed,North-South,10,30.77,2,0.008,0
2269,Static_120s_Fixed,North-South,11,29.23,1,0.0088,0
2270,Static_120s_Fixed,North-South,9,26.83,0,0.0072,0
2271,Static_120s_Fixed,North-South,10,26.71,3,0.008,0
2272,Static_120s_Fixed,North-South,11,32.68,3,0.0088,0
2273,Static_120s_Fixed,North-South,18,54.22,4,0.0144,0
2274,Static_120s_Fixed,North-South,12,36.43,4,0.0096,0
2275,Static_120s_Fixed,North-South,12,35.08,1,0.0096,0
2276,Static_120s_Fixed,North-South,16,45.56,4,0.0128,0
2277,Static_120s_Fixed,North-South,14,40.31,0,0.0112,0
2278,Static_120s_Fixed,North-South,5,14.89,0,0.004,0
2279,Static_120s_Fixed,North-South,10,30.57,4,0.008,0
2280,Static_120s_Fixed,East-West,10,27.18,2,0.008,0
2281,Static_120s_Fixed,East-West,16,43.66,0,0.0128,0
2282,Static_120s_Fixed,East-West,12,34.17,3,0.0096,0
2283,Static_120s_Fixed,East-West,11,29.77,4,0.0088,0
2284,Static_120s_Fixed,East-West,9,23.68,2,0.0072,0
2285,Static_120s_Fixed,East-West,10,27.33,2,0.008,0
2286,Static_120s_Fixed,East-West,9,25.1,0,0.0072,0
2287,Static_120s_Fixed,East-West,15,43.11,4,0.012,0
2288,Static_120s_Fixed,East-West,15,42.45,3,0.012,0
2289,Static_120s_Fixed,East-West,16,47.53,4,0.0128,0
2290,Static_120s_Fixed,East-West,8,22.81,1,0.0064,0
2291,Static_120s_Fixed,East-West,18,48.86,4,0.0144,0
2292,Static_120s_Fixed,East-West,12,32.59,3,0.0096,0
2293,Static_120s_Fixed,East-West,7,19.7,0,0.0056,0
2294,Static_120s_Fixed,East-West,14,41.3,0,0.0112,0
2295,Static_120s_Fixed,East-West,13,34.96,3,0.0104,0
2296,Static_120s_Fixed,East-West,11,34.6,0,0.0088,0
2297,Static_120s_Fixed,East-West,12,34.1,3,0.0096,0
2298,Static_120s_Fixed,East-West,14,38.59,1,0.0112,0
2299,Static_120s_Fixed,East-West,12,34.93,2,0.0096,0
2300,Static_120s_Fixed,East-West,11,34.67,0,0.0088,0
2301,Static_120s_Fixed,East-West,18,51.63,4,0.0144,0
2302,Static_120s_Fixed,East-West,11,30.92,3,0.0088,0
2303,Static_120s_Fixed,East-West,16,43.59,1,0.0128,0
2304,Static_120s_Fixed,East-West,12,36.78,1,0.0096,0
2305,Static_120s_Fixed,East-West,9,25.55,4,0.0072,0
2306,Static_120s_Fixed,East-West,13,36.06,1,0.0104,0
2307,Static_120s_Fixed,East-West,13,37.79,0,0.0104,0
2308,Static_120s_Fixed,East-West,11,31.71,1,0.0088,0
2309,Static_120s_Fixed,East-West,15,43.72,4,0.012,0
2310,Static_120s_Fixed,East-West,16,48.24,2,0.0128,0
2311,Static_120s_Fixed,East-West,11,34.04,2,0.0088,0
2312,Static_120s_Fixed,East-West,10,30.06,0,0.008,0
2313,Static_120s_Fixed,East-West,14,41.73,4,0.0112,0
2314,Static_120s_Fixed,East-West,10,31.01,2,0.008,0
2315,Static_120s_Fixed,East-West,11,31.14,3,0.0088,0
2316,Static_120s_Fixed,East-West,17,50.15,2,0.0136,0
2317,Static_120s_Fixed,East-West,16,44.04,4,0.0128,0
2318,Static_120s_Fixed,East-West,10,31.44,1,0.008,0
2319,Static_120s_Fixed,East-West,8,20.8,1,0.0064,0
2320,Static_120s_Fixed,East-West,17,51.6,3,0.0136,0
2321,Static_120s_Fixed,East-West,14,37.49,1,0.0112,0
2322,Static_120s_Fixed,East-West,18,48.87,2,0.0144,0
2323,Static_120s_Fixed,East-West,19,52.25,0,0.0152,0
2324,Static_120s_Fixed,East-West,14,40.36,4,0.0112,0
2325,Static_120s_Fixed,East-West,12,31.95,4,0.0096,0
2326,Static_120s_Fixed,East-West,18,50.53,3,0.0144,0
2327,Static_120s_Fixed,East-West,17,45.92,1,0.0136,0
2328,Static_120s_Fixed,East-West,15,43.73,0,0.012,0
2329,Static_120s_Fixed,East-West,13,35.86,2,0.0104,0
2330,Static_120s_Fixed,East-West,11,28.86,3,0.0088,0
2331,Static_120s_Fixed,East-West,14,40.45,3,0.0112,0
2332,Static_120s_Fixed,East-West,13,39.81,4,0.0104,0
2333,Static_120s_Fixed,East-West,16,47.14,1,0.0128,0
2334,Static_120s_Fixed,East-West,13,38.96,4,0.0104,0
2335,Static_120s_Fixed,East-West,11,28.89,3,0.0088,0
2336,Static_120s_Fixed,East-West,16,46.14,3,0.0128,0
2337,Static_120s_Fixed,East-West,13,38.93,1,0.0104,0
2338,Static_120s_Fixed,East-West,16,44.54,2,0.0128,0
2339,Static_120s_Fixed,East-West,12,35.71,3,0.0096,0
2340,Static_120s_Fixed,East-West,15,42.08,0,0.012,0
2341,Static_120s_Fixed,East-West,19,52.08,3,0.0152,0
2342,Static_120s_Fixed,East-West,13,38.89,0,0.0104,0
2343,Static_120s_Fixed,East-West,17,47.76,2,0.0136,0
2344,Static_120s_Fixed,East-West,13,39.14,4,0.0104,0
2345,Static_120s_Fixed,East-West,15,42.89,0,0.012,0
2346,Static_120s_Fixed,East-West,16,43.88,3,0.0128,0
2347,Static_120s_Fixed,East-West,18,48.57,0,0.0144,0
2348,Static_120s_Fixed,East-West,12,37.53,2,0.0096,0
2349,Static_120s_Fixed,East-West,12,33.28,4,0.0096,0
2350,Static_120s_Fixed,East-West,18,49.83,4,0.0144,0
2351,Static_120s_Fixed,East-West,14,37.69,0,0.0112,0
2352,Static_120s_Fixed,East-West,12,36.23,1,0.0096,0
2353,Static_120s_Fixed,East-West,15,44.62,4,0.012,0
2354,Static_120s_Fixed,East-West,16,45.47,1,0.0128,0
2355,Static_120s_Fixed,East-West,14,37.74,3,0.0112,0
2356,Static_120s_Fixed,East-West,17,47.94,4,0.0136,0
2357,Static_120s_Fixed,East-West,13,39.44,3,0.0104,0
2358,Static_120s_Fixed,East-West,22,64.62,1,0.0176,0
2359,Static_120s_Fixed,East-West,15,42.02,0,0.012,0
2360,Static_120s_Fixed,East-West,15,41.63,3,0.012,0
2361,Static_120s_Fixed,East-West,14,41.08,0,0.0112,0
2362,Static_120s_Fixed,East-West,16,45.94,3,0.0128,0
2363,Static_120s_Fixed,East-West,16,46.63,0,0.0128,0
2364,Static_120s_Fixed,East-West,11,32.38,1,0.0088,0
2365,Static_120s_Fixed,East-West,12,37.44,4,0.0096,0
2366,Static_120s_Fixed,East-West,19,57.1,0,0.0152,0
2367,Static_120s_Fixed,East-West,15,44.92,4,0.012,0
2368,Static_120s_Fixed,East-West,19,55.74,0,0.0152,0
2369,Static_120s_Fixed,East-West,20,57.92,3,0.016,0
2370,Static_120s_Fixed,East-West,18,50.62,4,0.0144,0
2371,Static_120s_Fixed,East-West,12,32.98,1,0.0096,0
2372,Static_120s_Fixed,East-West,16,45.48,4,0.0128,0
2373,Static_120s_Fixed,East-West,12,32.99,4,0.0096,0
2374,Static_120s_Fixed,East-West,16,46.42,2,0.0128,0
2375,Static_120s_Fixed,East-West,13,38.65,1,0.0104,0
2376,Static_120s_Fixed,East-West,17,47.08,0,0.0136,0
2377,Static_120s_Fixed,East-West,13,36.94,3,0.0104,0
2378,Static_120s_Fixed,East-West,16,46.69,4,0.0128,0
2379,Static_120s_Fixed,East-West,17,46.84,2,0.0136,0
2380,Static_120s_Fixed,East-West,8,20.92,1,0.0064,0
2381,Static_120s_Fixed,East-West,15,41.04,2,0.012,0
2382,Static_120s_Fixed,East-West,19,56.02,0,0.0152,0
2383,Static_120s_Fixed,East-West,18,50.5,3,0.0144,0
2384,Static_120s_Fixed,East-West,16,44.84,4,0.0128,0
2385,Static_120s_Fixed,East-West,16,46.55,0,0.0128,0
2386,Static_120s_Fixed,East-West,12,31.72,0,0.0096,0
2387,Static_120s_Fixed,East-West,19,53.7,2,0.0152,0
2388,Static_120s_Fixed,East-West,14,38.66,2,0.0112,0
2389,Static_120s_Fixed,East-West,14,39.29,4,0.0112,0
2390,Static_120s_Fixed,East-West,16,44.21,0,0.0128,0
2391,Static_120s_Fixed,East-West,18,49.41,0,0.0144,0
2392,Static_120s_Fixed,East-West,15,44.97,0,0.012,0
2393,Static_120s_Fixed,East-West,16,42.83,1,0.0128,0
2394,Static_120s_Fixed,East-West,14,40.65,3,0.0112,0
2395,Static_120s_Fixed,East-West,20,57.29,1,0.016,0
2396,Static_120s_Fixed,East-West,18,50.78,1,0.0144,0
2397,Static_120s_Fixed,East-West,24,71.09,1,0.0192,0
2398,Static_120s_Fixed,East-West,18,52.47,0,0.0144,0
2399,Static_120s_Fixed,East-West,16,44.82,2,0.0128,0
2400,Static_120s_Fixed,North-South,22,63.77,0,0.0176,0
2401,Static_120s_Fixed,North-South,16,46.83,3,0.0128,0
2402,Static_120s_Fixed,North-South,20,54.24,4,0.016,0
2403,Static_120s_Fixed,North-South,13,36.66,1,0.0104,0
2404,Static_120s_Fixed,North-South,15,40.43,1,0.012,0
2405,Static_120s_Fixed,North-South,19,54.83,1,0.0152,0
2406,Static_120s_Fixed,North-South,22,64.95,3,0.0176,0
2407,Static_120s_Fixed,North-South,19,54.45,2,0.0152,0
2408,Static_120s_Fixed,North-South,15,45.57,3,0.012,0
2409,Static_120s_Fixed,North-South,13,36.13,2,0.0104,0
2410,Static_120s_Fixed,North-South,18,52.91,4,0.0144,0
2411,Static_120s_Fixed,North-South,16,47.8,1,0.0128,0
2412,Static_120s_Fixed,North-South,22,60.07,2,0.0176,0
2413,Static_120s_Fixed,North-South,17,48.72,2,0.0136,0
2414,Static_120s_Fixed,North-South,16,48.24,4,0.0128,0
2415,Static_120s_Fixed,North-South,18,50.38,0,0.0144,0
2416,Static_120s_Fixed,North-South,25,71.06,0,0.02,0
2417,Static_120s_Fixed,North-South,18,53.18,0,0.0144,0
2418,Static_120s_Fixed,North-South,15,43.61,2,0.012,0
2419,Static_120s_Fixed,North-South,16,44.99,4,0.0128,0
2420,Static_120s_Fixed,North-South,14,37.98,3,0.0112,0
2421,Static_120s_Fixed,North-South,18,51.73,4,0.0144,0
2422,Static_120s_Fixed,North-South,19,54.47,4,0.0152,0
2423,Static_120s_Fixed,North-South,19,56.33,4,0.0152,0
2424,Static_120s_Fixed,North-South,20,57.53,2,0.016,0
2425,Static_120s_Fixed,North-South,21,61.24,4,0.0168,0
2426,Static_120s_Fixed,North-South,16,44.63,2,0.0128,0
2427,Static_120s_Fixed,North-South,14,39.01,2,0.0112,0
2428,Static_120s_Fixed,North-South,19,56.84,1,0.0152,0
2429,Static_120s_Fixed,North-South,16,43.62,0,0.0128,0
2430,Static_120s_Fixed,North-South,25,73.22,3,0.02,0
2431,Static_120s_Fixed,North-South,11,34.72,2,0.0088,0
2432,Static_120s_Fixed,North-South,19,57.06,3,0.0152,0
2433,Static_120s_Fixed,North-South,16,44.11,3,0.0128,0
2434,Static_120s_Fixed,North-South,12,36.76,4,0.0096,0
2435,Static_120s_Fixed,North-South,22,64.61,2,0.0176,0
2436,Static_120s_Fixed,North-South,26,76.57,4,0.0208,0
2437,Static_120s_Fixed,North-South,22,62.59,2,0.0176,0
2438,Static_120s_Fixed,North-South,17,48.84,3,0.0136,0
2439,Static_120s_Fixed,North-South,22,59.79,4,0.0176,0
2440,Static_120s_Fixed,North-South,24,70.46,2,0.0192,0
2441,Static_120s_Fixed,North-South,19,54.37,2,0.0152,0
2442,Static_120s_Fixed,North-South,22,63.61,3,0.0176,0
2443,Static_120s_Fixed,North-South,20,55.32,3,0.016,0
2444,Static_120s_Fixed,North-South,22,62.82,3,0.0176,0
2445,Static_120s_Fixed,North-South,17,51.59,0,0.0136,0
2446,Static_120s_Fixed,North-South,20,58.29,3,0.016,0
2447,Static_120s_Fixed,North-South,19,52.22,4,0.0152,0
2448,Static_120s_Fixed,North-South,21,62.42,0,0.0168,0
2449,Static_120s_Fixed,North-South,13,34.52,4,0.0104,0
2450,Static_120s_Fixed,North-South,22,63.23,4,0.0176,0
2451,Static_120s_Fixed,North-South,12,33.45,0,0.0096,0
2452,Static_120s_Fixed,North-South,16,43.15,2,0.0128,0
2453,Static_120s_Fixed,North-South,15,44.98,1,0.012,0
2454,Static_120s_Fixed,North-South,20,55.24,2,0.016,0
2455,Static_120s_Fixed,North-South,21,60.97,0,0.0168,0
2456,Static_120s_Fixed,North-South,19,57.2,3,0.0152,0
2457,Static_120s_Fixed,North-South,15,40.86,3,0.012,0
2458,Static_120s_Fixed,North-South,17,47.69,2,0.0136,0
2459,Static_120s_Fixed,North-South,15,43.53,1,0.012,0
2460,Static_120s_Fixed,North-South,17,47.99,2,0.0136,0
2461,Static_120s_Fixed,North-South,17,48.06,4,0.0136,0
2462,Static_120s_Fixed,North-South,16,48.01,0,0.0128,0
2463,Static_120s_Fixed,North-South,16,46.17,0,0.0128,0
2464,Static_120s_Fixed,North-South,21,61.66,0,0.0168,0
2465,Static_120s_Fixed,North-South,25,71.7,1,0.02,0
2466,Static_120s_Fixed,North-South,24,70.64,4,0.0192,0
2467,Static_120s_Fixed,North-South,17,48.5,4,0.0136,0
2468,Static_120s_Fixed,North-South,19,51.94,0,0.0152,0
2469,Static_120s_Fixed,North-South,18,50.14,2,0.0144,0
2470,Static_120s_Fixed,North-South,20,54.61,3,0.016,0
2471,Static_120s_Fixed,North-South,20,59.02,1,0.016,0
2472,Static_120s_Fixed,North-South,14,39.89,1,0.0112,0
2473,Static_120s_Fixed,North-South,20,58.73,0,0.016,0
2474,Static_120s_Fixed,North-South,18,49.84,3,0.0144,0
2475,Static_120s_Fixed,North-South,17,46.39,1,0.0136,0
2476,Static_120s_Fixed,North-South,22,61.02,2,0.0176,0
2477,Static_120s_Fixed,North-South,19,52.43,4,0.0152,0
2478,Static_120s_Fixed,North-South,18,50.6,0,0.0144,0
2479,Static_120s_Fixed,North-South,26,74.68,3,0.0208,0
2480,Static_120s_Fixed,North-South,20,56.28,0,0.016,0
2481,Static_120s_Fixed,North-South,18,48.66,3,0.0144,0
2482,Static_120s_Fixed,North-South,12,31.63,1,0.0096,0
2483,Static_120s_Fixed,North-South,17,47.58,4,0.0136,0
2484,Static_120s_Fixed,North-South,19,55.51,4,0.0152,0
2485,Static_120s_Fixed,North-South,15,42.05,0,0.012,0
2486,Static_120s_Fixed,North-South,21,59.87,0,0.0168,0
2487,Static_120s_Fixed,North-South,17,51.29,3,0.0136,0
2488,Static_120s_Fixed,North-South,19,52.81,1,0.0152,0
2489,Static_120s_Fixed,North-South,10,26.75,4,0.008,0
2490,Static_120s_Fixed,North-South,20,55.05,4,0.016,0
2491,Static_120s_Fixed,North-South,18,50.79,2,0.0144,0
2492,Static_120s_Fixed,North-South,17,49.62,2,0.0136,0
2493,Static_120s_Fixed,North-South,17,45.64,2,0.0136,0
2494,Static_120s_Fixed,North-South,17,46.43,2,0.0136,0
2495,Static_120s_Fixed,North-South,19,55.67,4,0.0152,0
2496,Static_120s_Fixed,North-South,17,51.39,2,0.0136,0
2497,Static_120s_Fixed,North-South,17,51.42,2,0.0136,0
2498,Static_120s_Fixed,North-South,18,51.01,2,0.0144,0
2499,Static_120s_Fixed,North-South,19,52.15,4,0.0152,0
2500,Static_120s_Fixed,North-South,17,47.15,3,0.0136,0
2501,Static_120s_Fixed,North-South,21,60.88,2,0.0168,0
2502,Static_120s_Fixed,North-South,22,60.97,4,0.0176,0
2503,Static_120s_Fixed,North-South,18,51.54,4,0.0144,0
2504,Static_120s_Fixed,North-South,21,56.94,2,0.0168,0
2505,Static_120s_Fixed,North-South,25,70.98,1,0.02,0
2506,Static_120s_Fixed,North-South,16,47.56,3,0.0128,0
2507,Static_120s_Fixed,North-South,22,61.28,3,0.0176,0
2508,Static_120s_Fixed,North-South,20,56.23,2,0.016,0
2509,Static_120s_Fixed,North-South,15,43.47,3,0.012,0
2510,Static_120s_Fixed,North-South,19,51.63,4,0.0152,0
2511,Static_120s_Fixed,North-South,24,66.88,3,0.0192,0
2512,Static_120s_Fixed,North-South,27,75,0,0.0216,0
2513,Static_120s_Fixed,North-South,22,61.76,0,0.0176,0
2514,Static_120s_Fixed,North-South,20,55.54,0,0.016,0
2515,Static_120s_Fixed,North-South,18,49.54,1,0.0144,0
2516,Static_120s_Fixed,North-South,15,40.56,1,0.012,0
2517,Static_120s_Fixed,North-South,22,64.82,4,0.0176,0
2518,Static_120s_Fixed,North-South,23,66.91,3,0.0184,0
2519,Static_120s_Fixed,North-South,18,53.96,0,0.0144,0
2520,Static_120s_Fixed,East-West,23,63.75,3,0.0184,0
2521,Static_120s_Fixed,East-West,20,59.66,2,0.016,0
2522,Static_120s_Fixed,East-West,20,54.9,3,0.016,0
2523,Static_120s_Fixed,East-West,19,54.13,3,0.0152,0
2524,Static_120s_Fixed,East-West,25,72.45,4,0.02,0
2525,Static_120s_Fixed,East-West,18,50.48,0,0.0144,0
2526,Static_120s_Fixed,East-West,18,53.3,3,0.0144,0
2527,Static_120s_Fixed,East-West,17,45.76,3,0.0136,0
2528,Static_120s_Fixed,East-West,22,63.89,3,0.0176,0
2529,Static_120s_Fixed,East-West,21,59.74,4,0.0168,0
2530,Static_120s_Fixed,East-West,22,64.64,1,0.0176,0
2531,Static_120s_Fixed,East-West,17,51.41,3,0.0136,0
2532,Static_120s_Fixed,East-West,12,34.68,1,0.0096,0
2533,Static_120s_Fixed,East-West,17,51.28,3,0.0136,0
2534,Static_120s_Fixed,East-West,25,69.88,3,0.02,0
2535,Static_120s_Fixed,East-West,18,52.6,0,0.0144,0
2536,Static_120s_Fixed,East-West,25,68.12,1,0.02,0
2537,Static_120s_Fixed,East-West,22,64.15,4,0.0176,0
2538,Static_120s_Fixed,East-West,21,57.03,0,0.0168,0
2539,Static_120s_Fixed,East-West,16,47.66,3,0.0128,0
2540,Static_120s_Fixed,East-West,12,31.76,3,0.0096,0
2541,Static_120s_Fixed,East-West,21,61.57,3,0.0168,0
2542,Static_120s_Fixed,East-West,22,63.95,1,0.0176,0
2543,Static_120s_Fixed,East-West,20,56.27,2,0.016,0
2544,Static_120s_Fixed,East-West,17,47.85,4,0.0136,0
2545,Static_120s_Fixed,East-West,22,59.68,0,0.0176,0
2546,Static_120s_Fixed,East-West,20,58.95,3,0.016,0
2547,Static_120s_Fixed,East-West,20,59.33,1,0.016,0
2548,Static_120s_Fixed,East-West,24,66.49,3,0.0192,0
2549,Static_120s_Fixed,East-West,16,48.75,4,0.0128,0
2550,Static_120s_Fixed,East-West,19,54.98,0,0.0152,0
2551,Static_120s_Fixed,East-West,17,49.68,4,0.0136,0
2552,Static_120s_Fixed,East-West,17,48.91,1,0.0136,0
2553,Static_120s_Fixed,East-West,16,43.64,0,0.0128,0
2554,Static_120s_Fixed,East-West,16,43.74,0,0.0128,0
2555,Static_120s_Fixed,East-West,23,67.22,1,0.0184,0
2556,Static_120s_Fixed,East-West,19,56.26,3,0.0152,0
2557,Static_120s_Fixed,East-West,18,49.11,3,0.0144,0
2558,Static_120s_Fixed,East-West,18,49.65,1,0.0144,0
2559,Static_120s_Fixed,East-West,18,51.76,2,0.0144,0
2560,Static_120s_Fixed,East-West,19,51.41,2,0.0152,0
2561,Static_120s_Fixed,East-West,18,48.92,0,0.0144,0
2562,Static_120s_Fixed,East-West,21,59.84,3,0.0168,0
2563,Static_120s_Fixed,East-West,15,40.76,0,0.012,0
2564,Static_120s_Fixed,East-West,14,38.52,3,0.0112,0
2565,Static_120s_Fixed,East-West,26,73.02,0,0.0208,0
2566,Static_120s_Fixed,East-West,16,43.94,3,0.0128,0
2567,Static_120s_Fixed,East-West,16,48.24,3,0.0128,0
2568,Static_120s_Fixed,East-West,21,61.67,0,0.0168,0
2569,Static_120s_Fixed,East-West,18,50.09,4,0.0144,0
2570,Static_120s_Fixed,East-West,20,56.48,0,0.016,0
2571,Static_120s_Fixed,East-West,21,57.43,3,0.0168,0
2572,Static_120s_Fixed,East-West,15,44.92,4,0.012,0
2573,Static_120s_Fixed,East-West,21,61.05,3,0.0168,0
2574,Static_120s_Fixed,East-West,15,45.51,3,0.012,0
2575,Static_120s_Fixed,East-West,18,52.64,2,0.0144,0
2576,Static_120s_Fixed,East-West,23,62.66,3,0.0184,0
2577,Static_120s_Fixed,East-West,19,55.37,3,0.0152,0
2578,Static_120s_Fixed,East-West,20,56.38,1,0.016,0
2579,Static_120s_Fixed,East-West,23,67.42,4,0.0184,0
2580,Static_120s_Fixed,East-West,18,51.1,2,0.0144,0
2581,Static_120s_Fixed,East-West,16,46.28,0,0.0128,0
2582,Static_120s_Fixed,East-West,18,48.73,3,0.0144,0
2583,Static_120s_Fixed,East-West,21,61.07,0,0.0168,0
2584,Static_120s_Fixed,East-West,15,44.73,0,0.012,0
2585,Static_120s_Fixed,East-West,17,50.48,3,0.0136,0
2586,Static_120s_Fixed,East-West,24,65.29,4,0.0192,0
2587,Static_120s_Fixed,East-West,19,53.73,3,0.0152,0
2588,Static_120s_Fixed,East-West,19,51.83,0,0.0152,0
2589,Static_120s_Fixed,East-West,22,59.81,2,0.0176,0
2590,Static_120s_Fixed,East-West,21,61.66,2,0.0168,0
2591,Static_120s_Fixed,East-West,16,42.85,4,0.0128,0
2592,Static_120s_Fixed,East-West,16,47.37,2,0.0128,0
2593,Static_120s_Fixed,East-West,18,51.31,1,0.0144,0
2594,Static_120s_Fixed,East-West,17,48.19,2,0.0136,0
2595,Static_120s_Fixed,East-West,20,57.65,4,0.016,0
2596,Static_120s_Fixed,East-West,18,54.2,1,0.0144,0
2597,Static_120s_Fixed,East-West,19,53.92,3,0.0152,0
2598,Static_120s_Fixed,East-West,19,51.71,3,0.0152,0
2599,Static_120s_Fixed,East-West,19,54.1,2,0.0152,0
2600,Static_120s_Fixed,East-West,13,35.5,0,0.0104,0
2601,Static_120s_Fixed,East-West,21,58.62,4,0.0168,0
2602,Static_120s_Fixed,East-West,17,49.52,2,0.0136,0
2603,Static_120s_Fixed,East-West,18,53.77,1,0.0144,0
2604,Static_120s_Fixed,East-West,23,64.49,1,0.0184,0
2605,Static_120s_Fixed,East-West,20,57.49,3,0.016,0
2606,Static_120s_Fixed,East-West,20,56.42,3,0.016,0
2607,Static_120s_Fixed,East-West,22,64.21,1,0.0176,0
2608,Static_120s_Fixed,East-West,18,52.02,3,0.0144,0
2609,Static_120s_Fixed,East-West,22,61.01,2,0.0176,0
2610,Static_120s_Fixed,East-West,22,60.45,2,0.0176,0
2611,Static_120s_Fixed,East-West,20,56.81,4,0.016,0
2612,Static_120s_Fixed,East-West,16,47.33,0,0.0128,0
2613,Static_120s_Fixed,East-West,19,56.39,1,0.0152,0
2614,Static_120s_Fixed,East-West,20,55.32,4,0.016,0
2615,Static_120s_Fixed,East-West,13,36.67,1,0.0104,0
2616,Static_120s_Fixed,East-West,15,44.66,3,0.012,0
2617,Static_120s_Fixed,East-West,15,41.51,0,0.012,0
2618,Static_120s_Fixed,East-West,24,68.96,4,0.0192,0
2619,Static_120s_Fixed,East-West,22,65.42,1,0.0176,0
2620,Static_120s_Fixed,East-West,12,35.56,4,0.0096,0
2621,Static_120s_Fixed,East-West,18,48.52,2,0.0144,0
2622,Static_120s_Fixed,East-West,18,53.6,1,0.0144,0
2623,Static_120s_Fixed,East-West,17,46.19,3,0.0136,0
2624,Static_120s_Fixed,East-West,20,56.18,4,0.016,0
2625,Static_120s_Fixed,East-West,17,48.26,0,0.0136,0
2626,Static_120s_Fixed,East-West,24,68.98,0,0.0192,0
2627,Static_120s_Fixed,East-West,16,43.56,2,0.0128,0
2628,Static_120s_Fixed,East-West,20,56.41,4,0.016,0
2629,Static_120s_Fixed,East-West,19,52.27,0,0.0152,0
2630,Static_120s_Fixed,East-West,17,48.37,2,0.0136,0
2631,Static_120s_Fixed,East-West,19,51.72,4,0.0152,0
2632,Static_120s_Fixed,East-West,15,41.5,3,0.012,0
2633,Static_120s_Fixed,East-West,21,62.14,2,0.0168,0
2634,Static_120s_Fixed,East-West,13,38.4,2,0.0104,0
2635,Static_120s_Fixed,East-West,17,50.17,2,0.0136,0
2636,Static_120s_Fixed,East-West,13,37.24,4,0.0104,0
2637,Static_120s_Fixed,East-West,16,44.16,0,0.0128,0
2638,Static_120s_Fixed,East-West,21,57.33,3,0.0168,0
2639,Static_120s_Fixed,East-West,19,51.94,2,0.0152,0
2640,Static_120s_Fixed,North-South,16,46.81,2,0.0128,0
2641,Static_120s_Fixed,North-South,16,46.15,3,0.0128,0
2642,Static_120s_Fixed,North-South,17,51.08,0,0.0136,0
2643,Static_120s_Fixed,North-South,19,56.13,1,0.0152,0
2644,Static_120s_Fixed,North-South,20,59.23,3,0.016,0
2645,Static_120s_Fixed,North-South,16,43.91,0,0.0128,0
2646,Static_120s_Fixed,North-South,21,60.04,3,0.0168,0
2647,Static_120s_Fixed,North-South,18,53.77,0,0.0144,0
2648,Static_120s_Fixed,North-South,23,63.87,4,0.0184,0
2649,Static_120s_Fixed,North-South,19,52.91,3,0.0152,0
2650,Static_120s_Fixed,North-South,21,62.44,4,0.0168,0
2651,Static_120s_Fixed,North-South,18,49.22,0,0.0144,0
2652,Static_120s_Fixed,North-South,23,65.78,3,0.0184,0
2653,Static_120s_Fixed,North-South,19,55.8,0,0.0152,0
2654,Static_120s_Fixed,North-South,17,46.97,2,0.0136,0
2655,Static_120s_Fixed,North-South,16,43.57,4,0.0128,0
2656,Static_120s_Fixed,North-South,11,34.14,3,0.0088,0
2657,Static_120s_Fixed,North-South,19,52.85,2,0.0152,0
2658,Static_120s_Fixed,North-South,20,56.39,2,0.016,0
2659,Static_120s_Fixed,North-South,17,50.53,2,0.0136,0
2660,Static_120s_Fixed,North-South,17,46.88,3,0.0136,0
2661,Static_120s_Fixed,North-South,19,57.1,3,0.0152,0
2662,Static_120s_Fixed,North-South,15,42.85,1,0.012,0
2663,Static_120s_Fixed,North-South,15,41.54,3,0.012,0
2664,Static_120s_Fixed,North-South,19,51.35,0,0.0152,0
2665,Static_120s_Fixed,North-South,18,49.14,3,0.0144,0
2666,Static_120s_Fixed,North-South,22,64.61,1,0.0176,0
2667,Static_120s_Fixed,North-South,13,35.31,4,0.0104,0
2668,Static_120s_Fixed,North-South,17,49.12,0,0.0136,0
2669,Static_120s_Fixed,North-South,14,37.42,3,0.0112,0
2670,Static_120s_Fixed,North-South,17,51.18,4,0.0136,0
2671,Static_120s_Fixed,North-South,21,57.08,0,0.0168,0
2672,Static_120s_Fixed,North-South,19,52.27,1,0.0152,0
2673,Static_120s_Fixed,North-South,19,55.77,0,0.0152,0
2674,Static_120s_Fixed,North-South,17,47.6,3,0.0136,0
2675,Static_120s_Fixed,North-South,19,51.25,4,0.0152,0
2676,Static_120s_Fixed,North-South,18,54.19,3,0.0144,0
2677,Static_120s_Fixed,North-South,16,48.31,3,0.0128,0
2678,Static_120s_Fixed,North-South,19,55.77,0,0.0152,0
2679,Static_120s_Fixed,North-South,19,52.32,2,0.0152,0
2680,Static_120s_Fixed,North-South,17,45.74,0,0.0136,0
2681,Static_120s_Fixed,North-South,19,53.54,1,0.0152,0
2682,Static_120s_Fixed,North-South,19,52.59,0,0.0152,0
2683,Static_120s_Fixed,North-South,25,68.12,3,0.02,0
2684,Static_120s_Fixed,North-South,16,45.75,3,0.0128,0
2685,Static_120s_Fixed,North-South,21,60.16,1,0.0168,0
2686,Static_120s_Fixed,North-South,20,57.71,1,0.016,0
2687,Static_120s_Fixed,North-South,15,45.54,2,0.012,0
2688,Static_120s_Fixed,North-South,14,37.78,0,0.0112,0
2689,Static_120s_Fixed,North-South,19,55.69,4,0.0152,0
2690,Static_120s_Fixed,North-South,11,32.92,2,0.0088,0
2691,Static_120s_Fixed,North-South,21,61.56,0,0.0168,0
2692,Static_120s_Fixed,North-South,16,46.45,1,0.0128,0
2693,Static_120s_Fixed,North-South,19,55.33,0,0.0152,0
2694,Static_120s_Fixed,North-South,13,35.29,2,0.0104,0
2695,Static_120s_Fixed,North-South,14,42.91,1,0.0112,0
2696,Static_120s_Fixed,North-South,18,53.5,4,0.0144,0
2697,Static_120s_Fixed,North-South,14,39.43,4,0.0112,0
2698,Static_120s_Fixed,North-South,17,50.75,4,0.0136,0
2699,Static_120s_Fixed,North-South,17,45.65,1,0.0136,0
2700,Static_120s_Fixed,North-South,13,38.34,4,0.0104,0
2701,Static_120s_Fixed,North-South,17,49.48,3,0.0136,0
2702,Static_120s_Fixed,North-South,19,54.13,3,0.0152,0
2703,Static_120s_Fixed,North-South,12,32.56,4,0.0096,0
2704,Static_120s_Fixed,North-South,15,45.73,1,0.012,0
2705,Static_120s_Fixed,North-South,18,53.33,4,0.0144,0
2706,Static_120s_Fixed,North-South,14,42.9,0,0.0112,0
2707,Static_120s_Fixed,North-South,13,34.43,2,0.0104,0
2708,Static_120s_Fixed,North-South,16,44.11,2,0.0128,0
2709,Static_120s_Fixed,North-South,18,52.44,2,0.0144,0
2710,Static_120s_Fixed,North-South,20,54.48,3,0.016,0
2711,Static_120s_Fixed,North-South,17,48.92,4,0.0136,0
2712,Static_120s_Fixed,North-South,13,37.96,0,0.0104,0
2713,Static_120s_Fixed,North-South,14,37.72,4,0.0112,0
2714,Static_120s_Fixed,North-South,15,44.12,2,0.012,0
2715,Static_120s_Fixed,North-South,15,45.84,3,0.012,0
2716,Static_120s_Fixed,North-South,16,43.29,3,0.0128,0
2717,Static_120s_Fixed,North-South,16,47.55,2,0.0128,0
2718,Static_120s_Fixed,North-South,16,44.51,4,0.0128,0
2719,Static_120s_Fixed,North-South,17,50.79,2,0.0136,0
2720,Static_120s_Fixed,North-South,15,41.78,0,0.012,0
2721,Static_120s_Fixed,North-South,21,60.21,1,0.0168,0
2722,Static_120s_Fixed,North-South,15,41.67,3,0.012,0
2723,Static_120s_Fixed,North-South,12,33.43,1,0.0096,0
2724,Static_120s_Fixed,North-South,15,41.22,2,0.012,0
2725,Static_120s_Fixed,North-South,16,48.41,0,0.0128,0
2726,Static_120s_Fixed,North-South,17,48.53,0,0.0136,0
2727,Static_120s_Fixed,North-South,24,69.56,1,0.0192,0
2728,Static_120s_Fixed,North-South,16,46.17,0,0.0128,0
2729,Static_120s_Fixed,North-South,20,59.28,1,0.016,0
2730,Static_120s_Fixed,North-South,15,40.03,4,0.012,0
2731,Static_120s_Fixed,North-South,12,33.58,4,0.0096,0
2732,Static_120s_Fixed,North-South,17,49.15,0,0.0136,0
2733,Static_120s_Fixed,North-South,13,35.4,3,0.0104,0
2734,Static_120s_Fixed,North-South,15,43.7,2,0.012,0
2735,Static_120s_Fixed,North-South,16,47.89,1,0.0128,0
2736,Static_120s_Fixed,North-South,12,33.04,4,0.0096,0
2737,Static_120s_Fixed,North-South,13,36.28,1,0.0104,0
2738,Static_120s_Fixed,North-South,22,65.2,1,0.0176,0
2739,Static_120s_Fixed,North-South,16,47.39,3,0.0128,0
2740,Static_120s_Fixed,North-South,13,36.51,1,0.0104,0
2741,Static_120s_Fixed,North-South,12,32.8,4,0.0096,0
2742,Static_120s_Fixed,North-South,18,50.4,1,0.0144,0
2743,Static_120s_Fixed,North-South,13,37.61,0,0.0104,0
2744,Static_120s_Fixed,North-South,16,44.04,4,0.0128,0
2745,Static_120s_Fixed,North-South,14,39.11,3,0.0112,0
2746,Static_120s_Fixed,North-South,12,34.14,2,0.0096,0
2747,Static_120s_Fixed,North-South,16,45.89,2,0.0128,0
2748,Static_120s_Fixed,North-South,13,34.95,2,0.0104,0
2749,Static_120s_Fixed,North-South,13,37.2,1,0.0104,0
2750,Static_120s_Fixed,North-South,13,38.75,2,0.0104,0
2751,Static_120s_Fixed,North-South,16,45.4,1,0.0128,0
2752,Static_120s_Fixed,North-South,16,44.86,1,0.0128,0
2753,Static_120s_Fixed,North-South,12,33.13,2,0.0096,0
2754,Static_120s_Fixed,North-South,12,34.21,4,0.0096,0
2755,Static_120s_Fixed,North-South,17,47.29,4,0.0136,0
2756,Static_120s_Fixed,North-South,13,39.68,3,0.0104,0
2757,Static_120s_Fixed,North-South,18,53.4,4,0.0144,0
2758,Static_120s_Fixed,North-South,18,49.66,1,0.0144,0
2759,Static_120s_Fixed,North-South,16,43.72,2,0.0128,0
2760,Static_120s_Fixed,East-West,12,32.74,1,0.0096,0
2761,Static_120s_Fixed,East-West,10,27.89,2,0.008,0
2762,Static_120s_Fixed,East-West,14,39.58,1,0.0112,0
2763,Static_120s_Fixed,East-West,21,58.87,0,0.0168,0
2764,Static_120s_Fixed,East-West,18,51.78,1,0.0144,0
2765,Static_120s_Fixed,East-West,15,40.91,1,0.012,0
2766,Static_120s_Fixed,East-West,14,38.84,1,0.0112,0
2767,Static_120s_Fixed,East-West,15,44.68,4,0.012,0
2768,Static_120s_Fixed,East-West,11,30.75,2,0.0088,0
2769,Static_120s_Fixed,East-West,11,28.95,2,0.0088,0
2770,Static_120s_Fixed,East-West,17,50.35,2,0.0136,0
2771,Static_120s_Fixed,East-West,15,45.09,0,0.012,0
2772,Static_120s_Fixed,East-West,8,24.81,1,0.0064,0
2773,Static_120s_Fixed,East-West,13,40.09,0,0.0104,0
2774,Static_120s_Fixed,East-West,13,39.38,4,0.0104,0
2775,Static_120s_Fixed,East-West,17,45.91,1,0.0136,0
2776,Static_120s_Fixed,East-West,14,41.98,2,0.0112,0
2777,Static_120s_Fixed,East-West,11,31.48,2,0.0088,0
2778,Static_120s_Fixed,East-West,11,33.74,2,0.0088,0
2779,Static_120s_Fixed,East-West,15,44.91,4,0.012,0
2780,Static_120s_Fixed,East-West,12,33.63,3,0.0096,0
2781,Static_120s_Fixed,East-West,11,34.72,2,0.0088,0
2782,Static_120s_Fixed,East-West,8,25.08,2,0.0064,0
2783,Static_120s_Fixed,East-West,11,30.28,1,0.0088,0
2784,Static_120s_Fixed,East-West,11,34.05,0,0.0088,0
2785,Static_120s_Fixed,East-West,9,26.59,3,0.0072,0
2786,Static_120s_Fixed,East-West,11,32.13,3,0.0088,0
2787,Static_120s_Fixed,East-West,10,30.78,4,0.008,0
2788,Static_120s_Fixed,East-West,12,37.38,3,0.0096,0
2789,Static_120s_Fixed,East-West,13,35.57,1,0.0104,0
2790,Static_120s_Fixed,East-West,9,26.18,0,0.0072,0
2791,Static_120s_Fixed,East-West,15,43.77,3,0.012,0
2792,Static_120s_Fixed,East-West,13,35.19,0,0.0104,0
2793,Static_120s_Fixed,East-West,15,43.69,3,0.012,0
2794,Static_120s_Fixed,East-West,14,38.45,1,0.0112,0
2795,Static_120s_Fixed,East-West,8,22.73,0,0.0064,0
2796,Static_120s_Fixed,East-West,17,46.89,3,0.0136,0
2797,Static_120s_Fixed,East-West,14,41.22,1,0.0112,0
2798,Static_120s_Fixed,East-West,13,38.94,1,0.0104,0
2799,Static_120s_Fixed,East-West,19,56.72,0,0.0152,0
2800,Static_120s_Fixed,East-West,13,37.39,4,0.0104,0
2801,Static_120s_Fixed,East-West,11,30.96,0,0.0088,0
2802,Static_120s_Fixed,East-West,12,35.5,3,0.0096,0
2803,Static_120s_Fixed,East-West,11,30.7,0,0.0088,0
2804,Static_120s_Fixed,East-West,8,22.21,3,0.0064,0
2805,Static_120s_Fixed,East-West,18,52.41,2,0.0144,0
2806,Static_120s_Fixed,East-West,10,26.07,1,0.008,0
2807,Static_120s_Fixed,East-West,10,29.9,0,0.008,0
2808,Static_120s_Fixed,East-West,15,44.97,1,0.012,0
2809,Static_120s_Fixed,East-West,14,37.46,4,0.0112,0
2810,Static_120s_Fixed,East-West,12,34.47,2,0.0096,0
2811,Static_120s_Fixed,East-West,12,33.89,4,0.0096,0
2812,Static_120s_Fixed,East-West,13,35.75,4,0.0104,0
2813,Static_120s_Fixed,East-West,14,42.41,3,0.0112,0
2814,Static_120s_Fixed,East-West,9,23.51,2,0.0072,0
2815,Static_120s_Fixed,East-West,12,35.6,2,0.0096,0
2816,Static_120s_Fixed,East-West,14,40.63,2,0.0112,0
2817,Static_120s_Fixed,East-West,14,42.49,2,0.0112,0
2818,Static_120s_Fixed,East-West,21,58.13,2,0.0168,0
2819,Static_120s_Fixed,East-West,7,23.16,2,0.0056,0
2820,Static_120s_Fixed,East-West,12,36.01,4,0.0096,0
2821,Static_120s_Fixed,East-West,7,19.1,3,0.0056,0
2822,Static_120s_Fixed,East-West,9,23.74,0,0.0072,0
2823,Static_120s_Fixed,East-West,8,22.32,0,0.0064,0
2824,Static_120s_Fixed,East-West,9,27.69,2,0.0072,0
2825,Static_120s_Fixed,East-West,7,19,1,0.0056,0
2826,Static_120s_Fixed,East-West,7,22.41,3,0.0056,0
2827,Static_120s_Fixed,East-West,11,29.97,4,0.0088,0
2828,Static_120s_Fixed,East-West,10,27.56,4,0.008,0
2829,Static_120s_Fixed,East-West,9,24.76,3,0.0072,0
2830,Static_120s_Fixed,East-West,11,33.34,4,0.0088,0
2831,Static_120s_Fixed,East-West,10,26.04,1,0.008,0
2832,Static_120s_Fixed,East-West,10,26.43,4,0.008,0
2833,Static_120s_Fixed,East-West,7,22.35,4,0.0056,0
2834,Static_120s_Fixed,East-West,17,46.81,1,0.0136,0
2835,Static_120s_Fixed,East-West,15,45.59,0,0.012,0
2836,Static_120s_Fixed,East-West,8,22.6,0,0.0064,0
2837,Static_120s_Fixed,East-West,15,45.79,1,0.012,0
2838,Static_120s_Fixed,East-West,10,29.96,1,0.008,0
2839,Static_120s_Fixed,East-West,13,35.39,1,0.0104,0
2840,Static_120s_Fixed,East-West,9,23.97,1,0.0072,0
2841,Static_120s_Fixed,East-West,7,22.11,4,0.0056,0
2842,Static_120s_Fixed,East-West,12,37.05,3,0.0096,0
2843,Static_120s_Fixed,East-West,10,26.07,0,0.008,0
2844,Static_120s_Fixed,East-West,12,32.54,1,0.0096,0
2845,Static_120s_Fixed,East-West,12,35.68,3,0.0096,0
2846,Static_120s_Fixed,East-West,11,29.67,2,0.0088,0
2847,Static_120s_Fixed,East-West,12,36.89,4,0.0096,0
2848,Static_120s_Fixed,East-West,6,16.32,3,0.0048,0
2849,Static_120s_Fixed,East-West,12,33.86,2,0.0096,0
2850,Static_120s_Fixed,East-West,6,19.68,0,0.0048,0
2851,Static_120s_Fixed,East-West,8,24.64,0,0.0064,0
2852,Static_120s_Fixed,East-West,10,27.93,0,0.008,0
2853,Static_120s_Fixed,East-West,16,48.19,0,0.0128,0
2854,Static_120s_Fixed,East-West,10,28.54,3,0.008,0
2855,Static_120s_Fixed,East-West,14,41.45,2,0.0112,0
2856,Static_120s_Fixed,East-West,13,35.19,0,0.0104,0
2857,Static_120s_Fixed,East-West,13,34.42,0,0.0104,0
2858,Static_120s_Fixed,East-West,8,22.23,0,0.0064,0
2859,Static_120s_Fixed,East-West,15,40.63,2,0.012,0
2860,Static_120s_Fixed,East-West,7,20.9,4,0.0056,0
2861,Static_120s_Fixed,East-West,12,37.28,4,0.0096,0
2862,Static_120s_Fixed,East-West,8,23.63,0,0.0064,0
2863,Static_120s_Fixed,East-West,11,34.1,1,0.0088,0
2864,Static_120s_Fixed,East-West,14,41.09,0,0.0112,0
2865,Static_120s_Fixed,East-West,8,22.3,2,0.0064,0
2866,Static_120s_Fixed,East-West,12,32.39,2,0.0096,0
2867,Static_120s_Fixed,East-West,9,28.6,1,0.0072,0
2868,Static_120s_Fixed,East-West,13,39.01,2,0.0104,0
2869,Static_120s_Fixed,East-West,9,27.84,0,0.0072,0
2870,Static_120s_Fixed,East-West,6,17.73,4,0.0048,0
2871,Static_120s_Fixed,East-West,8,21.04,4,0.0064,0
2872,Static_120s_Fixed,East-West,6,16.18,4,0.0048,0
2873,Static_120s_Fixed,East-West,13,36.89,1,0.0104,0
2874,Static_120s_Fixed,East-West,10,30.05,3,0.008,0
2875,Static_120s_Fixed,East-West,12,36.47,4,0.0096,0
2876,Static_120s_Fixed,East-West,8,23.04,0,0.0064,0
2877,Static_120s_Fixed,East-West,7,23.56,4,0.0056,0
2878,Static_120s_Fixed,East-West,12,34.58,0,0.0096,0
2879,Static_120s_Fixed,East-West,13,40.03,2,0.0104,0
2880,Static_120s_Fixed,North-South,8,22.78,2,0.0064,0
2881,Static_120s_Fixed,North-South,8,25.46,2,0.0064,0
2882,Static_120s_Fixed,North-South,9,25.15,0,0.0072,0
2883,Static_120s_Fixed,North-South,6,15.81,2,0.0048,0
2884,Static_120s_Fixed,North-South,10,29.69,1,0.008,0
2885,Static_120s_Fixed,North-South,4,10.23,3,0.0032,0
2886,Static_120s_Fixed,North-South,12,34.7,3,0.0096,0
2887,Static_120s_Fixed,North-South,11,33.44,1,0.0088,0
2888,Static_120s_Fixed,North-South,14,40.7,0,0.0112,0
2889,Static_120s_Fixed,North-South,4,14.05,1,0.0032,0
2890,Static_120s_Fixed,North-South,7,21.57,1,0.0056,0
2891,Static_120s_Fixed,North-South,3,8.58,4,0.0024,0
2892,Static_120s_Fixed,North-South,14,37.64,2,0.0112,0
2893,Static_120s_Fixed,North-South,3,9.5,3,0.0024,0
2894,Static_120s_Fixed,North-South,8,22.69,4,0.0064,0
2895,Static_120s_Fixed,North-South,7,19.03,3,0.0056,0
2896,Static_120s_Fixed,North-South,7,18.54,3,0.0056,0
2897,Static_120s_Fixed,North-South,12,36.24,4,0.0096,0
2898,Static_120s_Fixed,North-South,5,17.63,1,0.004,0
2899,Static_120s_Fixed,North-South,6,19.04,3,0.0048,0
2900,Static_120s_Fixed,North-South,8,22.06,4,0.0064,0
2901,Static_120s_Fixed,North-South,8,21.61,1,0.0064,0
2902,Static_120s_Fixed,North-South,13,37.45,3,0.0104,0
2903,Static_120s_Fixed,North-South,9,25.95,2,0.0072,0
2904,Static_120s_Fixed,North-South,11,33.05,1,0.0088,0
2905,Static_120s_Fixed,North-South,7,21.19,1,0.0056,0
2906,Static_120s_Fixed,North-South,8,24.97,2,0.0064,0
2907,Static_120s_Fixed,North-South,13,40.25,1,0.0104,0
2908,Static_120s_Fixed,North-South,3,7.69,1,0.0024,0
2909,Static_120s_Fixed,North-South,7,23.17,3,0.0056,0
2910,Static_120s_Fixed,North-South,7,17.7,2,0.0056,0
2911,Static_120s_Fixed,North-South,9,24.44,0,0.0072,0
2912,Static_120s_Fixed,North-South,11,30.14,0,0.0088,0
2913,Static_120s_Fixed,North-South,5,14.6,1,0.004,0
2914,Static_120s_Fixed,North-South,10,28.31,3,0.008,0
2915,Static_120s_Fixed,North-South,4,10.49,4,0.0032,0
2916,Static_120s_Fixed,North-South,7,22.59,1,0.0056,0
2917,Static_120s_Fixed,North-South,8,20.66,0,0.0064,0
2918,Static_120s_Fixed,North-South,11,33.37,0,0.0088,0
2919,Static_120s_Fixed,North-South,8,20.84,1,0.0064,0
2920,Static_120s_Fixed,North-South,11,32.55,2,0.0088,0
2921,Static_120s_Fixed,North-South,5,13.6,1,0.004,0
2922,Static_120s_Fixed,North-South,7,18.46,3,0.0056,0
2923,Static_120s_Fixed,North-South,8,24.24,0,0.0064,0
2924,Static_120s_Fixed,North-South,6,20.53,1,0.0048,0
2925,Static_120s_Fixed,North-South,13,35.65,4,0.0104,0
2926,Static_120s_Fixed,North-South,9,28.32,4,0.0072,0
2927,Static_120s_Fixed,North-South,8,20.77,0,0.0064,0
2928,Static_120s_Fixed,North-South,5,17.36,3,0.004,0
2929,Static_120s_Fixed,North-South,9,25.12,4,0.0072,0
2930,Static_120s_Fixed,North-South,9,26.4,3,0.0072,0
2931,Static_120s_Fixed,North-South,2,6.3,1,0.0016,0
2932,Static_120s_Fixed,North-South,3,6.7,4,0.0024,0
2933,Static_120s_Fixed,North-South,10,28.27,2,0.008,0
2934,Static_120s_Fixed,North-South,5,13.3,0,0.004,0
2935,Static_120s_Fixed,North-South,7,22.1,1,0.0056,0
2936,Static_120s_Fixed,North-South,9,23.46,4,0.0072,0
2937,Static_120s_Fixed,North-South,5,12.74,1,0.004,0
2938,Static_120s_Fixed,North-South,8,21.21,4,0.0064,0
2939,Static_120s_Fixed,North-South,9,27.14,1,0.0072,0
2940,Static_120s_Fixed,North-South,13,34.6,2,0.0104,0
2941,Static_120s_Fixed,North-South,3,7.97,1,0.0024,0
2942,Static_120s_Fixed,North-South,7,18.74,3,0.0056,0
2943,Static_120s_Fixed,North-South,6,20.51,1,0.0048,0
2944,Static_120s_Fixed,North-South,4,9.27,1,0.0032,0
2945,Static_120s_Fixed,North-South,10,29.4,4,0.008,0
2946,Static_120s_Fixed,North-South,9,26.86,4,0.0072,0
2947,Static_120s_Fixed,North-South,9,23.99,3,0.0072,0
2948,Static_120s_Fixed,North-South,7,18.73,3,0.0056,0
2949,Static_120s_Fixed,North-South,2,5,3,0.0016,0
2950,Static_120s_Fixed,North-South,10,27.85,0,0.008,0
2951,Static_120s_Fixed,North-South,4,12.52,0,0.0032,0
2952,Static_120s_Fixed,North-South,6,18.7,1,0.0048,0
2953,Static_120s_Fixed,North-South,9,25.43,3,0.0072,0
2954,Static_120s_Fixed,North-South,3,8.28,3,0.0024,0
2955,Static_120s_Fixed,North-South,7,22.52,4,0.0056,0
2956,Static_120s_Fixed,North-South,3,9.36,2,0.0024,0
2957,Static_120s_Fixed,North-South,7,19.91,1,0.0056,0
2958,Static_120s_Fixed,North-South,6,18.89,4,0.0048,0
2959,Static_120s_Fixed,North-South,1,5,2,0.0008,0
2960,Static_120s_Fixed,North-South,7,19.66,0,0.0056,0
2961,Static_120s_Fixed,North-South,6,18.4,2,0.0048,0
2962,Static_120s_Fixed,North-South,9,25.47,0,0.0072,0
2963,Static_120s_Fixed,North-South,7,21.53,2,0.0056,0
2964,Static_120s_Fixed,North-South,4,9.65,4,0.0032,0
2965,Static_120s_Fixed,North-South,2,8.15,2,0.0016,0
2966,Static_120s_Fixed,North-South,8,24.19,4,0.0064,0
2967,Static_120s_Fixed,North-South,0,5,0,0,0
2968,Static_120s_Fixed,North-South,6,17.64,2,0.0048,0
2969,Static_120s_Fixed,North-South,9,25.99,4,0.0072,0
2970,Static_120s_Fixed,North-South,7,20.66,0,0.0056,0
2971,Static_120s_Fixed,North-South,4,9.93,3,0.0032,0
2972,Static_120s_Fixed,North-South,10,31.55,4,0.008,0
2973,Static_120s_Fixed,North-South,7,20.72,0,0.0056,0
2974,Static_120s_Fixed,North-South,5,12.74,3,0.004,0
2975,Static_120s_Fixed,North-South,7,19.72,2,0.0056,0
2976,Static_120s_Fixed,North-South,1,5,3,0.0008,0
2977,Static_120s_Fixed,North-South,8,25.31,0,0.0064,0
2978,Static_120s_Fixed,North-South,6,18.89,3,0.0048,0
2979,Static_120s_Fixed,North-South,6,18.13,3,0.0048,0
2980,Static_120s_Fixed,North-South,7,17.73,3,0.0056,0
2981,Static_120s_Fixed,North-South,6,18.37,0,0.0048,0
2982,Static_120s_Fixed,North-South,5,12.61,2,0.004,0
2983,Static_120s_Fixed,North-South,5,16.26,1,0.004,0
2984,Static_120s_Fixed,North-South,10,30.04,1,0.008,0
2985,Static_120s_Fixed,North-South,11,33.75,3,0.0088,0
2986,Static_120s_Fixed,North-South,7,23.19,1,0.0056,0
2987,Static_120s_Fixed,North-South,7,22.88,0,0.0056,0
2988,Static_120s_Fixed,North-South,5,17.98,0,0.004,0
2989,Static_120s_Fixed,North-South,8,24.05,1,0.0064,0
2990,Static_120s_Fixed,North-South,1,5,2,0.0008,0
2991,Static_120s_Fixed,North-South,4,11.28,4,0.0032,0
2992,Static_120s_Fixed,North-South,4,9.35,3,0.0032,0
2993,Static_120s_Fixed,North-South,3,7.91,0,0.0024,0
2994,Static_120s_Fixed,North-South,6,20.3,1,0.0048,0
2995,Static_120s_Fixed,North-South,9,24.16,1,0.0072,0
2996,Static_120s_Fixed,North-South,4,10.8,2,0.0032,0
2997,Static_120s_Fixed,North-South,7,21.59,1,0.0056,0
2998,Static_120s_Fixed,North-South,4,12.13,1,0.0032,0
2999,Static_120s_Fixed,North-South,6,16.4,3,0.0048,0
3000,Static_120s_Fixed,East-West,6,18.78,4,0.0048,0
3001,Static_120s_Fixed,East-West,6,15.94,2,0.0048,0
3002,Static_120s_Fixed,East-West,5,15.47,3,0.004,0
3003,Static_120s_Fixed,East-West,1,5,4,0.0008,0
3004,Static_120s_Fixed,East-West,4,10.65,4,0.0032,0
3005,Static_120s_Fixed,East-West,10,28.19,4,0.008,0
3006,Static_120s_Fixed,East-West,6,20.13,0,0.0048,0
3007,Static_120s_Fixed,East-West,5,17.28,4,0.004,0
3008,Static_120s_Fixed,East-West,4,11.59,0,0.0032,0
3009,Static_120s_Fixed,East-West,4,12.49,1,0.0032,0
3010,Static_120s_Fixed,East-West,4,11.29,4,0.0032,0
3011,Static_120s_Fixed,East-West,1,6.32,2,0.0008,0
3012,Static_120s_Fixed,East-West,1,6.5,1,0.0008,0
3013,Static_120s_Fixed,East-West,4,14.04,2,0.0032,0
3014,Static_120s_Fixed,East-West,14,38.36,0,0.0112,0
3015,Static_120s_Fixed,East-West,8,25.43,1,0.0064,0
3016,Static_120s_Fixed,East-West,4,14.97,4,0.0032,0
3017,Static_120s_Fixed,East-West,1,5,4,0.0008,0
3018,Static_120s_Fixed,East-West,7,18.64,4,0.0056,0
3019,Static_120s_Fixed,East-West,2,5.63,3,0.0016,0
3020,Static_120s_Fixed,East-West,3,8.31,4,0.0024,0
3021,Static_120s_Fixed,East-West,0,5,3,0,0
3022,Static_120s_Fixed,East-West,9,27.02,0,0.0072,0
3023,Static_120s_Fixed,East-West,4,14.65,1,0.0032,0
3024,Static_120s_Fixed,East-West,4,12.81,0,0.0032,0
3025,Static_120s_Fixed,East-West,2,6.84,3,0.0016,0
3026,Static_120s_Fixed,East-West,2,5,2,0.0016,0
3027,Static_120s_Fixed,East-West,1,6.43,0,0.0008,0
3028,Static_120s_Fixed,East-West,4,9.31,2,0.0032,0
3029,Static_120s_Fixed,East-West,11,34.25,0,0.0088,0
3030,Static_120s_Fixed,East-West,4,11.2,3,0.0032,0
3031,Static_120s_Fixed,East-West,5,14.82,1,0.004,0
3032,Static_120s_Fixed,East-West,4,9.76,2,0.0032,0
3033,Static_120s_Fixed,East-West,3,7.25,1,0.0024,0
3034,Static_120s_Fixed,East-West,7,21.26,0,0.0056,0
3035,Static_120s_Fixed,East-West,0,5,0,0,0
3036,Static_120s_Fixed,East-West,4,12.48,2,0.0032,0
3037,Static_120s_Fixed,East-West,1,5,4,0.0008,0
3038,Static_120s_Fixed,East-West,3,10.33,1,0.0024,0
3039,Static_120s_Fixed,East-West,5,15.84,4,0.004,0
3040,Static_120s_Fixed,East-West,1,5,3,0.0008,0
3041,Static_120s_Fixed,East-West,6,15.27,4,0.0048,0
3042,Static_120s_Fixed,East-West,5,17.05,2,0.004,0
3043,Static_120s_Fixed,East-West,4,9.66,1,0.0032,0
3044,Static_120s_Fixed,East-West,9,26.81,3,0.0072,0
3045,Static_120s_Fixed,East-West,8,25.27,3,0.0064,0
3046,Static_120s_Fixed,East-West,2,9.31,0,0.0016,0
3047,Static_120s_Fixed,East-West,5,15.95,2,0.004,0
3048,Static_120s_Fixed,East-West,3,6.89,0,0.0024,0
3049,Static_120s_Fixed,East-West,2,5,0,0.0016,0
3050,Static_120s_Fixed,East-West,9,25.11,2,0.0072,0
3051,Static_120s_Fixed,East-West,4,10.09,0,0.0032,0
3052,Static_120s_Fixed,East-West,4,12.93,4,0.0032,0
3053,Static_120s_Fixed,East-West,2,5.54,3,0.0016,0
3054,Static_120s_Fixed,East-West,9,25.61,2,0.0072,0
3055,Static_120s_Fixed,East-West,5,15.97,2,0.004,0
3056,Static_120s_Fixed,East-West,6,18.98,0,0.0048,0
3057,Static_120s_Fixed,East-West,0,5,0,0,0
3058,Static_120s_Fixed,East-West,4,14.83,2,0.0032,0
3059,Static_120s_Fixed,East-West,7,18.33,1,0.0056,0
3060,Static_120s_Fixed,East-West,3,8,1,0.0024,0
3061,Static_120s_Fixed,East-West,8,22.92,0,0.0064,0
3062,Static_120s_Fixed,East-West,1,5,0,0.0008,0
3063,Static_120s_Fixed,East-West,8,23.31,2,0.0064,0
3064,Static_120s_Fixed,East-West,0,5,2,0,0
3065,Static_120s_Fixed,East-West,4,12.5,1,0.0032,0
3066,Static_120s_Fixed,East-West,6,20.6,3,0.0048,0
3067,Static_120s_Fixed,East-West,2,7.74,1,0.0016,0
3068,Static_120s_Fixed,East-West,2,8.29,2,0.0016,0
3069,Static_120s_Fixed,East-West,0,5,0,0,0
3070,Static_120s_Fixed,East-West,3,7.82,2,0.0024,0
3071,Static_120s_Fixed,East-West,2,5,2,0.0016,0
3072,Static_120s_Fixed,East-West,1,5.73,1,0.0008,0
3073,Static_120s_Fixed,East-West,1,5,3,0.0008,0
3074,Static_120s_Fixed,East-West,4,12.12,3,0.0032,0
3075,Static_120s_Fixed,East-West,6,18.29,3,0.0048,0
3076,Static_120s_Fixed,East-West,8,20.94,1,0.0064,0
3077,Static_120s_Fixed,East-West,2,6.26,2,0.0016,0
3078,Static_120s_Fixed,East-West,3,9.33,1,0.0024,0
3079,Static_120s_Fixed,East-West,7,20.21,0,0.0056,0
3080,Static_120s_Fixed,East-West,6,14.86,3,0.0048,0
3081,Static_120s_Fixed,East-West,3,11.59,0,0.0024,0
3082,Static_120s_Fixed,East-West,4,14.93,2,0.0032,0
3083,Static_120s_Fixed,East-West,3,7.27,2,0.0024,0
3084,Static_120s_Fixed,East-West,3,8.7,2,0.0024,0
3085,Static_120s_Fixed,East-West,4,9.95,4,0.0032,0
3086,Static_120s_Fixed,East-West,7,17.81,2,0.0056,0
3087,Static_120s_Fixed,East-West,6,15.39,4,0.0048,0
3088,Static_120s_Fixed,East-West,4,13.77,2,0.0032,0
3089,Static_120s_Fixed,East-West,8,24.24,0,0.0064,0
3090,Static_120s_Fixed,East-West,7,21.69,0,0.0056,0
3091,Static_120s_Fixed,East-West,7,18.17,0,0.0056,0
3092,Static_120s_Fixed,East-West,0,5,0,0,0
3093,Static_120s_Fixed,East-West,6,15.14,2,0.0048,0
3094,Static_120s_Fixed,East-West,4,12.16,1,0.0032,0
3095,Static_120s_Fixed,East-West,6,14.98,3,0.0048,0
3096,Static_120s_Fixed,East-West,1,5,1,0.0008,0
3097,Static_120s_Fixed,East-West,6,17.99,0,0.0048,0
3098,Static_120s_Fixed,East-West,0,5,1,0,0
3099,Static_120s_Fixed,East-West,3,11,4,0.0024,0
3100,Static_120s_Fixed,East-West,5,16.36,3,0.004,0
3101,Static_120s_Fixed,East-West,5,17.02,2,0.004,0
3102,Static_120s_Fixed,East-West,0,5,4,0,0
3103,Static_120s_Fixed,East-West,7,20.6,2,0.0056,0
3104,Static_120s_Fixed,East-West,6,16.72,2,0.0048,0
3105,Static_120s_Fixed,East-West,5,17.71,0,0.004,0
3106,Static_120s_Fixed,East-West,6,20.23,1,0.0048,0
3107,Static_120s_Fixed,East-West,0,5,4,0,0
3108,Static_120s_Fixed,East-West,0,5,3,0,0
3109,Static_120s_Fixed,East-West,3,11.04,3,0.0024,0
3110,Static_120s_Fixed,East-West,6,16.31,1,0.0048,0
3111,Static_120s_Fixed,East-West,1,5,1,0.0008,0
3112,Static_120s_Fixed,East-West,7,22.92,4,0.0056,0
3113,Static_120s_Fixed,East-West,4,13.44,1,0.0032,0
3114,Static_120s_Fixed,East-West,1,5,0,0.0008,0
3115,Static_120s_Fixed,East-West,5,14.41,1,0.004,0
3116,Static_120s_Fixed,East-West,5,17.62,3,0.004,0
3117,Static_120s_Fixed,East-West,2,5,1,0.0016,0
3118,Static_120s_Fixed,East-West,4,14.17,2,0.0032,0
3119,Static_120s_Fixed,East-West,7,18.76,2,0.0056,0
3120,Static_120s_Fixed,North-South,7,19.63,2,0.0056,0
3121,Static_120s_Fixed,North-South,9,26.57,0,0.0072,0
3122,Static_120s_Fixed,North-South,4,9.63,3,0.0032,0
3123,Static_120s_Fixed,North-South,4,12.19,3,0.0032,0
3124,Static_120s_Fixed,North-South,1,5,2,0.0008,0
3125,Static_120s_Fixed,North-South,8,25.85,4,0.0064,0
3126,Static_120s_Fixed,North-South,4,13.72,0,0.0032,0
3127,Static_120s_Fixed,North-South,1,5,3,0.0008,0
3128,Static_120s_Fixed,North-South,3,9.87,2,0.0024,0
3129,Static_120s_Fixed,North-South,3,8.56,1,0.0024,0
3130,Static_120s_Fixed,North-South,0,5,2,0,0
3131,Static_120s_Fixed,North-South,1,5,1,0.0008,0
3132,Static_120s_Fixed,North-South,0,5,2,0,0
3133,Static_120s_Fixed,North-South,2,8.93,3,0.0016,0
3134,Static_120s_Fixed,North-South,2,5.22,2,0.0016,0
3135,Static_120s_Fixed,North-South,4,12.31,2,0.0032,0
3136,Static_120s_Fixed,North-South,7,21.45,0,0.0056,0
3137,Static_120s_Fixed,North-South,2,8.6,3,0.0016,0
3138,Static_120s_Fixed,North-South,8,23.06,1,0.0064,0
3139,Static_120s_Fixed,North-South,7,23.58,4,0.0056,0
3140,Static_120s_Fixed,North-South,4,12.82,4,0.0032,0
3141,Static_120s_Fixed,North-South,7,21.27,3,0.0056,0
3142,Static_120s_Fixed,North-South,5,14.28,3,0.004,0
3143,Static_120s_Fixed,North-South,3,7.33,1,0.0024,0
3144,Static_120s_Fixed,North-South,1,5,3,0.0008,0
3145,Static_120s_Fixed,North-South,6,20.47,2,0.0048,0
3146,Static_120s_Fixed,North-South,8,26.33,1,0.0064,0
3147,Static_120s_Fixed,North-South,10,26.43,3,0.008,0
3148,Static_120s_Fixed,North-South,9,24.16,2,0.0072,0
3149,Static_120s_Fixed,North-South,4,11.84,3,0.0032,0
3150,Static_120s_Fixed,North-South,3,9.85,3,0.0024,0
3151,Static_120s_Fixed,North-South,9,24.47,2,0.0072,0
3152,Static_120s_Fixed,North-South,1,5,0,0.0008,0
3153,Static_120s_Fixed,North-South,7,22.37,4,0.0056,0
3154,Static_120s_Fixed,North-South,6,15.75,2,0.0048,0
3155,Static_120s_Fixed,North-South,1,5,4,0.0008,0
3156,Static_120s_Fixed,North-South,11,34.23,3,0.0088,0
3157,Static_120s_Fixed,North-South,3,8.45,2,0.0024,0
3158,Static_120s_Fixed,North-South,10,26.35,1,0.008,0
3159,Static_120s_Fixed,North-South,4,10.14,1,0.0032,0
3160,Static_120s_Fixed,North-South,1,6.77,0,0.0008,0
3161,Static_120s_Fixed,North-South,0,5,3,0,0
3162,Static_120s_Fixed,North-South,7,23.17,3,0.0056,0
3163,Static_120s_Fixed,North-South,3,9.63,1,0.0024,0
3164,Static_120s_Fixed,North-South,4,12.79,3,0.0032,0
3165,Static_120s_Fixed,North-South,4,9.91,0,0.0032,0
3166,Static_120s_Fixed,North-South,7,23.37,0,0.0056,0
3167,Static_120s_Fixed,North-South,6,19.72,4,0.0048,0
3168,Static_120s_Fixed,North-South,5,12.09,3,0.004,0
3169,Static_120s_Fixed,North-South,3,7.87,3,0.0024,0
3170,Static_120s_Fixed,North-South,8,21.99,2,0.0064,0
3171,Static_120s_Fixed,North-South,9,26.52,2,0.0072,0
3172,Static_120s_Fixed,North-South,8,24.17,4,0.0064,0
3173,Static_120s_Fixed,North-South,3,8,1,0.0024,0
3174,Static_120s_Fixed,North-South,2,7.08,4,0.0016,0
3175,Static_120s_Fixed,North-South,8,22.18,0,0.0064,0
3176,Static_120s_Fixed,North-South,9,26.08,0,0.0072,0
3177,Static_120s_Fixed,North-South,4,10.08,2,0.0032,0
3178,Static_120s_Fixed,North-South,5,15.86,2,0.004,0
3179,Static_120s_Fixed,North-South,1,5,4,0.0008,0
3180,Static_120s_Fixed,North-South,4,14.5,2,0.0032,0
3181,Static_120s_Fixed,North-South,3,9.27,0,0.0024,0
3182,Static_120s_Fixed,North-South,7,22.52,1,0.0056,0
3183,Static_120s_Fixed,North-South,4,9.63,0,0.0032,0
3184,Static_120s_Fixed,North-South,3,10.74,4,0.0024,0
3185,Static_120s_Fixed,North-South,2,9.33,2,0.0016,0
3186,Static_120s_Fixed,North-South,5,15.2,2,0.004,0
3187,Static_120s_Fixed,North-South,4,13.34,1,0.0032,0
3188,Static_120s_Fixed,North-South,1,5,2,0.0008,0
3189,Static_120s_Fixed,North-South,3,7.57,1,0.0024,0
3190,Static_120s_Fixed,North-South,5,13.21,1,0.004,0
3191,Static_120s_Fixed,North-South,3,7.82,3,0.0024,0
3192,Static_120s_Fixed,North-South,8,22.49,3,0.0064,0
3193,Static_120s_Fixed,North-South,0,5,2,0,0
3194,Static_120s_Fixed,North-South,0,5,4,0,0
3195,Static_120s_Fixed,North-South,7,19.03,4,0.0056,0
3196,Static_120s_Fixed,North-South,10,27.35,1,0.008,0
3197,Static_120s_Fixed,North-South,9,28.12,2,0.0072,0
3198,Static_120s_Fixed,North-South,6,19.11,2,0.0048,0
3199,Static_120s_Fixed,North-South,4,13.62,1,0.0032,0
3200,Static_120s_Fixed,North-South,10,28.83,0,0.008,0
3201,Static_120s_Fixed,North-South,8,24.13,2,0.0064,0
3202,Static_120s_Fixed,North-South,7,21.92,3,0.0056,0
3203,Static_120s_Fixed,North-South,0,5,1,0,0
3204,Static_120s_Fixed,North-South,3,8.62,4,0.0024,0
3205,Static_120s_Fixed,North-South,0,5,4,0,0
3206,Static_120s_Fixed,North-South,4,14.49,1,0.0032,0
3207,Static_120s_Fixed,North-South,6,14.92,2,0.0048,0
3208,Static_120s_Fixed,North-South,2,7.37,4,0.0016,0
3209,Static_120s_Fixed,North-South,9,25.88,2,0.0072,0
3210,Static_120s_Fixed,North-South,6,14.88,2,0.0048,0
3211,Static_120s_Fixed,North-South,1,5,3,0.0008,0
3212,Static_120s_Fixed,North-South,3,10.75,3,0.0024,0
3213,Static_120s_Fixed,North-South,4,13.72,0,0.0032,0
3214,Static_120s_Fixed,North-South,2,5,4,0.0016,0
3215,Static_120s_Fixed,North-South,6,19.57,3,0.0048,0
3216,Static_120s_Fixed,North-South,7,22.46,4,0.0056,0
3217,Static_120s_Fixed,North-South,7,19.73,2,0.0056,0
3218,Static_120s_Fixed,North-South,3,7.22,0,0.0024,0
3219,Static_120s_Fixed,North-South,11,31.44,1,0.0088,0
3220,Static_120s_Fixed,North-South,8,24.21,3,0.0064,0
3221,Static_120s_Fixed,North-South,7,21.54,2,0.0056,0
3222,Static_120s_Fixed,North-South,7,18.72,0,0.0056,0
3223,Static_120s_Fixed,North-South,3,12.05,0,0.0024,0
3224,Static_120s_Fixed,North-South,9,28.22,4,0.0072,0
3225,Static_120s_Fixed,North-South,9,27.54,4,0.0072,0
3226,Static_120s_Fixed,North-South,2,5,0,0.0016,0
3227,Static_120s_Fixed,North-South,7,18.74,0,0.0056,0
3228,Static_120s_Fixed,North-South,5,17.3,4,0.004,0
3229,Static_120s_Fixed,North-South,8,22.53,3,0.0064,0
3230,Static_120s_Fixed,North-South,2,8.62,1,0.0016,0
3231,Static_120s_Fixed,North-South,5,12.93,3,0.004,0
3232,Static_120s_Fixed,North-South,5,12.56,3,0.004,0
3233,Static_120s_Fixed,North-South,5,16.38,3,0.004,0
3234,Static_120s_Fixed,North-South,4,13.18,3,0.0032,0
3235,Static_120s_Fixed,North-South,4,13.15,3,0.0032,0
3236,Static_120s_Fixed,North-South,5,16.08,0,0.004,0
3237,Static_120s_Fixed,North-South,8,24.68,0,0.0064,0
3238,Static_120s_Fixed,North-South,10,30.14,3,0.008,0
3239,Static_120s_Fixed,North-South,5,15.23,0,0.004,0
3240,Static_120s_Fixed,East-West,9,24.3,0,0.0072,0
3241,Static_120s_Fixed,East-West,9,28.37,0,0.0072,0
3242,Static_120s_Fixed,East-West,8,21.31,4,0.0064,0
3243,Static_120s_Fixed,East-West,7,19.28,1,0.0056,0
3244,Static_120s_Fixed,East-West,2,9.2,3,0.0016,0
3245,Static_120s_Fixed,East-West,5,17.9,4,0.004,0
3246,Static_120s_Fixed,East-West,6,17.36,3,0.0048,0
3247,Static_120s_Fixed,East-West,6,18.16,1,0.0048,0
3248,Static_120s_Fixed,East-West,4,14.43,0,0.0032,0
3249,Static_120s_Fixed,East-West,7,20.55,1,0.0056,0
3250,Static_120s_Fixed,East-West,5,12.79,0,0.004,0
3251,Static_120s_Fixed,East-West,3,11.69,3,0.0024,0
3252,Static_120s_Fixed,East-West,6,17.49,4,0.0048,0
3253,Static_120s_Fixed,East-West,6,17.67,1,0.0048,0
3254,Static_120s_Fixed,East-West,3,10.87,2,0.0024,0
3255,Static_120s_Fixed,East-West,5,13.24,0,0.004,0
3256,Static_120s_Fixed,East-West,8,24.78,1,0.0064,0
3257,Static_120s_Fixed,East-West,0,5,2,0,0
3258,Static_120s_Fixed,East-West,5,14.15,3,0.004,0
3259,Static_120s_Fixed,East-West,4,10.6,1,0.0032,0
3260,Static_120s_Fixed,East-West,4,12.78,1,0.0032,0
3261,Static_120s_Fixed,East-West,5,16.3,1,0.004,0
3262,Static_120s_Fixed,East-West,3,9.59,0,0.0024,0
3263,Static_120s_Fixed,East-West,10,26.73,0,0.008,0
3264,Static_120s_Fixed,East-West,5,17.99,1,0.004,0
3265,Static_120s_Fixed,East-West,7,20.27,1,0.0056,0
3266,Static_120s_Fixed,East-West,5,15.44,1,0.004,0
3267,Static_120s_Fixed,East-West,1,5,3,0.0008,0
3268,Static_120s_Fixed,East-West,5,17.22,2,0.004,0
3269,Static_120s_Fixed,East-West,6,15.84,3,0.0048,0
3270,Static_120s_Fixed,East-West,7,17.72,2,0.0056,0
3271,Static_120s_Fixed,East-West,3,9.34,1,0.0024,0
3272,Static_120s_Fixed,East-West,7,21.47,2,0.0056,0
3273,Static_120s_Fixed,East-West,10,28.93,1,0.008,0
3274,Static_120s_Fixed,East-West,4,9.28,2,0.0032,0
3275,Static_120s_Fixed,East-West,6,17.19,4,0.0048,0
3276,Static_120s_Fixed,East-West,9,23.28,0,0.0072,0
3277,Static_120s_Fixed,East-West,9,28.78,4,0.0072,0
3278,Static_120s_Fixed,East-West,5,12.46,0,0.004,0
3279,Static_120s_Fixed,East-West,6,18.39,4,0.0048,0
3280,Static_120s_Fixed,East-West,12,33.95,3,0.0096,0
3281,Static_120s_Fixed,East-West,9,24.96,3,0.0072,0
3282,Static_120s_Fixed,East-West,4,15.03,4,0.0032,0
3283,Static_120s_Fixed,East-West,7,17.81,4,0.0056,0
3284,Static_120s_Fixed,East-West,9,24.01,0,0.0072,0
3285,Static_120s_Fixed,East-West,4,14.94,1,0.0032,0
3286,Static_120s_Fixed,East-West,7,19.35,0,0.0056,0
3287,Static_120s_Fixed,East-West,5,12.54,0,0.004,0
3288,Static_120s_Fixed,East-West,11,33.58,3,0.0088,0
3289,Static_120s_Fixed,East-West,7,18.84,3,0.0056,0
3290,Static_120s_Fixed,East-West,7,20.89,0,0.0056,0
3291,Static_120s_Fixed,East-West,7,21.43,0,0.0056,0
3292,Static_120s_Fixed,East-West,5,12.58,2,0.004,0
3293,Static_120s_Fixed,East-West,7,18.86,3,0.0056,0
3294,Static_120s_Fixed,East-West,11,30.84,0,0.0088,0
3295,Static_120s_Fixed,East-West,11,31.84,1,0.0088,0
3296,Static_120s_Fixed,East-West,5,13.68,2,0.004,0
3297,Static_120s_Fixed,East-West,2,9.12,1,0.0016,0
3298,Static_120s_Fixed,East-West,6,19.41,1,0.0048,0
3299,Static_120s_Fixed,East-West,8,22.54,1,0.0064,0
3300,Static_120s_Fixed,East-West,7,20.25,4,0.0056,0
3301,Static_120s_Fixed,East-West,11,32.14,3,0.0088,0
3302,Static_120s_Fixed,East-West,9,25.08,0,0.0072,0
3303,Static_120s_Fixed,East-West,12,33.74,0,0.0096,0
3304,Static_120s_Fixed,East-West,6,19.97,2,0.0048,0
3305,Static_120s_Fixed,East-West,8,21.9,3,0.0064,0
3306,Static_120s_Fixed,East-West,11,29.46,1,0.0088,0
3307,Static_120s_Fixed,East-West,4,14.35,4,0.0032,0
3308,Static_120s_Fixed,East-West,9,26.83,0,0.0072,0
3309,Static_120s_Fixed,East-West,9,25.08,3,0.0072,0
3310,Static_120s_Fixed,East-West,7,17.93,0,0.0056,0
3311,Static_120s_Fixed,East-West,7,22.42,0,0.0056,0
3312,Static_120s_Fixed,East-West,8,22.29,1,0.0064,0
3313,Static_120s_Fixed,East-West,9,24.41,0,0.0072,0
3314,Static_120s_Fixed,East-West,4,14.62,4,0.0032,0
3315,Static_120s_Fixed,East-West,6,20.66,0,0.0048,0
3316,Static_120s_Fixed,East-West,5,14.44,2,0.004,0
3317,Static_120s_Fixed,East-West,8,26.1,0,0.0064,0
3318,Static_120s_Fixed,East-West,4,14.35,0,0.0032,0
3319,Static_120s_Fixed,East-West,10,30.5,4,0.008,0
3320,Static_120s_Fixed,East-West,1,6.32,0,0.0008,0
3321,Static_120s_Fixed,East-West,7,19.91,1,0.0056,0
3322,Static_120s_Fixed,East-West,7,17.69,1,0.0056,0
3323,Static_120s_Fixed,East-West,11,34.12,0,0.0088,0
3324,Static_120s_Fixed,East-West,11,34.15,3,0.0088,0
3325,Static_120s_Fixed,East-West,13,35.29,4,0.0104,0
3326,Static_120s_Fixed,East-West,7,21.84,2,0.0056,0
3327,Static_120s_Fixed,East-West,8,23.73,2,0.0064,0
3328,Static_120s_Fixed,East-West,12,34.42,3,0.0096,0
3329,Static_120s_Fixed,East-West,6,20.32,3,0.0048,0
3330,Static_120s_Fixed,East-West,12,36.31,3,0.0096,0
3331,Static_120s_Fixed,East-West,5,16.39,4,0.004,0
3332,Static_120s_Fixed,East-West,10,31.16,1,0.008,0
3333,Static_120s_Fixed,East-West,10,30.38,1,0.008,0
3334,Static_120s_Fixed,East-West,11,30.29,2,0.0088,0
3335,Static_120s_Fixed,East-West,16,44.66,0,0.0128,0
3336,Static_120s_Fixed,East-West,9,25.98,3,0.0072,0
3337,Static_120s_Fixed,East-West,13,35.96,2,0.0104,0
3338,Static_120s_Fixed,East-West,10,31.29,2,0.008,0
3339,Static_120s_Fixed,East-West,8,26.35,2,0.0064,0
3340,Static_120s_Fixed,East-West,9,23.91,4,0.0072,0
3341,Static_120s_Fixed,East-West,11,32.29,0,0.0088,0
3342,Static_120s_Fixed,East-West,13,37.24,0,0.0104,0
3343,Static_120s_Fixed,East-West,11,32.42,1,0.0088,0
3344,Static_120s_Fixed,East-West,13,39.53,2,0.0104,0
3345,Static_120s_Fixed,East-West,11,30.88,1,0.0088,0
3346,Static_120s_Fixed,East-West,9,26.82,2,0.0072,0
3347,Static_120s_Fixed,East-West,9,27.89,0,0.0072,0
3348,Static_120s_Fixed,East-West,13,35.99,2,0.0104,0
3349,Static_120s_Fixed,East-West,11,34.01,0,0.0088,0
3350,Static_120s_Fixed,East-West,8,22.34,1,0.0064,0
3351,Static_120s_Fixed,East-West,8,24.65,4,0.0064,0
3352,Static_120s_Fixed,East-West,6,18.8,1,0.0048,0
3353,Static_120s_Fixed,East-West,9,24.52,4,0.0072,0
3354,Static_120s_Fixed,East-West,13,37.16,2,0.0104,0
3355,Static_120s_Fixed,East-West,10,27.29,1,0.008,0
3356,Static_120s_Fixed,East-West,14,42.64,0,0.0112,0
3357,Static_120s_Fixed,East-West,10,27.43,4,0.008,0
3358,Static_120s_Fixed,East-West,6,17.62,3,0.0048,0
3359,Static_120s_Fixed,East-West,9,28.97,0,0.0072,0
3360,Static_120s_Fixed,North-South,7,17.72,4,0.0056,0
3361,Static_120s_Fixed,North-South,12,35.05,3,0.0096,0
3362,Static_120s_Fixed,North-South,17,46.85,1,0.0136,0
3363,Static_120s_Fixed,North-South,13,37.54,1,0.0104,0
3364,Static_120s_Fixed,North-South,15,45.36,2,0.012,0
3365,Static_120s_Fixed,North-South,9,26.75,4,0.0072,0
3366,Static_120s_Fixed,North-South,7,19.94,2,0.0056,0
3367,Static_120s_Fixed,North-South,16,43.73,4,0.0128,0
3368,Static_120s_Fixed,North-South,13,39.27,3,0.0104,0
3369,Static_120s_Fixed,North-South,17,48.63,1,0.0136,0
3370,Static_120s_Fixed,North-South,8,25.74,2,0.0064,0
3371,Static_120s_Fixed,North-South,17,47.82,4,0.0136,0
3372,Static_120s_Fixed,North-South,7,23.26,0,0.0056,0
3373,Static_120s_Fixed,North-South,18,51.24,3,0.0144,0
3374,Static_120s_Fixed,North-South,8,20.76,1,0.0064,0
3375,Static_120s_Fixed,North-South,13,40.25,3,0.0104,0
3376,Static_120s_Fixed,North-South,13,35.1,4,0.0104,0
3377,Static_120s_Fixed,North-South,6,18.43,1,0.0048,0
3378,Static_120s_Fixed,North-South,9,25.69,0,0.0072,0
3379,Static_120s_Fixed,North-South,9,24.89,3,0.0072,0
3380,Static_120s_Fixed,North-South,9,25.39,2,0.0072,0
3381,Static_120s_Fixed,North-South,11,31.3,4,0.0088,0
3382,Static_120s_Fixed,North-South,11,32.42,2,0.0088,0
3383,Static_120s_Fixed,North-South,4,10.34,4,0.0032,0
3384,Static_120s_Fixed,North-South,6,19.66,0,0.0048,0
3385,Static_120s_Fixed,North-South,8,24.6,1,0.0064,0
3386,Static_120s_Fixed,North-South,9,25.4,3,0.0072,0
3387,Static_120s_Fixed,North-South,17,51.35,4,0.0136,0
3388,Static_120s_Fixed,North-South,11,34.23,3,0.0088,0
3389,Static_120s_Fixed,North-South,13,34.8,2,0.0104,0
3390,Static_120s_Fixed,North-South,13,38.63,0,0.0104,0
3391,Static_120s_Fixed,North-South,13,39.5,1,0.0104,0
3392,Static_120s_Fixed,North-South,6,20.71,1,0.0048,0
3393,Static_120s_Fixed,North-South,10,28.34,1,0.008,0
3394,Static_120s_Fixed,North-South,11,31.43,3,0.0088,0
3395,Static_120s_Fixed,North-South,18,49.19,2,0.0144,0
3396,Static_120s_Fixed,North-South,11,29.42,1,0.0088,0
3397,Static_120s_Fixed,North-South,4,11.82,1,0.0032,0
3398,Static_120s_Fixed,North-South,11,33.37,1,0.0088,0
3399,Static_120s_Fixed,North-South,15,45.51,3,0.012,0
3400,Static_120s_Fixed,North-South,5,16.11,3,0.004,0
3401,Static_120s_Fixed,North-South,11,34.79,1,0.0088,0
3402,Static_120s_Fixed,North-South,12,34.06,3,0.0096,0
3403,Static_120s_Fixed,North-South,17,46.52,3,0.0136,0
3404,Static_120s_Fixed,North-South,16,44.3,0,0.0128,0
3405,Static_120s_Fixed,North-South,9,27,1,0.0072,0
3406,Static_120s_Fixed,North-South,10,29.94,1,0.008,0
3407,Static_120s_Fixed,North-South,13,35.37,2,0.0104,0
3408,Static_120s_Fixed,North-South,11,30.11,1,0.0088,0
3409,Static_120s_Fixed,North-South,11,30.5,2,0.0088,0
3410,Static_120s_Fixed,North-South,12,32.27,0,0.0096,0
3411,Static_120s_Fixed,North-South,12,32.08,1,0.0096,0
3412,Static_120s_Fixed,North-South,14,41.98,1,0.0112,0
3413,Static_120s_Fixed,North-South,10,26.25,1,0.008,0
3414,Static_120s_Fixed,North-South,16,43.79,1,0.0128,0
3415,Static_120s_Fixed,North-South,10,31.29,0,0.008,0
3416,Static_120s_Fixed,North-South,10,30.57,4,0.008,0
3417,Static_120s_Fixed,North-South,9,23.47,0,0.0072,0
3418,Static_120s_Fixed,North-South,8,25.62,1,0.0064,0
3419,Static_120s_Fixed,North-South,13,35.61,4,0.0104,0
3420,Static_120s_Fixed,North-South,10,31.55,1,0.008,0
3421,Static_120s_Fixed,North-South,12,36.47,0,0.0096,0
3422,Static_120s_Fixed,North-South,12,34.79,0,0.0096,0
3423,Static_120s_Fixed,North-South,12,35.83,4,0.0096,0
3424,Static_120s_Fixed,North-South,12,35.24,4,0.0096,0
3425,Static_120s_Fixed,North-South,14,40.9,1,0.0112,0
3426,Static_120s_Fixed,North-South,10,28.26,0,0.008,0
3427,Static_120s_Fixed,North-South,14,37.48,3,0.0112,0
3428,Static_120s_Fixed,North-South,12,32.64,1,0.0096,0
3429,Static_120s_Fixed,North-South,15,41.51,1,0.012,0
3430,Static_120s_Fixed,North-South,8,23.14,3,0.0064,0
3431,Static_120s_Fixed,North-South,11,29.19,4,0.0088,0
3432,Static_120s_Fixed,North-South,13,39.56,2,0.0104,0
3433,Static_120s_Fixed,North-South,16,47.49,2,0.0128,0
3434,Static_120s_Fixed,North-South,10,28.2,2,0.008,0
3435,Static_120s_Fixed,North-South,10,31.24,0,0.008,0
3436,Static_120s_Fixed,North-South,15,42.91,4,0.012,0
3437,Static_120s_Fixed,North-South,15,45.46,4,0.012,0
3438,Static_120s_Fixed,North-South,15,43.47,4,0.012,0
3439,Static_120s_Fixed,North-South,16,44.72,2,0.0128,0
3440,Static_120s_Fixed,North-South,12,36.93,3,0.0096,0
3441,Static_120s_Fixed,North-South,14,38.82,1,0.0112,0
3442,Static_120s_Fixed,North-South,14,39.04,0,0.0112,0
3443,Static_120s_Fixed,North-South,16,47.82,1,0.0128,0
3444,Static_120s_Fixed,North-South,18,49.87,4,0.0144,0
3445,Static_120s_Fixed,North-South,15,44.42,3,0.012,0
3446,Static_120s_Fixed,North-South,9,29.04,0,0.0072,0
3447,Static_120s_Fixed,North-South,5,14.28,2,0.004,0
3448,Static_120s_Fixed,North-South,16,47.79,2,0.0128,0
3449,Static_120s_Fixed,North-South,18,52.51,1,0.0144,0
3450,Static_120s_Fixed,North-South,9,25.85,4,0.0072,0
3451,Static_120s_Fixed,North-South,14,37.31,4,0.0112,0
3452,Static_120s_Fixed,North-South,14,41.19,4,0.0112,0
3453,Static_120s_Fixed,North-South,20,54.67,1,0.016,0
3454,Static_120s_Fixed,North-South,14,37.59,1,0.0112,0
3455,Static_120s_Fixed,North-South,15,42.27,3,0.012,0
3456,Static_120s_Fixed,North-South,17,49.24,3,0.0136,0
3457,Static_120s_Fixed,North-South,15,45.89,2,0.012,0
3458,Static_120s_Fixed,North-South,16,43.82,1,0.0128,0
3459,Static_120s_Fixed,North-South,18,48.87,2,0.0144,0
3460,Static_120s_Fixed,North-South,18,53.6,4,0.0144,0
3461,Static_120s_Fixed,North-South,14,40.35,4,0.0112,0
3462,Static_120s_Fixed,North-South,13,39.72,0,0.0104,0
3463,Static_120s_Fixed,North-South,15,43.54,4,0.012,0
3464,Static_120s_Fixed,North-South,18,52.74,1,0.0144,0
3465,Static_120s_Fixed,North-South,12,35.49,0,0.0096,0
3466,Static_120s_Fixed,North-South,17,47.35,0,0.0136,0
3467,Static_120s_Fixed,North-South,15,40.25,0,0.012,0
3468,Static_120s_Fixed,North-South,12,36.55,3,0.0096,0
3469,Static_120s_Fixed,North-South,16,43.75,3,0.0128,0
3470,Static_120s_Fixed,North-South,12,35.76,3,0.0096,0
3471,Static_120s_Fixed,North-South,14,42.02,2,0.0112,0
3472,Static_120s_Fixed,North-South,15,45.7,2,0.012,0
3473,Static_120s_Fixed,North-South,15,42.32,0,0.012,0
3474,Static_120s_Fixed,North-South,21,61.29,4,0.0168,0
3475,Static_120s_Fixed,North-South,13,34.8,4,0.0104,0
3476,Static_120s_Fixed,North-South,17,46.06,4,0.0136,0
3477,Static_120s_Fixed,North-South,14,40.51,2,0.0112,0
3478,Static_120s_Fixed,North-South,20,59.49,2,0.016,0
3479,Static_120s_Fixed,North-South,17,49.27,1,0.0136,0
3480,Static_120s_Fixed,East-West,12,32.81,4,0.0096,0
3481,Static_120s_Fixed,East-West,14,37.87,4,0.0112,0
3482,Static_120s_Fixed,East-West,14,41.05,3,0.0112,0
3483,Static_120s_Fixed,East-West,14,43.06,1,0.0112,0
3484,Static_120s_Fixed,East-West,19,54.38,2,0.0152,0
3485,Static_120s_Fixed,East-West,17,48.59,1,0.0136,0
3486,Static_120s_Fixed,East-West,17,49.75,3,0.0136,0
3487,Static_120s_Fixed,East-West,16,46.84,3,0.0128,0
3488,Static_120s_Fixed,East-West,12,31.81,0,0.0096,0
3489,Static_120s_Fixed,East-West,16,47.51,4,0.0128,0
3490,Static_120s_Fixed,East-West,17,51.15,0,0.0136,0
3491,Static_120s_Fixed,East-West,12,32.02,2,0.0096,0
3492,Static_120s_Fixed,East-West,17,51.22,0,0.0136,0
3493,Static_120s_Fixed,East-West,12,34.9,2,0.0096,0
3494,Static_120s_Fixed,East-West,16,47.45,2,0.0128,0
3495,Static_120s_Fixed,East-West,15,44.06,2,0.012,0
3496,Static_120s_Fixed,East-West,19,54.55,3,0.0152,0
3497,Static_120s_Fixed,East-West,17,50.54,3,0.0136,0
3498,Static_120s_Fixed,East-West,21,58.21,1,0.0168,0
3499,Static_120s_Fixed,East-West,15,42.88,4,0.012,0
3500,Static_120s_Fixed,East-West,11,30.78,3,0.0088,0
3501,Static_120s_Fixed,East-West,16,44.96,3,0.0128,0
3502,Static_120s_Fixed,East-West,13,37.28,3,0.0104,0
3503,Static_120s_Fixed,East-West,18,49.73,4,0.0144,0
3504,Static_120s_Fixed,East-West,14,37.39,4,0.0112,0
3505,Static_120s_Fixed,East-West,14,43.08,2,0.0112,0
3506,Static_120s_Fixed,East-West,15,43.5,0,0.012,0
3507,Static_120s_Fixed,East-West,16,45.36,1,0.0128,0
3508,Static_120s_Fixed,East-West,15,43.48,0,0.012,0
3509,Static_120s_Fixed,East-West,14,41.64,4,0.0112,0
3510,Static_120s_Fixed,East-West,19,57.16,3,0.0152,0
3511,Static_120s_Fixed,East-West,19,55.23,0,0.0152,0
3512,Static_120s_Fixed,East-West,15,42.69,0,0.012,0
3513,Static_120s_Fixed,East-West,19,53.96,2,0.0152,0
3514,Static_120s_Fixed,East-West,18,53.53,0,0.0144,0
3515,Static_120s_Fixed,East-West,16,46.03,2,0.0128,0
3516,Static_120s_Fixed,East-West,22,62.24,3,0.0176,0
3517,Static_120s_Fixed,East-West,19,55.9,3,0.0152,0
3518,Static_120s_Fixed,East-West,19,53.71,3,0.0152,0
3519,Static_120s_Fixed,East-West,9,23.66,2,0.0072,0
3520,Static_120s_Fixed,East-West,17,49.91,2,0.0136,0
3521,Static_120s_Fixed,East-West,19,57.09,1,0.0152,0
3522,Static_120s_Fixed,East-West,14,42.64,3,0.0112,0
3523,Static_120s_Fixed,East-West,16,47.71,3,0.0128,0
3524,Static_120s_Fixed,East-West,15,40.25,0,0.012,0
3525,Static_120s_Fixed,East-West,21,60.82,1,0.0168,0
3526,Static_120s_Fixed,East-West,18,51.28,0,0.0144,0
3527,Static_120s_Fixed,East-West,19,51.34,3,0.0152,0
3528,Static_120s_Fixed,East-West,9,29.12,4,0.0072,0
3529,Static_120s_Fixed,East-West,20,54.96,3,0.016,0
3530,Static_120s_Fixed,East-West,14,41.02,1,0.0112,0
3531,Static_120s_Fixed,East-West,15,41.57,4,0.012,0
3532,Static_120s_Fixed,East-West,17,51.16,1,0.0136,0
3533,Static_120s_Fixed,East-West,19,56.02,1,0.0152,0
3534,Static_120s_Fixed,East-West,18,49.85,1,0.0144,0
3535,Static_120s_Fixed,East-West,17,45.81,0,0.0136,0
3536,Static_120s_Fixed,East-West,21,57.42,0,0.0168,0
3537,Static_120s_Fixed,East-West,16,48.22,1,0.0128,0
3538,Static_120s_Fixed,East-West,12,35.61,2,0.0096,0
3539,Static_120s_Fixed,East-West,16,44.97,1,0.0128,0
3540,Static_120s_Fixed,East-West,15,45.7,2,0.012,0
3541,Static_120s_Fixed,East-West,20,55.79,4,0.016,0
3542,Static_120s_Fixed,East-West,19,55.35,4,0.0152,0
3543,Static_120s_Fixed,East-West,19,56.57,4,0.0152,0
3544,Static_120s_Fixed,East-West,16,44.21,2,0.0128,0
3545,Static_120s_Fixed,East-West,14,39.67,1,0.0112,0
3546,Static_120s_Fixed,East-West,17,45.64,4,0.0136,0
3547,Static_120s_Fixed,East-West,20,58.36,1,0.016,0
3548,Static_120s_Fixed,East-West,19,54.15,4,0.0152,0
3549,Static_120s_Fixed,East-West,17,46.34,3,0.0136,0
3550,Static_120s_Fixed,East-West,19,56.32,4,0.0152,0
3551,Static_120s_Fixed,East-West,15,45.64,1,0.012,0
3552,Static_120s_Fixed,East-West,16,46.83,2,0.0128,0
3553,Static_120s_Fixed,East-West,20,54.59,2,0.016,0
3554,Static_120s_Fixed,East-West,23,68.15,2,0.0184,0
3555,Static_120s_Fixed,East-West,16,43.58,1,0.0128,0
3556,Static_120s_Fixed,East-West,15,43.26,2,0.012,0
3557,Static_120s_Fixed,East-West,17,51.23,3,0.0136,0
3558,Static_120s_Fixed,East-West,21,61.94,2,0.0168,0
3559,Static_120s_Fixed,East-West,19,55.39,4,0.0152,0
3560,Static_120s_Fixed,East-West,15,40.5,1,0.012,0
3561,Static_120s_Fixed,East-West,14,38.44,4,0.0112,0
3562,Static_120s_Fixed,East-West,19,55.12,2,0.0152,0
3563,Static_120s_Fixed,East-West,17,47.38,4,0.0136,0
3564,Static_120s_Fixed,East-West,16,48.05,4,0.0128,0
3565,Static_120s_Fixed,East-West,14,42.32,0,0.0112,0
3566,Static_120s_Fixed,East-West,11,34.2,0,0.0088,0
3567,Static_120s_Fixed,East-West,21,62.13,0,0.0168,0
3568,Static_120s_Fixed,East-West,23,63.02,1,0.0184,0
3569,Static_120s_Fixed,East-West,19,55.71,1,0.0152,0
3570,Static_120s_Fixed,East-West,26,71.67,0,0.0208,0
3571,Static_120s_Fixed,East-West,17,49.14,4,0.0136,0
3572,Static_120s_Fixed,East-West,23,66.75,3,0.0184,0
3573,Static_120s_Fixed,East-West,16,43.08,0,0.0128,0
3574,Static_120s_Fixed,East-West,16,45.99,3,0.0128,0
3575,Static_120s_Fixed,East-West,16,44.09,3,0.0128,0
3576,Static_120s_Fixed,East-West,22,62.26,4,0.0176,0
3577,Static_120s_Fixed,East-West,19,56.12,4,0.0152,0
3578,Static_120s_Fixed,East-West,19,52.14,4,0.0152,0
3579,Static_120s_Fixed,East-West,23,67.86,0,0.0184,0
3580,Static_120s_Fixed,East-West,23,64.65,3,0.0184,0
3581,Static_120s_Fixed,East-West,23,68.09,2,0.0184,0
3582,Static_120s_Fixed,East-West,21,59.3,0,0.0168,0
3583,Static_120s_Fixed,East-West,20,58.63,1,0.016,0
3584,Static_120s_Fixed,East-West,19,51.99,1,0.0152,0
3585,Static_120s_Fixed,East-West,20,58.91,2,0.016,0
3586,Static_120s_Fixed,East-West,15,42.91,4,0.012,0
3587,Static_120s_Fixed,East-West,16,45,1,0.0128,0
3588,Static_120s_Fixed,East-West,18,48.42,0,0.0144,0
3589,Static_120s_Fixed,East-West,17,47.09,1,0.0136,0
3590,Static_120s_Fixed,East-West,19,55.47,4,0.0152,0
3591,Static_120s_Fixed,East-West,20,57.14,4,0.016,0
3592,Static_120s_Fixed,East-West,21,60.5,2,0.0168,0
3593,Static_120s_Fixed,East-West,19,52.21,2,0.0152,0
3594,Static_120s_Fixed,East-West,21,57.62,4,0.0168,0
3595,Static_120s_Fixed,East-West,18,50.09,4,0.0144,0
3596,Static_120s_Fixed,East-West,14,38.24,3,0.0112,0
3597,Static_120s_Fixed,East-West,22,59.7,0,0.0176,0
3598,Static_120s_Fixed,East-West,18,48.61,2,0.0144,0
3599,Static_120s_Fixed,East-West,26,75.44,0,0.0208,0
3600,Static_120s_Fixed,North-South,19,52.03,3,0.0152,0
1,RL_PPO_Dynamic,North-South,5,8,2,0.004,0
2,RL_PPO_Dynamic,North-South,2,4.28,3,0.0016,0
3,RL_PPO_Dynamic,North-South,3,4.88,2,0.0024,0
4,RL_PPO_Dynamic,North-South,4,5.07,1,0.0032,0
5,RL_PPO_Dynamic,North-South,3,4.12,5,0.0024,0
6,RL_PPO_Dynamic,North-South,5,9.47,1,0.004,0
7,RL_PPO_Dynamic,North-South,6,8.03,4,0.0048,0
8,RL_PPO_Dynamic,North-South,4,6.2,3,0.0032,0
9,RL_PPO_Dynamic,North-South,4,6.65,2,0.0032,0
10,RL_PPO_Dynamic,North-South,3,4.31,4,0.0024,0
11,RL_PPO_Dynamic,North-South,5,9.01,4,0.004,0
12,RL_PPO_Dynamic,North-South,2,4.86,3,0.0016,0
13,RL_PPO_Dynamic,North-South,5,8.68,2,0.004,0
14,RL_PPO_Dynamic,North-South,5,6.89,3,0.004,0
15,RL_PPO_Dynamic,North-South,1,2,2,0.0008,0
16,RL_PPO_Dynamic,North-South,3,5.87,5,0.0024,0
17,RL_PPO_Dynamic,North-South,4,6.49,5,0.0032,0
18,RL_PPO_Dynamic,North-South,5,8.35,3,0.004,0
19,RL_PPO_Dynamic,North-South,1,2.93,4,0.0008,0
20,RL_PPO_Dynamic,North-South,5,6.74,6,0.004,0
21,RL_PPO_Dynamic,North-South,2,3.6,3,0.0016,0
22,RL_PPO_Dynamic,North-South,3,5.31,6,0.0024,0
23,RL_PPO_Dynamic,North-South,4,7.74,4,0.0032,0
24,RL_PPO_Dynamic,North-South,2,3.39,4,0.0016,0
25,RL_PPO_Dynamic,North-South,3,4.69,1,0.0024,0
26,RL_PPO_Dynamic,North-South,1,2,5,0.0008,0
27,RL_PPO_Dynamic,North-South,2,2.44,5,0.0016,0
28,RL_PPO_Dynamic,North-South,3,5.85,4,0.0024,0
29,RL_PPO_Dynamic,North-South,2,3.12,2,0.0016,0
30,RL_PPO_Dynamic,North-South,4,5.26,1,0.0032,0
31,RL_PPO_Dynamic,North-South,6,10.42,5,0.0048,0
32,RL_PPO_Dynamic,North-South,5,7.54,6,0.004,0
33,RL_PPO_Dynamic,North-South,0,2,3,0,0
34,RL_PPO_Dynamic,North-South,4,7.45,3,0.0032,0
35,RL_PPO_Dynamic,North-South,5,9.11,3,0.004,0
36,RL_PPO_Dynamic,North-South,8,12.33,1,0.0064,0
37,RL_PPO_Dynamic,North-South,3,5.81,1,0.0024,0
38,RL_PPO_Dynamic,North-South,3,3.64,6,0.0024,0
39,RL_PPO_Dynamic,North-South,4,6.39,6,0.0032,0
40,RL_PPO_Dynamic,North-South,5,9.02,4,0.004,0
41,RL_PPO_Dynamic,North-South,5,9.16,2,0.004,0
42,RL_PPO_Dynamic,North-South,5,7.33,4,0.004,0
43,RL_PPO_Dynamic,North-South,4,5.48,2,0.0032,0
44,RL_PPO_Dynamic,North-South,3,4.48,1,0.0024,0
45,RL_PPO_Dynamic,East-West,5,8.33,6,0.004,0
46,RL_PPO_Dynamic,East-West,6,8.27,4,0.0048,0
47,RL_PPO_Dynamic,East-West,2,4.43,3,0.0016,0
48,RL_PPO_Dynamic,East-West,3,4.12,4,0.0024,0
49,RL_PPO_Dynamic,East-West,4,6.81,2,0.0032,0
50,RL_PPO_Dynamic,East-West,4,6.11,5,0.0032,0
51,RL_PPO_Dynamic,East-West,3,5.53,5,0.0024,0
52,RL_PPO_Dynamic,East-West,5,6.76,6,0.004,0
53,RL_PPO_Dynamic,East-West,4,6.42,4,0.0032,0
54,RL_PPO_Dynamic,East-West,5,8.25,1,0.004,0
55,RL_PPO_Dynamic,East-West,5,7.38,4,0.004,0
56,RL_PPO_Dynamic,East-West,7,10.28,6,0.0056,0
57,RL_PPO_Dynamic,East-West,5,7.59,3,0.004,0
58,RL_PPO_Dynamic,East-West,2,2.26,3,0.0016,0
59,RL_PPO_Dynamic,East-West,5,9.23,3,0.004,0
60,RL_PPO_Dynamic,East-West,5,6.53,6,0.004,0
61,RL_PPO_Dynamic,East-West,9,13.46,1,0.0072,0
62,RL_PPO_Dynamic,East-West,5,7.33,1,0.004,0
63,RL_PPO_Dynamic,East-West,6,8.61,5,0.0048,0
64,RL_PPO_Dynamic,East-West,5,9.09,5,0.004,0
65,RL_PPO_Dynamic,East-West,5,9.37,2,0.004,0
66,RL_PPO_Dynamic,East-West,2,2.47,5,0.0016,0
67,RL_PPO_Dynamic,East-West,7,10.01,1,0.0056,0
68,RL_PPO_Dynamic,East-West,7,11.06,3,0.0056,0
69,RL_PPO_Dynamic,East-West,4,6.54,3,0.0032,0
70,RL_PPO_Dynamic,East-West,4,5.49,4,0.0032,0
71,RL_PPO_Dynamic,East-West,6,9.63,1,0.0048,0
72,RL_PPO_Dynamic,East-West,8,12.13,3,0.0064,0
73,RL_PPO_Dynamic,East-West,5,7.41,4,0.004,0
74,RL_PPO_Dynamic,East-West,3,4.24,5,0.0024,0
75,RL_PPO_Dynamic,East-West,5,8.7,6,0.004,0
76,RL_PPO_Dynamic,East-West,5,7.58,4,0.004,0
77,RL_PPO_Dynamic,East-West,6,10.75,2,0.0048,0
78,RL_PPO_Dynamic,East-West,1,2,3,0.0008,0
79,RL_PPO_Dynamic,East-West,5,7.95,5,0.004,0
80,RL_PPO_Dynamic,East-West,5,9.06,1,0.004,0
81,RL_PPO_Dynamic,East-West,6,8.96,1,0.0048,0
82,RL_PPO_Dynamic,East-West,5,8.28,1,0.004,0
83,RL_PPO_Dynamic,East-West,5,8.08,6,0.004,0
84,RL_PPO_Dynamic,East-West,5,9.23,4,0.004,0
85,RL_PPO_Dynamic,East-West,7,9.92,3,0.0056,0
86,RL_PPO_Dynamic,East-West,2,3.12,4,0.0016,0
87,RL_PPO_Dynamic,East-West,6,8.86,3,0.0048,0
88,RL_PPO_Dynamic,East-West,8,11.56,4,0.0064,0
89,RL_PPO_Dynamic,East-West,5,9.37,4,0.004,0
90,RL_PPO_Dynamic,North-South,4,6.15,6,0.0032,0
91,RL_PPO_Dynamic,North-South,5,8.04,5,0.004,0
92,RL_PPO_Dynamic,North-South,5,7.48,4,0.004,0
93,RL_PPO_Dynamic,North-South,7,11.37,6,0.0056,0
94,RL_PPO_Dynamic,North-South,5,7.2,6,0.004,0
95,RL_PPO_Dynamic,North-South,6,9.43,5,0.0048,0
96,RL_PPO_Dynamic,North-South,4,6.85,1,0.0032,0
97,RL_PPO_Dynamic,North-South,6,9.69,3,0.0048,0
98,RL_PPO_Dynamic,North-South,5,7.27,5,0.004,0
99,RL_PPO_Dynamic,North-South,5,9.44,1,0.004,0
100,RL_PPO_Dynamic,North-South,5,9.22,1,0.004,0
101,RL_PPO_Dynamic,North-South,5,8.12,2,0.004,0
102,RL_PPO_Dynamic,North-South,4,6.18,4,0.0032,0
103,RL_PPO_Dynamic,North-South,3,5.83,6,0.0024,0
104,RL_PPO_Dynamic,North-South,5,8.87,3,0.004,0
105,RL_PPO_Dynamic,North-South,6,8.76,4,0.0048,0
106,RL_PPO_Dynamic,North-South,4,5.48,5,0.0032,0
107,RL_PPO_Dynamic,North-South,4,5.57,1,0.0032,0
108,RL_PPO_Dynamic,North-South,6,10.09,6,0.0048,0
109,RL_PPO_Dynamic,North-South,7,9.8,2,0.0056,0
110,RL_PPO_Dynamic,North-South,3,5.36,5,0.0024,0
111,RL_PPO_Dynamic,North-South,5,8.56,4,0.004,0
112,RL_PPO_Dynamic,North-South,7,11.63,5,0.0056,0
113,RL_PPO_Dynamic,North-South,4,7.6,3,0.0032,0
114,RL_PPO_Dynamic,North-South,4,7.78,5,0.0032,0
115,RL_PPO_Dynamic,North-South,3,5.12,4,0.0024,0
116,RL_PPO_Dynamic,North-South,5,6.95,1,0.004,0
117,RL_PPO_Dynamic,North-South,6,9.2,3,0.0048,0
118,RL_PPO_Dynamic,North-South,5,8.43,6,0.004,0
119,RL_PPO_Dynamic,North-South,4,7.77,1,0.0032,0
120,RL_PPO_Dynamic,North-South,4,7.67,4,0.0032,0
121,RL_PPO_Dynamic,North-South,5,8.04,5,0.004,0
122,RL_PPO_Dynamic,North-South,5,8.24,6,0.004,0
123,RL_PPO_Dynamic,North-South,6,9.73,1,0.0048,0
124,RL_PPO_Dynamic,North-South,8,11.43,3,0.0064,0
125,RL_PPO_Dynamic,North-South,8,12.69,3,0.0064,0
126,RL_PPO_Dynamic,North-South,8,13.09,1,0.0064,0
127,RL_PPO_Dynamic,North-South,7,10.42,1,0.0056,0
128,RL_PPO_Dynamic,North-South,5,7.79,5,0.004,0
129,RL_PPO_Dynamic,North-South,6,9.13,5,0.0048,0
130,RL_PPO_Dynamic,North-South,6,9.27,4,0.0048,0
131,RL_PPO_Dynamic,North-South,3,3.69,6,0.0024,0
132,RL_PPO_Dynamic,North-South,6,10.35,5,0.0048,0
133,RL_PPO_Dynamic,North-South,6,9.48,6,0.0048,0
134,RL_PPO_Dynamic,North-South,6,10.78,3,0.0048,0
135,RL_PPO_Dynamic,East-West,4,5.99,4,0.0032,0
136,RL_PPO_Dynamic,East-West,6,9.92,1,0.0048,0
137,RL_PPO_Dynamic,East-West,7,12.38,1,0.0056,0
138,RL_PPO_Dynamic,East-West,5,8.84,3,0.004,0
139,RL_PPO_Dynamic,East-West,4,5.8,4,0.0032,0
140,RL_PPO_Dynamic,East-West,6,8.9,2,0.0048,0
141,RL_PPO_Dynamic,East-West,4,7.16,2,0.0032,0
142,RL_PPO_Dynamic,East-West,6,9.83,6,0.0048,0
143,RL_PPO_Dynamic,East-West,5,8.28,4,0.004,0
144,RL_PPO_Dynamic,East-West,2,2.64,4,0.0016,0
145,RL_PPO_Dynamic,East-West,2,2.02,3,0.0016,0
146,RL_PPO_Dynamic,East-West,7,10.08,4,0.0056,0
147,RL_PPO_Dynamic,East-West,6,10.41,3,0.0048,0
148,RL_PPO_Dynamic,East-West,7,11.1,3,0.0056,0
149,RL_PPO_Dynamic,East-West,3,4.03,6,0.0024,0
150,RL_PPO_Dynamic,East-West,8,12.26,1,0.0064,0
151,RL_PPO_Dynamic,East-West,6,8.27,2,0.0048,0
152,RL_PPO_Dynamic,East-West,7,11.41,4,0.0056,0
153,RL_PPO_Dynamic,East-West,5,6.78,4,0.004,0
154,RL_PPO_Dynamic,East-West,7,11.6,5,0.0056,0
155,RL_PPO_Dynamic,East-West,7,11.66,1,0.0056,0
156,RL_PPO_Dynamic,East-West,7,10.13,5,0.0056,0
157,RL_PPO_Dynamic,East-West,2,3.65,2,0.0016,0
158,RL_PPO_Dynamic,East-West,7,9.64,2,0.0056,0
159,RL_PPO_Dynamic,East-West,8,11.02,3,0.0064,0
160,RL_PPO_Dynamic,East-West,7,9.5,3,0.0056,0
161,RL_PPO_Dynamic,East-West,7,10.45,6,0.0056,0
162,RL_PPO_Dynamic,East-West,8,13.09,5,0.0064,0
163,RL_PPO_Dynamic,East-West,8,13.8,2,0.0064,0
164,RL_PPO_Dynamic,East-West,6,10.63,2,0.0048,0
165,RL_PPO_Dynamic,East-West,5,7.33,2,0.004,0
166,RL_PPO_Dynamic,East-West,5,8.93,1,0.004,0
167,RL_PPO_Dynamic,East-West,6,10.38,5,0.0048,0
168,RL_PPO_Dynamic,East-West,5,7.67,1,0.004,0
169,RL_PPO_Dynamic,East-West,5,7.69,3,0.004,0
170,RL_PPO_Dynamic,East-West,6,10.09,3,0.0048,0
171,RL_PPO_Dynamic,East-West,7,11.02,3,0.0056,0
172,RL_PPO_Dynamic,East-West,4,6.51,3,0.0032,0
173,RL_PPO_Dynamic,East-West,4,7.49,1,0.0032,0
174,RL_PPO_Dynamic,East-West,4,7.64,4,0.0032,0
175,RL_PPO_Dynamic,East-West,5,7.54,3,0.004,0
176,RL_PPO_Dynamic,East-West,6,9.41,3,0.0048,0
177,RL_PPO_Dynamic,East-West,6,10.05,4,0.0048,0
178,RL_PPO_Dynamic,East-West,6,10.09,4,0.0048,0
179,RL_PPO_Dynamic,East-West,7,11.98,3,0.0056,0
180,RL_PPO_Dynamic,North-South,8,11.26,4,0.0064,0
181,RL_PPO_Dynamic,North-South,5,8.87,3,0.004,0
182,RL_PPO_Dynamic,North-South,5,7.84,2,0.004,0
183,RL_PPO_Dynamic,North-South,6,8.26,1,0.0048,0
184,RL_PPO_Dynamic,North-South,5,9.05,4,0.004,0
185,RL_PPO_Dynamic,North-South,8,11.74,3,0.0064,0
186,RL_PPO_Dynamic,North-South,4,7.07,5,0.0032,0
187,RL_PPO_Dynamic,North-South,4,5.39,4,0.0032,0
188,RL_PPO_Dynamic,North-South,6,9.87,3,0.0048,0
189,RL_PPO_Dynamic,North-South,9,13.17,3,0.0072,0
190,RL_PPO_Dynamic,North-South,5,6.92,1,0.004,0
191,RL_PPO_Dynamic,North-South,7,12.06,5,0.0056,0
192,RL_PPO_Dynamic,North-South,8,13.51,6,0.0064,0
193,RL_PPO_Dynamic,North-South,6,9.3,4,0.0048,0
194,RL_PPO_Dynamic,North-South,5,6.63,5,0.004,0
195,RL_PPO_Dynamic,North-South,4,7.98,1,0.0032,0
196,RL_PPO_Dynamic,North-South,5,7.63,4,0.004,0
197,RL_PPO_Dynamic,North-South,6,8.06,3,0.0048,0
198,RL_PPO_Dynamic,North-South,6,10.53,3,0.0048,0
199,RL_PPO_Dynamic,North-South,5,9.01,4,0.004,0
200,RL_PPO_Dynamic,North-South,5,7.05,4,0.004,0
201,RL_PPO_Dynamic,North-South,7,11.01,6,0.0056,0
202,RL_PPO_Dynamic,North-South,5,6.72,6,0.004,0
203,RL_PPO_Dynamic,North-South,6,10.32,4,0.0048,0
204,RL_PPO_Dynamic,North-South,7,9.5,1,0.0056,0
205,RL_PPO_Dynamic,North-South,7,11.69,1,0.0056,0
206,RL_PPO_Dynamic,North-South,7,12.4,5,0.0056,0
207,RL_PPO_Dynamic,North-South,5,8.92,4,0.004,0
208,RL_PPO_Dynamic,North-South,5,7.88,4,0.004,0
209,RL_PPO_Dynamic,North-South,6,9.76,2,0.0048,0
210,RL_PPO_Dynamic,North-South,6,8.24,3,0.0048,0
211,RL_PPO_Dynamic,North-South,6,8.69,2,0.0048,0
212,RL_PPO_Dynamic,North-South,7,12.26,2,0.0056,0
213,RL_PPO_Dynamic,North-South,7,10.79,3,0.0056,0
214,RL_PPO_Dynamic,North-South,8,11.44,5,0.0064,0
215,RL_PPO_Dynamic,North-South,4,7.04,5,0.0032,0
216,RL_PPO_Dynamic,North-South,7,10.23,6,0.0056,0
217,RL_PPO_Dynamic,North-South,8,11.22,1,0.0064,0
218,RL_PPO_Dynamic,North-South,7,12.41,3,0.0056,0
219,RL_PPO_Dynamic,North-South,5,7.26,3,0.004,0
220,RL_PPO_Dynamic,North-South,8,13.27,1,0.0064,0
221,RL_PPO_Dynamic,North-South,8,13.4,4,0.0064,0
222,RL_PPO_Dynamic,North-South,8,13.77,4,0.0064,0
223,RL_PPO_Dynamic,North-South,8,12.17,5,0.0064,0
224,RL_PPO_Dynamic,North-South,6,8.65,5,0.0048,0
225,RL_PPO_Dynamic,East-West,8,12.99,2,0.0064,0
226,RL_PPO_Dynamic,East-West,7,12.1,2,0.0056,0
227,RL_PPO_Dynamic,East-West,6,8.15,2,0.0048,0
228,RL_PPO_Dynamic,East-West,6,10.33,3,0.0048,0
229,RL_PPO_Dynamic,East-West,6,10.87,1,0.0048,0
230,RL_PPO_Dynamic,East-West,6,9.55,3,0.0048,0
231,RL_PPO_Dynamic,East-West,5,6.75,2,0.004,0
232,RL_PPO_Dynamic,East-West,7,12.48,6,0.0056,0
233,RL_PPO_Dynamic,East-West,8,12.23,5,0.0064,0
234,RL_PPO_Dynamic,East-West,9,14.71,2,0.0072,0
235,RL_PPO_Dynamic,East-West,7,9.88,6,0.0056,0
236,RL_PPO_Dynamic,East-West,6,9.74,1,0.0048,0
237,RL_PPO_Dynamic,East-West,6,9.08,2,0.0048,0
238,RL_PPO_Dynamic,East-West,6,9.81,1,0.0048,0
239,RL_PPO_Dynamic,East-West,8,13.32,6,0.0064,0
240,RL_PPO_Dynamic,East-West,8,13.64,3,0.0064,0
241,RL_PPO_Dynamic,East-West,4,7.24,3,0.0032,0
242,RL_PPO_Dynamic,East-West,3,6.27,3,0.0024,0
243,RL_PPO_Dynamic,East-West,7,11.01,1,0.0056,0
244,RL_PPO_Dynamic,East-West,6,9.6,2,0.0048,0
245,RL_PPO_Dynamic,East-West,6,9.11,5,0.0048,0
246,RL_PPO_Dynamic,East-West,3,5.4,1,0.0024,0
247,RL_PPO_Dynamic,East-West,5,8.69,5,0.004,0
248,RL_PPO_Dynamic,East-West,8,13.56,4,0.0064,0
249,RL_PPO_Dynamic,East-West,5,7.21,6,0.004,0
250,RL_PPO_Dynamic,East-West,8,13,2,0.0064,0
251,RL_PPO_Dynamic,East-West,5,7.73,4,0.004,0
252,RL_PPO_Dynamic,East-West,7,10.81,5,0.0056,0
253,RL_PPO_Dynamic,East-West,5,9.37,6,0.004,0
254,RL_PPO_Dynamic,East-West,7,11.1,1,0.0056,0
255,RL_PPO_Dynamic,East-West,5,7.9,4,0.004,0
256,RL_PPO_Dynamic,East-West,8,11.36,6,0.0064,0
257,RL_PPO_Dynamic,East-West,6,8.41,6,0.0048,0
258,RL_PPO_Dynamic,East-West,6,9.68,1,0.0048,0
259,RL_PPO_Dynamic,East-West,6,10.5,2,0.0048,0
260,RL_PPO_Dynamic,East-West,6,10.61,4,0.0048,0
261,RL_PPO_Dynamic,East-West,3,6.31,1,0.0024,0
262,RL_PPO_Dynamic,East-West,6,10.98,2,0.0048,0
263,RL_PPO_Dynamic,East-West,7,11.31,3,0.0056,0
264,RL_PPO_Dynamic,East-West,7,10.59,5,0.0056,0
265,RL_PPO_Dynamic,East-West,7,10.21,3,0.0056,0
266,RL_PPO_Dynamic,East-West,6,9.56,1,0.0048,0
267,RL_PPO_Dynamic,East-West,7,12.31,2,0.0056,0
268,RL_PPO_Dynamic,East-West,7,11.12,6,0.0056,0
269,RL_PPO_Dynamic,East-West,9,12.7,2,0.0072,0
270,RL_PPO_Dynamic,North-South,7,11.46,2,0.0056,0
271,RL_PPO_Dynamic,North-South,7,12.17,3,0.0056,0
272,RL_PPO_Dynamic,North-South,6,10.45,2,0.0048,0
273,RL_PPO_Dynamic,North-South,4,5.97,2,0.0032,0
274,RL_PPO_Dynamic,North-South,2,4.4,3,0.0016,0
275,RL_PPO_Dynamic,North-South,4,5.22,6,0.0032,0
276,RL_PPO_Dynamic,North-South,6,8.58,2,0.0048,0
277,RL_PPO_Dynamic,North-South,8,13.4,2,0.0064,0
278,RL_PPO_Dynamic,North-South,9,13.65,1,0.0072,0
279,RL_PPO_Dynamic,North-South,7,11.38,5,0.0056,0
280,RL_PPO_Dynamic,North-South,7,11.43,2,0.0056,0
281,RL_PPO_Dynamic,North-South,8,11.3,3,0.0064,0
282,RL_PPO_Dynamic,North-South,6,8.52,6,0.0048,0
283,RL_PPO_Dynamic,North-South,5,6.51,6,0.004,0
284,RL_PPO_Dynamic,North-South,5,8.35,2,0.004,0
285,RL_PPO_Dynamic,North-South,4,5.06,3,0.0032,0
286,RL_PPO_Dynamic,North-South,7,9.98,1,0.0056,0
287,RL_PPO_Dynamic,North-South,5,9.17,3,0.004,0
288,RL_PPO_Dynamic,North-South,6,10.85,4,0.0048,0
289,RL_PPO_Dynamic,North-South,5,8.48,6,0.004,0
290,RL_PPO_Dynamic,North-South,5,7.96,4,0.004,0
291,RL_PPO_Dynamic,North-South,5,9.1,2,0.004,0
292,RL_PPO_Dynamic,North-South,9,15.4,4,0.0072,0
293,RL_PPO_Dynamic,North-South,7,12.34,5,0.0056,0
294,RL_PPO_Dynamic,North-South,6,9.59,6,0.0048,0
295,RL_PPO_Dynamic,North-South,8,12.45,2,0.0064,0
296,RL_PPO_Dynamic,North-South,7,10.36,2,0.0056,0
297,RL_PPO_Dynamic,North-South,8,13.05,4,0.0064,0
298,RL_PPO_Dynamic,North-South,9,15.47,2,0.0072,0
299,RL_PPO_Dynamic,North-South,7,11.72,3,0.0056,0
300,RL_PPO_Dynamic,North-South,5,6.58,1,0.004,0
301,RL_PPO_Dynamic,North-South,6,8.2,2,0.0048,0
302,RL_PPO_Dynamic,North-South,7,12.32,6,0.0056,0
303,RL_PPO_Dynamic,North-South,6,10.41,1,0.0048,0
304,RL_PPO_Dynamic,North-South,5,7.73,3,0.004,0
305,RL_PPO_Dynamic,North-South,7,11.88,1,0.0056,0
306,RL_PPO_Dynamic,North-South,5,9.17,4,0.004,0
307,RL_PPO_Dynamic,North-South,8,11.58,3,0.0064,0
308,RL_PPO_Dynamic,North-South,7,11.25,4,0.0056,0
309,RL_PPO_Dynamic,North-South,5,8.39,5,0.004,0
310,RL_PPO_Dynamic,North-South,7,11.74,3,0.0056,0
311,RL_PPO_Dynamic,North-South,6,8.74,3,0.0048,0
312,RL_PPO_Dynamic,North-South,5,7.87,3,0.004,0
313,RL_PPO_Dynamic,North-South,8,11.92,5,0.0064,0
314,RL_PPO_Dynamic,North-South,7,10.92,1,0.0056,0
315,RL_PPO_Dynamic,East-West,7,10.74,6,0.0056,0
316,RL_PPO_Dynamic,East-West,5,6.96,2,0.004,0
317,RL_PPO_Dynamic,East-West,5,9.07,6,0.004,0
318,RL_PPO_Dynamic,East-West,4,6.96,5,0.0032,0
319,RL_PPO_Dynamic,East-West,6,9.32,2,0.0048,0
320,RL_PPO_Dynamic,East-West,6,9.95,6,0.0048,0
321,RL_PPO_Dynamic,East-West,8,12.25,2,0.0064,0
322,RL_PPO_Dynamic,East-West,11,15.76,4,0.0088,0
323,RL_PPO_Dynamic,East-West,8,13.66,4,0.0064,0
324,RL_PPO_Dynamic,East-West,7,10.6,1,0.0056,0
325,RL_PPO_Dynamic,East-West,5,8.35,4,0.004,0
326,RL_PPO_Dynamic,East-West,8,13.98,5,0.0064,0
327,RL_PPO_Dynamic,East-West,8,12.44,5,0.0064,0
328,RL_PPO_Dynamic,East-West,4,6.87,4,0.0032,0
329,RL_PPO_Dynamic,East-West,6,10.44,4,0.0048,0
330,RL_PPO_Dynamic,East-West,9,15.4,2,0.0072,0
331,RL_PPO_Dynamic,East-West,6,8.24,6,0.0048,0
332,RL_PPO_Dynamic,East-West,5,8.22,2,0.004,0
333,RL_PPO_Dynamic,East-West,5,8.99,1,0.004,0
334,RL_PPO_Dynamic,East-West,7,11.96,2,0.0056,0
335,RL_PPO_Dynamic,East-West,6,10.41,4,0.0048,0
336,RL_PPO_Dynamic,East-West,6,8.67,5,0.0048,0
337,RL_PPO_Dynamic,East-West,7,10.05,6,0.0056,0
338,RL_PPO_Dynamic,East-West,7,12.15,6,0.0056,0
339,RL_PPO_Dynamic,East-West,9,13.15,4,0.0072,0
340,RL_PPO_Dynamic,East-West,7,11.6,1,0.0056,0
341,RL_PPO_Dynamic,East-West,5,9.38,2,0.004,0
342,RL_PPO_Dynamic,East-West,4,6.76,6,0.0032,0
343,RL_PPO_Dynamic,East-West,8,12.98,4,0.0064,0
344,RL_PPO_Dynamic,East-West,3,3.78,5,0.0024,0
345,RL_PPO_Dynamic,East-West,5,8.94,2,0.004,0
346,RL_PPO_Dynamic,East-West,7,11.31,4,0.0056,0
347,RL_PPO_Dynamic,East-West,6,9.82,1,0.0048,0
348,RL_PPO_Dynamic,East-West,5,7.22,5,0.004,0
349,RL_PPO_Dynamic,East-West,7,11.16,1,0.0056,0
350,RL_PPO_Dynamic,East-West,8,11.05,1,0.0064,0
351,RL_PPO_Dynamic,East-West,5,7.54,2,0.004,0
352,RL_PPO_Dynamic,East-West,5,9.43,1,0.004,0
353,RL_PPO_Dynamic,East-West,7,11.85,1,0.0056,0
354,RL_PPO_Dynamic,East-West,7,11.06,5,0.0056,0
355,RL_PPO_Dynamic,East-West,2,4.55,5,0.0016,0
356,RL_PPO_Dynamic,East-West,5,7.89,2,0.004,0
357,RL_PPO_Dynamic,East-West,5,6.75,1,0.004,0
358,RL_PPO_Dynamic,East-West,6,10.71,3,0.0048,0
359,RL_PPO_Dynamic,East-West,7,12.07,2,0.0056,0
360,RL_PPO_Dynamic,North-South,6,10.48,6,0.0048,0
361,RL_PPO_Dynamic,North-South,6,10.04,2,0.0048,0
362,RL_PPO_Dynamic,North-South,7,11.13,2,0.0056,0
363,RL_PPO_Dynamic,North-South,7,9.98,5,0.0056,0
364,RL_PPO_Dynamic,North-South,7,9.73,3,0.0056,0
365,RL_PPO_Dynamic,North-South,6,8.73,2,0.0048,0
366,RL_PPO_Dynamic,North-South,4,7.72,2,0.0032,0
367,RL_PPO_Dynamic,North-South,7,11.54,1,0.0056,0
368,RL_PPO_Dynamic,North-South,5,9.08,2,0.004,0
369,RL_PPO_Dynamic,North-South,9,13.98,4,0.0072,0
370,RL_PPO_Dynamic,North-South,6,10.62,6,0.0048,0
371,RL_PPO_Dynamic,North-South,5,9.24,2,0.004,0
372,RL_PPO_Dynamic,North-South,6,8.56,3,0.0048,0
373,RL_PPO_Dynamic,North-South,6,8.32,2,0.0048,0
374,RL_PPO_Dynamic,North-South,4,7.9,6,0.0032,0
375,RL_PPO_Dynamic,North-South,5,8.16,5,0.004,0
376,RL_PPO_Dynamic,North-South,8,12.01,5,0.0064,0
377,RL_PPO_Dynamic,North-South,6,9.08,3,0.0048,0
378,RL_PPO_Dynamic,North-South,6,9.32,3,0.0048,0
379,RL_PPO_Dynamic,North-South,8,13.84,4,0.0064,0
380,RL_PPO_Dynamic,North-South,10,16.86,1,0.008,0
381,RL_PPO_Dynamic,North-South,6,8.5,4,0.0048,0
382,RL_PPO_Dynamic,North-South,4,5.97,5,0.0032,0
383,RL_PPO_Dynamic,North-South,7,10.86,5,0.0056,0
384,RL_PPO_Dynamic,North-South,5,9.29,2,0.004,0
385,RL_PPO_Dynamic,North-South,5,9.37,3,0.004,0
386,RL_PPO_Dynamic,North-South,4,5.15,1,0.0032,0
387,RL_PPO_Dynamic,North-South,6,10.67,3,0.0048,0
388,RL_PPO_Dynamic,North-South,8,12.66,1,0.0064,0
389,RL_PPO_Dynamic,North-South,7,10.14,6,0.0056,0
390,RL_PPO_Dynamic,North-South,6,8.95,2,0.0048,0
391,RL_PPO_Dynamic,North-South,4,6.57,6,0.0032,0
392,RL_PPO_Dynamic,North-South,6,9.8,4,0.0048,0
393,RL_PPO_Dynamic,North-South,6,9.73,3,0.0048,0
394,RL_PPO_Dynamic,North-South,5,6.59,3,0.004,0
395,RL_PPO_Dynamic,North-South,10,14.71,3,0.008,0
396,RL_PPO_Dynamic,North-South,6,10.65,6,0.0048,0
397,RL_PPO_Dynamic,North-South,6,9.01,1,0.0048,0
398,RL_PPO_Dynamic,North-South,4,6.12,5,0.0032,0
399,RL_PPO_Dynamic,North-South,5,6.94,5,0.004,0
400,RL_PPO_Dynamic,North-South,6,10.72,3,0.0048,0
401,RL_PPO_Dynamic,North-South,5,7.79,3,0.004,0
402,RL_PPO_Dynamic,North-South,9,14.37,2,0.0072,0
403,RL_PPO_Dynamic,North-South,9,12.55,6,0.0072,0
404,RL_PPO_Dynamic,North-South,8,11.31,2,0.0064,0
405,RL_PPO_Dynamic,East-West,4,7.65,5,0.0032,0
406,RL_PPO_Dynamic,East-West,5,6.87,6,0.004,0
407,RL_PPO_Dynamic,East-West,6,10.07,1,0.0048,0
408,RL_PPO_Dynamic,East-West,7,10.76,6,0.0056,0
409,RL_PPO_Dynamic,East-West,6,9.4,1,0.0048,0
410,RL_PPO_Dynamic,East-West,7,9.72,5,0.0056,0
411,RL_PPO_Dynamic,East-West,8,12.96,2,0.0064,0
412,RL_PPO_Dynamic,East-West,6,8.82,5,0.0048,0
413,RL_PPO_Dynamic,East-West,8,13.37,5,0.0064,0
414,RL_PPO_Dynamic,East-West,5,8.34,3,0.004,0
415,RL_PPO_Dynamic,East-West,7,12.02,1,0.0056,0
416,RL_PPO_Dynamic,East-West,4,5.98,5,0.0032,0
417,RL_PPO_Dynamic,East-West,5,8.5,4,0.004,0
418,RL_PPO_Dynamic,East-West,3,3.71,6,0.0024,0
419,RL_PPO_Dynamic,East-West,3,3.9,4,0.0024,0
420,RL_PPO_Dynamic,East-West,5,9.37,5,0.004,0
421,RL_PPO_Dynamic,East-West,6,8.94,6,0.0048,0
422,RL_PPO_Dynamic,East-West,6,8.62,6,0.0048,0
423,RL_PPO_Dynamic,East-West,3,5.6,2,0.0024,0
424,RL_PPO_Dynamic,East-West,8,11.31,6,0.0064,0
425,RL_PPO_Dynamic,East-West,6,10.77,3,0.0048,0
426,RL_PPO_Dynamic,East-West,5,8.08,3,0.004,0
427,RL_PPO_Dynamic,East-West,4,6.24,3,0.0032,0
428,RL_PPO_Dynamic,East-West,7,9.98,4,0.0056,0
429,RL_PPO_Dynamic,East-West,5,8.64,2,0.004,0
430,RL_PPO_Dynamic,East-West,8,13.05,6,0.0064,0
431,RL_PPO_Dynamic,East-West,4,6.29,3,0.0032,0
432,RL_PPO_Dynamic,East-West,5,8.23,6,0.004,0
433,RL_PPO_Dynamic,East-West,6,9.14,1,0.0048,0
434,RL_PPO_Dynamic,East-West,3,6.3,5,0.0024,0
435,RL_PPO_Dynamic,East-West,6,8.5,4,0.0048,0
436,RL_PPO_Dynamic,East-West,7,9.67,4,0.0056,0
437,RL_PPO_Dynamic,East-West,6,10.07,5,0.0048,0
438,RL_PPO_Dynamic,East-West,4,6.22,5,0.0032,0
439,RL_PPO_Dynamic,East-West,3,4.68,3,0.0024,0
440,RL_PPO_Dynamic,East-West,5,9.16,4,0.004,0
441,RL_PPO_Dynamic,East-West,6,9.38,6,0.0048,0
442,RL_PPO_Dynamic,East-West,5,7.84,3,0.004,0
443,RL_PPO_Dynamic,East-West,6,10.72,4,0.0048,0
444,RL_PPO_Dynamic,East-West,6,8.41,3,0.0048,0
445,RL_PPO_Dynamic,East-West,5,8.56,3,0.004,0
446,RL_PPO_Dynamic,East-West,8,11.14,2,0.0064,0
447,RL_PPO_Dynamic,East-West,8,11.21,4,0.0064,0
448,RL_PPO_Dynamic,East-West,3,5.25,1,0.0024,0
449,RL_PPO_Dynamic,East-West,7,10.53,6,0.0056,0
450,RL_PPO_Dynamic,North-South,8,13.22,3,0.0064,0
451,RL_PPO_Dynamic,North-South,4,7.69,3,0.0032,0
452,RL_PPO_Dynamic,North-South,8,12.84,3,0.0064,0
453,RL_PPO_Dynamic,North-South,3,6.03,4,0.0024,0
454,RL_PPO_Dynamic,North-South,7,9.83,6,0.0056,0
455,RL_PPO_Dynamic,North-South,6,9.58,6,0.0048,0
456,RL_PPO_Dynamic,North-South,5,8.08,6,0.004,0
457,RL_PPO_Dynamic,North-South,5,8.2,1,0.004,0
458,RL_PPO_Dynamic,North-South,4,5.75,3,0.0032,0
459,RL_PPO_Dynamic,North-South,6,8.79,6,0.0048,0
460,RL_PPO_Dynamic,North-South,4,5.1,3,0.0032,0
461,RL_PPO_Dynamic,North-South,6,9.81,2,0.0048,0
462,RL_PPO_Dynamic,North-South,7,10.94,3,0.0056,0
463,RL_PPO_Dynamic,North-South,3,4.23,5,0.0024,0
464,RL_PPO_Dynamic,North-South,5,8.22,6,0.004,0
465,RL_PPO_Dynamic,North-South,7,11.59,1,0.0056,0
466,RL_PPO_Dynamic,North-South,3,4.13,1,0.0024,0
467,RL_PPO_Dynamic,North-South,2,4.84,6,0.0016,0
468,RL_PPO_Dynamic,North-South,5,6.77,1,0.004,0
469,RL_PPO_Dynamic,North-South,6,9.74,6,0.0048,0
470,RL_PPO_Dynamic,North-South,5,6.83,1,0.004,0
471,RL_PPO_Dynamic,North-South,5,6.67,2,0.004,0
472,RL_PPO_Dynamic,North-South,7,11.88,6,0.0056,0
473,RL_PPO_Dynamic,North-South,6,8.01,6,0.0048,0
474,RL_PPO_Dynamic,North-South,7,12.08,1,0.0056,0
475,RL_PPO_Dynamic,North-South,3,6.17,4,0.0024,0
476,RL_PPO_Dynamic,North-South,4,5.95,6,0.0032,0
477,RL_PPO_Dynamic,North-South,7,10.61,4,0.0056,0
478,RL_PPO_Dynamic,North-South,6,8.97,5,0.0048,0
479,RL_PPO_Dynamic,North-South,4,5.35,2,0.0032,0
480,RL_PPO_Dynamic,North-South,6,10.98,6,0.0048,0
481,RL_PPO_Dynamic,North-South,6,9.06,5,0.0048,0
482,RL_PPO_Dynamic,North-South,7,10.42,5,0.0056,0
483,RL_PPO_Dynamic,North-South,5,8.68,4,0.004,0
484,RL_PPO_Dynamic,North-South,3,6,5,0.0024,0
485,RL_PPO_Dynamic,North-South,3,4.55,6,0.0024,0
486,RL_PPO_Dynamic,North-South,7,12.36,1,0.0056,0
487,RL_PPO_Dynamic,North-South,5,7.5,5,0.004,0
488,RL_PPO_Dynamic,North-South,7,10.24,2,0.0056,0
489,RL_PPO_Dynamic,North-South,4,7.87,3,0.0032,0
490,RL_PPO_Dynamic,North-South,4,6.94,6,0.0032,0
491,RL_PPO_Dynamic,North-South,4,7.48,6,0.0032,0
492,RL_PPO_Dynamic,North-South,5,7.06,4,0.004,0
493,RL_PPO_Dynamic,North-South,2,2.19,6,0.0016,0
494,RL_PPO_Dynamic,North-South,5,8.35,5,0.004,0
495,RL_PPO_Dynamic,East-West,5,8.9,6,0.004,0
496,RL_PPO_Dynamic,East-West,7,12.02,5,0.0056,0
497,RL_PPO_Dynamic,East-West,4,6.04,4,0.0032,0
498,RL_PPO_Dynamic,East-West,5,8.41,2,0.004,0
499,RL_PPO_Dynamic,East-West,3,4.66,4,0.0024,0
500,RL_PPO_Dynamic,East-West,5,7.7,6,0.004,0
501,RL_PPO_Dynamic,East-West,4,7.15,4,0.0032,0
502,RL_PPO_Dynamic,East-West,4,6.71,5,0.0032,0
503,RL_PPO_Dynamic,East-West,5,7.52,4,0.004,0
504,RL_PPO_Dynamic,East-West,7,12.42,5,0.0056,0
505,RL_PPO_Dynamic,East-West,5,6.67,1,0.004,0
506,RL_PPO_Dynamic,East-West,5,6.99,4,0.004,0
507,RL_PPO_Dynamic,East-West,4,5.52,3,0.0032,0
508,RL_PPO_Dynamic,East-West,6,10.33,3,0.0048,0
509,RL_PPO_Dynamic,East-West,4,7.34,1,0.0032,0
510,RL_PPO_Dynamic,East-West,7,9.93,3,0.0056,0
511,RL_PPO_Dynamic,East-West,4,6.55,4,0.0032,0
512,RL_PPO_Dynamic,East-West,3,5.03,3,0.0024,0
513,RL_PPO_Dynamic,East-West,7,9.81,5,0.0056,0
514,RL_PPO_Dynamic,East-West,3,6.17,2,0.0024,0
515,RL_PPO_Dynamic,East-West,5,8.03,6,0.004,0
516,RL_PPO_Dynamic,East-West,2,2.96,5,0.0016,0
517,RL_PPO_Dynamic,East-West,2,3.02,2,0.0016,0
518,RL_PPO_Dynamic,East-West,6,10.02,6,0.0048,0
519,RL_PPO_Dynamic,East-West,4,7.14,3,0.0032,0
520,RL_PPO_Dynamic,East-West,3,3.58,5,0.0024,0
521,RL_PPO_Dynamic,East-West,6,10.94,1,0.0048,0
522,RL_PPO_Dynamic,East-West,0,2,6,0,0
523,RL_PPO_Dynamic,East-West,6,9.88,6,0.0048,0
524,RL_PPO_Dynamic,East-West,4,6.09,4,0.0032,0
525,RL_PPO_Dynamic,East-West,4,5.48,6,0.0032,0
526,RL_PPO_Dynamic,East-West,6,10.65,1,0.0048,0
527,RL_PPO_Dynamic,East-West,4,6.66,6,0.0032,0
528,RL_PPO_Dynamic,East-West,2,3.15,5,0.0016,0
529,RL_PPO_Dynamic,East-West,4,6.98,5,0.0032,0
530,RL_PPO_Dynamic,East-West,4,6.49,1,0.0032,0
531,RL_PPO_Dynamic,East-West,2,3.68,5,0.0016,0
532,RL_PPO_Dynamic,East-West,2,4.2,5,0.0016,0
533,RL_PPO_Dynamic,East-West,5,8.84,1,0.004,0
534,RL_PPO_Dynamic,East-West,4,7.48,3,0.0032,0
535,RL_PPO_Dynamic,East-West,5,8.77,4,0.004,0
536,RL_PPO_Dynamic,East-West,4,6.28,3,0.0032,0
537,RL_PPO_Dynamic,East-West,5,6.56,4,0.004,0
538,RL_PPO_Dynamic,East-West,7,12.19,3,0.0056,0
539,RL_PPO_Dynamic,East-West,6,10.78,1,0.0048,0
540,RL_PPO_Dynamic,North-South,8,11.72,3,0.0064,0
541,RL_PPO_Dynamic,North-South,6,8.8,3,0.0048,0
542,RL_PPO_Dynamic,North-South,5,8.66,5,0.004,0
543,RL_PPO_Dynamic,North-South,4,7.36,4,0.0032,0
544,RL_PPO_Dynamic,North-South,5,6.86,5,0.004,0
545,RL_PPO_Dynamic,North-South,4,6.29,4,0.0032,0
546,RL_PPO_Dynamic,North-South,6,9.6,3,0.0048,0
547,RL_PPO_Dynamic,North-South,5,9.15,6,0.004,0
548,RL_PPO_Dynamic,North-South,5,7.61,6,0.004,0
549,RL_PPO_Dynamic,North-South,4,6.75,5,0.0032,0
550,RL_PPO_Dynamic,North-South,3,5.64,4,0.0024,0
551,RL_PPO_Dynamic,North-South,1,2,4,0.0008,0
552,RL_PPO_Dynamic,North-South,2,3.81,1,0.0016,0
553,RL_PPO_Dynamic,North-South,1,2,3,0.0008,0
554,RL_PPO_Dynamic,North-South,1,2,6,0.0008,0
555,RL_PPO_Dynamic,North-South,4,6.28,1,0.0032,0
556,RL_PPO_Dynamic,North-South,1,2.23,5,0.0008,0
557,RL_PPO_Dynamic,North-South,3,6.03,4,0.0024,0
558,RL_PPO_Dynamic,North-South,2,4.75,5,0.0016,0
559,RL_PPO_Dynamic,North-South,4,6.22,3,0.0032,0
560,RL_PPO_Dynamic,North-South,5,9.23,1,0.004,0
561,RL_PPO_Dynamic,North-South,3,3.95,2,0.0024,0
562,RL_PPO_Dynamic,North-South,4,6.19,4,0.0032,0
563,RL_PPO_Dynamic,North-South,4,6.82,5,0.0032,0
564,RL_PPO_Dynamic,North-South,5,8.28,5,0.004,0
565,RL_PPO_Dynamic,North-South,2,2.64,3,0.0016,0
566,RL_PPO_Dynamic,North-South,3,3.74,6,0.0024,0
567,RL_PPO_Dynamic,North-South,4,6.5,4,0.0032,0
568,RL_PPO_Dynamic,North-South,4,5.54,1,0.0032,0
569,RL_PPO_Dynamic,North-South,3,5.62,1,0.0024,0
570,RL_PPO_Dynamic,North-South,6,8.88,3,0.0048,0
571,RL_PPO_Dynamic,North-South,5,8.26,1,0.004,0
572,RL_PPO_Dynamic,North-South,1,2.72,5,0.0008,0
573,RL_PPO_Dynamic,North-South,1,2,2,0.0008,0
574,RL_PPO_Dynamic,North-South,3,3.62,3,0.0024,0
575,RL_PPO_Dynamic,North-South,0,2,2,0,0
576,RL_PPO_Dynamic,North-South,5,7.79,6,0.004,0
577,RL_PPO_Dynamic,North-South,2,3.41,6,0.0016,0
578,RL_PPO_Dynamic,North-South,4,6.19,4,0.0032,0
579,RL_PPO_Dynamic,North-South,6,9.45,2,0.0048,0
580,RL_PPO_Dynamic,North-South,2,4.52,4,0.0016,0
581,RL_PPO_Dynamic,North-South,3,5.16,3,0.0024,0
582,RL_PPO_Dynamic,North-South,2,4.19,4,0.0016,0
583,RL_PPO_Dynamic,North-South,4,7.55,2,0.0032,0
584,RL_PPO_Dynamic,North-South,4,6.97,2,0.0032,0
585,RL_PPO_Dynamic,East-West,0,2,2,0,0
586,RL_PPO_Dynamic,East-West,3,6.5,2,0.0024,0
587,RL_PPO_Dynamic,East-West,2,4.45,2,0.0016,0
588,RL_PPO_Dynamic,East-West,2,3.58,6,0.0016,0
589,RL_PPO_Dynamic,East-West,3,4.61,3,0.0024,0
590,RL_PPO_Dynamic,East-West,3,6.33,6,0.0024,0
591,RL_PPO_Dynamic,East-West,4,7.48,1,0.0032,0
592,RL_PPO_Dynamic,East-West,0,2,2,0,0
593,RL_PPO_Dynamic,East-West,2,2.09,1,0.0016,0
594,RL_PPO_Dynamic,East-West,2,3.46,3,0.0016,0
595,RL_PPO_Dynamic,East-West,3,6.35,1,0.0024,0
596,RL_PPO_Dynamic,East-West,5,8.25,3,0.004,0
597,RL_PPO_Dynamic,East-West,1,2.87,5,0.0008,0
598,RL_PPO_Dynamic,East-West,5,8.67,3,0.004,0
599,RL_PPO_Dynamic,East-West,3,4.39,1,0.0024,0
600,RL_PPO_Dynamic,East-West,1,1.43,3,0.0024,1
601,RL_PPO_Dynamic,East-West,0,0.73,6,0.0016,1
602,RL_PPO_Dynamic,East-West,3,2.22,3,0.004,1
603,RL_PPO_Dynamic,East-West,0,0.6,1,0.0008,1
604,RL_PPO_Dynamic,East-West,0,0.6,2,0.0008,1
605,RL_PPO_Dynamic,East-West,0,1.32,3,0.0016,1
606,RL_PPO_Dynamic,East-West,0,1.16,4,0.0016,1
607,RL_PPO_Dynamic,East-West,2,2.31,3,0.0032,1
608,RL_PPO_Dynamic,East-West,2,1.91,1,0.0032,1
609,RL_PPO_Dynamic,East-West,1,1.46,3,0.0024,1
610,RL_PPO_Dynamic,East-West,1,1.49,4,0.0024,1
611,RL_PPO_Dynamic,East-West,0,0.6,1,0.0008,1
612,RL_PPO_Dynamic,East-West,2,2.21,6,0.0032,1
613,RL_PPO_Dynamic,East-West,2,1.67,2,0.0032,1
614,RL_PPO_Dynamic,East-West,3,2.64,2,0.004,1
615,RL_PPO_Dynamic,East-West,0,0.6,5,0.0008,1
616,RL_PPO_Dynamic,East-West,0,0.6,5,0.0008,1
617,RL_PPO_Dynamic,East-West,0,0.6,5,0,1
618,RL_PPO_Dynamic,East-West,0,0.84,4,0.0008,1
619,RL_PPO_Dynamic,East-West,0,1.15,3,0.0016,1
620,RL_PPO_Dynamic,East-West,0,0.6,6,0.0008,1
621,RL_PPO_Dynamic,East-West,0,1.27,4,0.0016,1
622,RL_PPO_Dynamic,East-West,0,1.49,1,0.0016,1
623,RL_PPO_Dynamic,East-West,2,2.35,2,0.0032,1
624,RL_PPO_Dynamic,East-West,0,1.35,1,0.0016,1
625,RL_PPO_Dynamic,East-West,0,0.83,3,0.0008,1
626,RL_PPO_Dynamic,East-West,0,0.6,4,0.0008,1
627,RL_PPO_Dynamic,East-West,0,0.7,3,0.0016,1
628,RL_PPO_Dynamic,East-West,3,2.01,3,0.004,1
629,RL_PPO_Dynamic,East-West,1,1.32,3,0.0024,1
630,RL_PPO_Dynamic,North-South,4,6.74,2,0.0032,0
631,RL_PPO_Dynamic,North-South,3,3.92,3,0.0024,0
632,RL_PPO_Dynamic,North-South,1,2,1,0.0008,0
633,RL_PPO_Dynamic,North-South,4,6.09,4,0.0032,0
634,RL_PPO_Dynamic,North-South,1,2,6,0.0008,0
635,RL_PPO_Dynamic,North-South,4,5.25,3,0.0032,0
636,RL_PPO_Dynamic,North-South,0,2,4,0,0
637,RL_PPO_Dynamic,North-South,2,2.28,3,0.0016,0
638,RL_PPO_Dynamic,North-South,4,7.64,5,0.0032,0
639,RL_PPO_Dynamic,North-South,0,2,6,0,0
640,RL_PPO_Dynamic,North-South,0,2,1,0,0
641,RL_PPO_Dynamic,North-South,5,8.52,6,0.004,0
642,RL_PPO_Dynamic,North-South,2,4.39,2,0.0016,0
643,RL_PPO_Dynamic,North-South,4,5.02,5,0.0032,0
644,RL_PPO_Dynamic,North-South,3,4.88,5,0.0024,0
645,RL_PPO_Dynamic,North-South,0,2,3,0,0
646,RL_PPO_Dynamic,North-South,2,4.42,2,0.0016,0
647,RL_PPO_Dynamic,North-South,1,2,1,0.0008,0
648,RL_PPO_Dynamic,North-South,3,4.43,5,0.0024,0
649,RL_PPO_Dynamic,North-South,0,2,5,0,0
650,RL_PPO_Dynamic,North-South,1,2,2,0.0008,0
651,RL_PPO_Dynamic,North-South,2,4.22,1,0.0016,0
652,RL_PPO_Dynamic,North-South,4,7.71,6,0.0032,0
653,RL_PPO_Dynamic,North-South,4,6.04,3,0.0032,0
654,RL_PPO_Dynamic,North-South,1,3.05,3,0.0008,0
655,RL_PPO_Dynamic,North-South,3,5.86,3,0.0024,0
656,RL_PPO_Dynamic,North-South,2,3.82,4,0.0016,0
657,RL_PPO_Dynamic,North-South,3,3.88,2,0.0024,0
658,RL_PPO_Dynamic,North-South,5,6.53,5,0.004,0
659,RL_PPO_Dynamic,North-South,1,2,1,0.0008,0
660,RL_PPO_Dynamic,North-South,2,3.47,1,0.0016,0
661,RL_PPO_Dynamic,North-South,2,4.12,5,0.0016,0
662,RL_PPO_Dynamic,North-South,0,2,5,0,0
663,RL_PPO_Dynamic,North-South,2,2.42,5,0.0016,0
664,RL_PPO_Dynamic,North-South,3,5.05,5,0.0024,0
665,RL_PPO_Dynamic,North-South,4,7.1,5,0.0032,0
666,RL_PPO_Dynamic,North-South,3,4.37,2,0.0024,0
667,RL_PPO_Dynamic,North-South,3,4.24,6,0.0024,0
668,RL_PPO_Dynamic,North-South,3,4.43,4,0.0024,0
669,RL_PPO_Dynamic,North-South,2,2.17,1,0.0016,0
670,RL_PPO_Dynamic,North-South,2,2.45,2,0.0016,0
671,RL_PPO_Dynamic,North-South,3,4.83,5,0.0024,0
672,RL_PPO_Dynamic,North-South,1,2,1,0.0008,0
673,RL_PPO_Dynamic,North-South,2,3.98,2,0.0016,0
674,RL_PPO_Dynamic,North-South,2,3.37,5,0.0016,0
675,RL_PPO_Dynamic,East-West,4,5.33,4,0.0032,0
676,RL_PPO_Dynamic,East-West,3,5.74,2,0.0024,0
677,RL_PPO_Dynamic,East-West,4,5.4,6,0.0032,0
678,RL_PPO_Dynamic,East-West,1,2,6,0.0008,0
679,RL_PPO_Dynamic,East-West,2,3.47,4,0.0016,0
680,RL_PPO_Dynamic,East-West,3,5.34,1,0.0024,0
681,RL_PPO_Dynamic,East-West,1,3.06,5,0.0008,0
682,RL_PPO_Dynamic,East-West,0,2,3,0,0
683,RL_PPO_Dynamic,East-West,0,2,3,0,0
684,RL_PPO_Dynamic,East-West,0,2,5,0,0
685,RL_PPO_Dynamic,East-West,1,2.23,3,0.0008,0
686,RL_PPO_Dynamic,East-West,2,2.95,5,0.0016,0
687,RL_PPO_Dynamic,East-West,1,2.83,6,0.0008,0
688,RL_PPO_Dynamic,East-West,0,2,5,0,0
689,RL_PPO_Dynamic,East-West,1,2,5,0.0008,0
690,RL_PPO_Dynamic,East-West,4,6.73,5,0.0032,0
691,RL_PPO_Dynamic,East-West,2,3.91,3,0.0016,0
692,RL_PPO_Dynamic,East-West,3,6.22,6,0.0024,0
693,RL_PPO_Dynamic,East-West,3,5.66,1,0.0024,0
694,RL_PPO_Dynamic,East-West,0,2,3,0,0
695,RL_PPO_Dynamic,East-West,2,4.54,4,0.0016,0
696,RL_PPO_Dynamic,East-West,1,3.17,3,0.0008,0
697,RL_PPO_Dynamic,East-West,0,2,1,0,0
698,RL_PPO_Dynamic,East-West,1,2,2,0.0008,0
699,RL_PPO_Dynamic,East-West,0,2,2,0,0
700,RL_PPO_Dynamic,East-West,2,3.67,4,0.0016,0
701,RL_PPO_Dynamic,East-West,1,3.23,2,0.0008,0
702,RL_PPO_Dynamic,East-West,5,9.22,6,0.004,0
703,RL_PPO_Dynamic,East-West,2,3.29,6,0.0016,0
704,RL_PPO_Dynamic,East-West,0,2,3,0,0
705,RL_PPO_Dynamic,East-West,1,2.4,6,0.0008,0
706,RL_PPO_Dynamic,East-West,1,2.22,6,0.0008,0
707,RL_PPO_Dynamic,East-West,2,4.08,1,0.0016,0
708,RL_PPO_Dynamic,East-West,1,2.28,1,0.0008,0
709,RL_PPO_Dynamic,East-West,2,2.43,4,0.0016,0
710,RL_PPO_Dynamic,East-West,1,2.03,2,0.0008,0
711,RL_PPO_Dynamic,East-West,0,2,6,0,0
712,RL_PPO_Dynamic,East-West,2,2.39,5,0.0016,0
713,RL_PPO_Dynamic,East-West,4,5.01,2,0.0032,0
714,RL_PPO_Dynamic,East-West,0,2,3,0,0
715,RL_PPO_Dynamic,East-West,2,4.71,6,0.0016,0
716,RL_PPO_Dynamic,East-West,1,3.32,3,0.0008,0
717,RL_PPO_Dynamic,East-West,3,4.97,1,0.0024,0
718,RL_PPO_Dynamic,East-West,1,2.53,2,0.0008,0
719,RL_PPO_Dynamic,East-West,0,2,2,0,0
720,RL_PPO_Dynamic,North-South,2,2.72,3,0.0016,0
721,RL_PPO_Dynamic,North-South,3,4.18,2,0.0024,0
722,RL_PPO_Dynamic,North-South,0,2,6,0,0
723,RL_PPO_Dynamic,North-South,0,2,6,0,0
724,RL_PPO_Dynamic,North-South,0,2,4,0,0
725,RL_PPO_Dynamic,North-South,2,4.03,3,0.0016,0
726,RL_PPO_Dynamic,North-South,2,2.09,4,0.0016,0
727,RL_PPO_Dynamic,North-South,3,5.45,3,0.0024,0
728,RL_PPO_Dynamic,North-South,3,4.2,5,0.0024,0
729,RL_PPO_Dynamic,North-South,3,3.72,1,0.0024,0
730,RL_PPO_Dynamic,North-South,1,2.37,2,0.0008,0
731,RL_PPO_Dynamic,North-South,0,2,6,0,0
732,RL_PPO_Dynamic,North-South,0,2,4,0,0
733,RL_PPO_Dynamic,North-South,2,2.66,5,0.0016,0
734,RL_PPO_Dynamic,North-South,3,4.02,5,0.0024,0
735,RL_PPO_Dynamic,North-South,0,2,4,0,0
736,RL_PPO_Dynamic,North-South,1,2,5,0.0008,0
737,RL_PPO_Dynamic,North-South,1,2,4,0.0008,0
738,RL_PPO_Dynamic,North-South,1,2,1,0.0008,0
739,RL_PPO_Dynamic,North-South,4,6.45,4,0.0032,0
740,RL_PPO_Dynamic,North-South,1,2.51,5,0.0008,0
741,RL_PPO_Dynamic,North-South,0,2,4,0,0
742,RL_PPO_Dynamic,North-South,0,2,3,0,0
743,RL_PPO_Dynamic,North-South,0,2,6,0,0
744,RL_PPO_Dynamic,North-South,2,4.39,6,0.0016,0
745,RL_PPO_Dynamic,North-South,3,6.02,2,0.0024,0
746,RL_PPO_Dynamic,North-South,2,2.27,5,0.0016,0
747,RL_PPO_Dynamic,North-South,2,3.7,5,0.0016,0
748,RL_PPO_Dynamic,North-South,3,6.48,4,0.0024,0
749,RL_PPO_Dynamic,North-South,0,2,1,0,0
750,RL_PPO_Dynamic,North-South,1,2,3,0.0008,0
751,RL_PPO_Dynamic,North-South,2,4.87,3,0.0016,0
752,RL_PPO_Dynamic,North-South,0,2,2,0,0
753,RL_PPO_Dynamic,North-South,0,2,2,0,0
754,RL_PPO_Dynamic,North-South,1,2.49,6,0.0008,0
755,RL_PPO_Dynamic,North-South,1,2.19,5,0.0008,0
756,RL_PPO_Dynamic,North-South,2,3.7,3,0.0016,0
757,RL_PPO_Dynamic,North-South,5,7.25,4,0.004,0
758,RL_PPO_Dynamic,North-South,0,2,5,0,0
759,RL_PPO_Dynamic,North-South,0,2,2,0,0
760,RL_PPO_Dynamic,North-South,0,2,6,0,0
761,RL_PPO_Dynamic,North-South,2,2.54,4,0.0016,0
762,RL_PPO_Dynamic,North-South,0,2,4,0,0
763,RL_PPO_Dynamic,North-South,5,6.58,2,0.004,0
764,RL_PPO_Dynamic,North-South,1,2,1,0.0008,0
765,RL_PPO_Dynamic,East-West,0,2,1,0,0
766,RL_PPO_Dynamic,East-West,2,4.25,3,0.0016,0
767,RL_PPO_Dynamic,East-West,2,4.63,3,0.0016,0
768,RL_PPO_Dynamic,East-West,3,3.79,1,0.0024,0
769,RL_PPO_Dynamic,East-West,3,5.5,1,0.0024,0
770,RL_PPO_Dynamic,East-West,4,7.36,6,0.0032,0
771,RL_PPO_Dynamic,East-West,0,2,1,0,0
772,RL_PPO_Dynamic,East-West,0,2,5,0,0
773,RL_PPO_Dynamic,East-West,3,5.08,3,0.0024,0
774,RL_PPO_Dynamic,East-West,1,2,2,0.0008,0
775,RL_PPO_Dynamic,East-West,0,2,6,0,0
776,RL_PPO_Dynamic,East-West,1,2,4,0.0008,0
777,RL_PPO_Dynamic,East-West,0,2,2,0,0
778,RL_PPO_Dynamic,East-West,0,2,2,0,0
779,RL_PPO_Dynamic,East-West,2,4.71,2,0.0016,0
780,RL_PPO_Dynamic,East-West,1,2.47,1,0.0008,0
781,RL_PPO_Dynamic,East-West,1,3.27,4,0.0008,0
782,RL_PPO_Dynamic,East-West,1,2,3,0.0008,0
783,RL_PPO_Dynamic,East-West,0,2,2,0,0
784,RL_PPO_Dynamic,East-West,1,2,1,0.0008,0
785,RL_PPO_Dynamic,East-West,0,2,3,0,0
786,RL_PPO_Dynamic,East-West,0,2,2,0,0
787,RL_PPO_Dynamic,East-West,0,2,4,0,0
788,RL_PPO_Dynamic,East-West,0,2,6,0,0
789,RL_PPO_Dynamic,East-West,2,4.73,3,0.0016,0
790,RL_PPO_Dynamic,East-West,0,2,2,0,0
791,RL_PPO_Dynamic,East-West,1,3.34,4,0.0008,0
792,RL_PPO_Dynamic,East-West,0,2,2,0,0
793,RL_PPO_Dynamic,East-West,0,2,4,0,0
794,RL_PPO_Dynamic,East-West,0,2,6,0,0
795,RL_PPO_Dynamic,East-West,2,4.28,4,0.0016,0
796,RL_PPO_Dynamic,East-West,0,2,5,0,0
797,RL_PPO_Dynamic,East-West,0,2,1,0,0
798,RL_PPO_Dynamic,East-West,0,2,4,0,0
799,RL_PPO_Dynamic,East-West,2,2.25,1,0.0016,0
800,RL_PPO_Dynamic,East-West,0,2,5,0,0
801,RL_PPO_Dynamic,East-West,2,2.73,6,0.0016,0
802,RL_PPO_Dynamic,East-West,0,2,3,0,0
803,RL_PPO_Dynamic,East-West,0,2,1,0,0
804,RL_PPO_Dynamic,East-West,1,3.16,6,0.0008,0
805,RL_PPO_Dynamic,East-West,1,2,2,0.0008,0
806,RL_PPO_Dynamic,East-West,1,2.01,1,0.0008,0
807,RL_PPO_Dynamic,East-West,0,2,1,0,0
808,RL_PPO_Dynamic,East-West,1,3.42,3,0.0008,0
809,RL_PPO_Dynamic,East-West,0,2,5,0,0
810,RL_PPO_Dynamic,North-South,1,3,2,0.0008,0
811,RL_PPO_Dynamic,North-South,2,3.31,1,0.0016,0
812,RL_PPO_Dynamic,North-South,0,2,1,0,0
813,RL_PPO_Dynamic,North-South,2,3.68,6,0.0016,0
814,RL_PPO_Dynamic,North-South,1,2,1,0.0008,0
815,RL_PPO_Dynamic,North-South,1,2.85,5,0.0008,0
816,RL_PPO_Dynamic,North-South,0,2,6,0,0
817,RL_PPO_Dynamic,North-South,4,5.1,4,0.0032,0
818,RL_PPO_Dynamic,North-South,1,2.06,3,0.0008,0
819,RL_PPO_Dynamic,North-South,0,2,5,0,0
820,RL_PPO_Dynamic,North-South,0,2,1,0,0
821,RL_PPO_Dynamic,North-South,0,2,2,0,0
822,RL_PPO_Dynamic,North-South,3,5.32,5,0.0024,0
823,RL_PPO_Dynamic,North-South,0,2,2,0,0
824,RL_PPO_Dynamic,North-South,0,2,3,0,0
825,RL_PPO_Dynamic,North-South,0,2,4,0,0
826,RL_PPO_Dynamic,North-South,1,2,3,0.0008,0
827,RL_PPO_Dynamic,North-South,1,2,1,0.0008,0
828,RL_PPO_Dynamic,North-South,0,2,4,0,0
829,RL_PPO_Dynamic,North-South,1,2.66,1,0.0008,0
830,RL_PPO_Dynamic,North-South,1,2.11,4,0.0008,0
831,RL_PPO_Dynamic,North-South,2,2.24,3,0.0016,0
832,RL_PPO_Dynamic,North-South,0,2,4,0,0
833,RL_PPO_Dynamic,North-South,1,2.78,6,0.0008,0
834,RL_PPO_Dynamic,North-South,0,2,2,0,0
835,RL_PPO_Dynamic,North-South,2,2.86,1,0.0016,0
836,RL_PPO_Dynamic,North-South,0,2,5,0,0
837,RL_PPO_Dynamic,North-South,1,2,4,0.0008,0
838,RL_PPO_Dynamic,North-South,3,5.68,4,0.0024,0
839,RL_PPO_Dynamic,North-South,1,3.34,6,0.0008,0
840,RL_PPO_Dynamic,North-South,0,2,3,0,0
841,RL_PPO_Dynamic,North-South,0,2,5,0,0
842,RL_PPO_Dynamic,North-South,0,2,1,0,0
843,RL_PPO_Dynamic,North-South,2,4.99,1,0.0016,0
844,RL_PPO_Dynamic,North-South,0,2,2,0,0
845,RL_PPO_Dynamic,North-South,0,2,6,0,0
846,RL_PPO_Dynamic,North-South,0,2,5,0,0
847,RL_PPO_Dynamic,North-South,1,2,1,0.0008,0
848,RL_PPO_Dynamic,North-South,0,2,2,0,0
849,RL_PPO_Dynamic,North-South,2,4.47,2,0.0016,0
850,RL_PPO_Dynamic,North-South,2,2.68,2,0.0016,0
851,RL_PPO_Dynamic,North-South,0,2,2,0,0
852,RL_PPO_Dynamic,North-South,0,2,6,0,0
853,RL_PPO_Dynamic,North-South,1,2,1,0.0008,0
854,RL_PPO_Dynamic,North-South,1,3.3,4,0.0008,0
855,RL_PPO_Dynamic,East-West,0,2,5,0,0
856,RL_PPO_Dynamic,East-West,0,2,3,0,0
857,RL_PPO_Dynamic,East-West,1,2,2,0.0008,0
858,RL_PPO_Dynamic,East-West,4,6.89,4,0.0032,0
859,RL_PPO_Dynamic,East-West,0,2,6,0,0
860,RL_PPO_Dynamic,East-West,0,2,1,0,0
861,RL_PPO_Dynamic,East-West,1,2,3,0.0008,0
862,RL_PPO_Dynamic,East-West,0,2,3,0,0
863,RL_PPO_Dynamic,East-West,3,5.51,4,0.0024,0
864,RL_PPO_Dynamic,East-West,2,2.78,1,0.0016,0
865,RL_PPO_Dynamic,East-West,0,2,1,0,0
866,RL_PPO_Dynamic,East-West,1,2,5,0.0008,0
867,RL_PPO_Dynamic,East-West,0,2,3,0,0
868,RL_PPO_Dynamic,East-West,2,4.17,6,0.0016,0
869,RL_PPO_Dynamic,East-West,0,2,1,0,0
870,RL_PPO_Dynamic,East-West,1,2.94,1,0.0008,0
871,RL_PPO_Dynamic,East-West,3,5.92,2,0.0024,0
872,RL_PPO_Dynamic,East-West,1,2,3,0.0008,0
873,RL_PPO_Dynamic,East-West,0,2,5,0,0
874,RL_PPO_Dynamic,East-West,4,6.24,6,0.0032,0
875,RL_PPO_Dynamic,East-West,0,2,4,0,0
876,RL_PPO_Dynamic,East-West,0,2,5,0,0
877,RL_PPO_Dynamic,East-West,0,2,4,0,0
878,RL_PPO_Dynamic,East-West,2,2.73,4,0.0016,0
879,RL_PPO_Dynamic,East-West,1,2,1,0.0008,0
880,RL_PPO_Dynamic,East-West,1,2.11,2,0.0008,0
881,RL_PPO_Dynamic,East-West,1,2,4,0.0008,0
882,RL_PPO_Dynamic,East-West,4,7.35,2,0.0032,0
883,RL_PPO_Dynamic,East-West,1,2.36,6,0.0008,0
884,RL_PPO_Dynamic,East-West,0,2,6,0,0
885,RL_PPO_Dynamic,East-West,0,2,4,0,0
886,RL_PPO_Dynamic,East-West,0,2,3,0,0
887,RL_PPO_Dynamic,East-West,0,2,1,0,0
888,RL_PPO_Dynamic,East-West,1,2,3,0.0008,0
889,RL_PPO_Dynamic,East-West,4,5.72,4,0.0032,0
890,RL_PPO_Dynamic,East-West,1,3.47,5,0.0008,0
891,RL_PPO_Dynamic,East-West,0,2,3,0,0
892,RL_PPO_Dynamic,East-West,0,2,1,0,0
893,RL_PPO_Dynamic,East-West,0,2,2,0,0
894,RL_PPO_Dynamic,East-West,2,2.6,5,0.0016,0
895,RL_PPO_Dynamic,East-West,1,3.2,4,0.0008,0
896,RL_PPO_Dynamic,East-West,0,2,2,0,0
897,RL_PPO_Dynamic,East-West,3,3.91,3,0.0024,0
898,RL_PPO_Dynamic,East-West,0,2,3,0,0
899,RL_PPO_Dynamic,East-West,3,6.27,6,0.0024,0
900,RL_PPO_Dynamic,North-South,0,2,4,0,0
901,RL_PPO_Dynamic,North-South,0,2,6,0,0
902,RL_PPO_Dynamic,North-South,0,2,6,0,0
903,RL_PPO_Dynamic,North-South,0,2,2,0,0
904,RL_PPO_Dynamic,North-South,0,2,3,0,0
905,RL_PPO_Dynamic,North-South,0,2,2,0,0
906,RL_PPO_Dynamic,North-South,3,4.58,2,0.0024,0
907,RL_PPO_Dynamic,North-South,0,2,1,0,0
908,RL_PPO_Dynamic,North-South,0,2,2,0,0
909,RL_PPO_Dynamic,North-South,0,2,5,0,0
910,RL_PPO_Dynamic,North-South,1,2,4,0.0008,0
911,RL_PPO_Dynamic,North-South,0,2,1,0,0
912,RL_PPO_Dynamic,North-South,0,2,6,0,0
913,RL_PPO_Dynamic,North-South,0,2,6,0,0
914,RL_PPO_Dynamic,North-South,0,2,3,0,0
915,RL_PPO_Dynamic,North-South,1,2,6,0.0008,0
916,RL_PPO_Dynamic,North-South,1,2.1,4,0.0008,0
917,RL_PPO_Dynamic,North-South,2,4.89,1,0.0016,0
918,RL_PPO_Dynamic,North-South,1,2,1,0.0008,0
919,RL_PPO_Dynamic,North-South,0,2,4,0,0
920,RL_PPO_Dynamic,North-South,2,2.29,2,0.0016,0
921,RL_PPO_Dynamic,North-South,1,2,4,0.0008,0
922,RL_PPO_Dynamic,North-South,0,2,1,0,0
923,RL_PPO_Dynamic,North-South,1,2,4,0.0008,0
924,RL_PPO_Dynamic,North-South,0,2,3,0,0
925,RL_PPO_Dynamic,North-South,2,2.25,5,0.0016,0
926,RL_PPO_Dynamic,North-South,0,2,4,0,0
927,RL_PPO_Dynamic,North-South,2,2.86,2,0.0016,0
928,RL_PPO_Dynamic,North-South,2,4.29,5,0.0016,0
929,RL_PPO_Dynamic,North-South,0,2,4,0,0
930,RL_PPO_Dynamic,North-South,0,2,5,0,0
931,RL_PPO_Dynamic,North-South,0,2,6,0,0
932,RL_PPO_Dynamic,North-South,1,3.2,2,0.0008,0
933,RL_PPO_Dynamic,North-South,1,2.21,2,0.0008,0
934,RL_PPO_Dynamic,North-South,0,2,6,0,0
935,RL_PPO_Dynamic,North-South,3,6.46,2,0.0024,0
936,RL_PPO_Dynamic,North-South,0,2,1,0,0
937,RL_PPO_Dynamic,North-South,2,4.8,3,0.0016,0
938,RL_PPO_Dynamic,North-South,3,3.84,2,0.0024,0
939,RL_PPO_Dynamic,North-South,3,5.41,3,0.0024,0
940,RL_PPO_Dynamic,North-South,2,2.41,3,0.0016,0
941,RL_PPO_Dynamic,North-South,2,2.45,3,0.0016,0
942,RL_PPO_Dynamic,North-South,0,2,4,0,0
943,RL_PPO_Dynamic,North-South,3,4.82,3,0.0024,0
944,RL_PPO_Dynamic,North-South,1,2,3,0.0008,0
945,RL_PPO_Dynamic,East-West,2,2,1,0.0016,0
946,RL_PPO_Dynamic,East-West,1,2,3,0.0008,0
947,RL_PPO_Dynamic,East-West,0,2,5,0,0
948,RL_PPO_Dynamic,East-West,0,2,2,0,0
949,RL_PPO_Dynamic,East-West,2,2.3,6,0.0016,0
950,RL_PPO_Dynamic,East-West,0,2,2,0,0
951,RL_PPO_Dynamic,East-West,0,2,5,0,0
952,RL_PPO_Dynamic,East-West,2,4.56,3,0.0016,0
953,RL_PPO_Dynamic,East-West,1,2.78,1,0.0008,0
954,RL_PPO_Dynamic,East-West,0,2,6,0,0
955,RL_PPO_Dynamic,East-West,1,2,1,0.0008,0
956,RL_PPO_Dynamic,East-West,2,4.65,1,0.0016,0
957,RL_PPO_Dynamic,East-West,1,2,1,0.0008,0
958,RL_PPO_Dynamic,East-West,3,4.56,6,0.0024,0
959,RL_PPO_Dynamic,East-West,1,2.75,2,0.0008,0
960,RL_PPO_Dynamic,East-West,2,4.08,2,0.0016,0
961,RL_PPO_Dynamic,East-West,1,2,2,0.0008,0
962,RL_PPO_Dynamic,East-West,2,2.19,3,0.0016,0
963,RL_PPO_Dynamic,East-West,2,3.58,6,0.0016,0
964,RL_PPO_Dynamic,East-West,0,2,5,0,0
965,RL_PPO_Dynamic,East-West,0,2,5,0,0
966,RL_PPO_Dynamic,East-West,1,2,1,0.0008,0
967,RL_PPO_Dynamic,East-West,5,8.09,1,0.004,0
968,RL_PPO_Dynamic,East-West,1,2.42,2,0.0008,0
969,RL_PPO_Dynamic,East-West,0,2,2,0,0
970,RL_PPO_Dynamic,East-West,3,6.06,4,0.0024,0
971,RL_PPO_Dynamic,East-West,1,2.16,2,0.0008,0
972,RL_PPO_Dynamic,East-West,1,2.77,3,0.0008,0
973,RL_PPO_Dynamic,East-West,0,2,6,0,0
974,RL_PPO_Dynamic,East-West,2,3.25,6,0.0016,0
975,RL_PPO_Dynamic,East-West,2,2.04,4,0.0016,0
976,RL_PPO_Dynamic,East-West,1,2,1,0.0008,0
977,RL_PPO_Dynamic,East-West,2,4.15,6,0.0016,0
978,RL_PPO_Dynamic,East-West,0,2,6,0,0
979,RL_PPO_Dynamic,East-West,1,2,4,0.0008,0
980,RL_PPO_Dynamic,East-West,2,3.33,4,0.0016,0
981,RL_PPO_Dynamic,East-West,1,2,4,0.0008,0
982,RL_PPO_Dynamic,East-West,2,4.36,4,0.0016,0
983,RL_PPO_Dynamic,East-West,1,2,2,0.0008,0
984,RL_PPO_Dynamic,East-West,4,6.33,2,0.0032,0
985,RL_PPO_Dynamic,East-West,0,2,2,0,0
986,RL_PPO_Dynamic,East-West,1,2,6,0.0008,0
987,RL_PPO_Dynamic,East-West,0,2,2,0,0
988,RL_PPO_Dynamic,East-West,4,6.51,2,0.0032,0
989,RL_PPO_Dynamic,East-West,0,2,5,0,0
990,RL_PPO_Dynamic,North-South,2,3.38,1,0.0016,0
991,RL_PPO_Dynamic,North-South,2,2.51,5,0.0016,0
992,RL_PPO_Dynamic,North-South,3,4.09,2,0.0024,0
993,RL_PPO_Dynamic,North-South,0,2,5,0,0
994,RL_PPO_Dynamic,North-South,1,2,3,0.0008,0
995,RL_PPO_Dynamic,North-South,0,2,3,0,0
996,RL_PPO_Dynamic,North-South,1,2,6,0.0008,0
997,RL_PPO_Dynamic,North-South,1,2,5,0.0008,0
998,RL_PPO_Dynamic,North-South,2,2.12,3,0.0016,0
999,RL_PPO_Dynamic,North-South,0,2,2,0,0
1000,RL_PPO_Dynamic,North-South,0,2,2,0,0
1001,RL_PPO_Dynamic,North-South,0,2,2,0,0
1002,RL_PPO_Dynamic,North-South,2,4.82,1,0.0016,0
1003,RL_PPO_Dynamic,North-South,0,2,1,0,0
1004,RL_PPO_Dynamic,North-South,0,2,3,0,0
1005,RL_PPO_Dynamic,North-South,3,3.91,1,0.0024,0
1006,RL_PPO_Dynamic,North-South,3,5.46,4,0.0024,0
1007,RL_PPO_Dynamic,North-South,2,2.16,4,0.0016,0
1008,RL_PPO_Dynamic,North-South,0,2,2,0,0
1009,RL_PPO_Dynamic,North-South,1,2,5,0.0008,0
1010,RL_PPO_Dynamic,North-South,0,2,1,0,0
1011,RL_PPO_Dynamic,North-South,1,2,6,0.0008,0
1012,RL_PPO_Dynamic,North-South,2,2.19,4,0.0016,0
1013,RL_PPO_Dynamic,North-South,2,4.46,5,0.0016,0
1014,RL_PPO_Dynamic,North-South,0,2,1,0,0
1015,RL_PPO_Dynamic,North-South,2,4.5,1,0.0016,0
1016,RL_PPO_Dynamic,North-South,0,2,6,0,0
1017,RL_PPO_Dynamic,North-South,3,4.6,4,0.0024,0
1018,RL_PPO_Dynamic,North-South,1,2.97,1,0.0008,0
1019,RL_PPO_Dynamic,North-South,6,8.62,5,0.0048,0
1020,RL_PPO_Dynamic,North-South,2,3.16,4,0.0016,0
1021,RL_PPO_Dynamic,North-South,1,2,3,0.0008,0
1022,RL_PPO_Dynamic,North-South,3,4.95,4,0.0024,0
1023,RL_PPO_Dynamic,North-South,3,4.43,5,0.0024,0
1024,RL_PPO_Dynamic,North-South,0,2,2,0,0
1025,RL_PPO_Dynamic,North-South,2,3.11,1,0.0016,0
1026,RL_PPO_Dynamic,North-South,0,2,5,0,0
1027,RL_PPO_Dynamic,North-South,5,7.51,3,0.004,0
1028,RL_PPO_Dynamic,North-South,0,2,2,0,0
1029,RL_PPO_Dynamic,North-South,0,2,6,0,0
1030,RL_PPO_Dynamic,North-South,0,2,4,0,0
1031,RL_PPO_Dynamic,North-South,3,4.7,6,0.0024,0
1032,RL_PPO_Dynamic,North-South,1,3.36,4,0.0008,0
1033,RL_PPO_Dynamic,North-South,1,2,6,0.0008,0
1034,RL_PPO_Dynamic,North-South,3,3.73,1,0.0024,0
1035,RL_PPO_Dynamic,East-West,4,5.69,6,0.0032,0
1036,RL_PPO_Dynamic,East-West,1,2.22,2,0.0008,0
1037,RL_PPO_Dynamic,East-West,1,2,5,0.0008,0
1038,RL_PPO_Dynamic,East-West,3,5.34,1,0.0024,0
1039,RL_PPO_Dynamic,East-West,3,4.98,1,0.0024,0
1040,RL_PPO_Dynamic,East-West,2,4.3,2,0.0016,0
1041,RL_PPO_Dynamic,East-West,3,4.09,6,0.0024,0
1042,RL_PPO_Dynamic,East-West,1,3.1,6,0.0008,0
1043,RL_PPO_Dynamic,East-West,4,6.68,2,0.0032,0
1044,RL_PPO_Dynamic,East-West,0,2,2,0,0
1045,RL_PPO_Dynamic,East-West,4,7.55,6,0.0032,0
1046,RL_PPO_Dynamic,East-West,3,5.59,3,0.0024,0
1047,RL_PPO_Dynamic,East-West,1,2,2,0.0008,0
1048,RL_PPO_Dynamic,East-West,0,2,1,0,0
1049,RL_PPO_Dynamic,East-West,2,2.12,4,0.0016,0
1050,RL_PPO_Dynamic,East-West,3,6.07,6,0.0024,0
1051,RL_PPO_Dynamic,East-West,3,4.39,1,0.0024,0
1052,RL_PPO_Dynamic,East-West,4,5.98,6,0.0032,0
1053,RL_PPO_Dynamic,East-West,5,7.16,6,0.004,0
1054,RL_PPO_Dynamic,East-West,2,3.29,4,0.0016,0
1055,RL_PPO_Dynamic,East-West,0,2,2,0,0
1056,RL_PPO_Dynamic,East-West,1,2,3,0.0008,0
1057,RL_PPO_Dynamic,East-West,3,3.64,4,0.0024,0
1058,RL_PPO_Dynamic,East-West,2,2.06,6,0.0016,0
1059,RL_PPO_Dynamic,East-West,0,2,1,0,0
1060,RL_PPO_Dynamic,East-West,2,2.66,4,0.0016,0
1061,RL_PPO_Dynamic,East-West,3,4.4,5,0.0024,0
1062,RL_PPO_Dynamic,East-West,2,4.34,3,0.0016,0
1063,RL_PPO_Dynamic,East-West,4,7.61,6,0.0032,0
1064,RL_PPO_Dynamic,East-West,5,8.34,6,0.004,0
1065,RL_PPO_Dynamic,East-West,5,7.39,6,0.004,0
1066,RL_PPO_Dynamic,East-West,5,6.87,3,0.004,0
1067,RL_PPO_Dynamic,East-West,1,2,4,0.0008,0
1068,RL_PPO_Dynamic,East-West,4,7.37,5,0.0032,0
1069,RL_PPO_Dynamic,East-West,1,2,3,0.0008,0
1070,RL_PPO_Dynamic,East-West,3,5.75,3,0.0024,0
1071,RL_PPO_Dynamic,East-West,2,4.26,3,0.0016,0
1072,RL_PPO_Dynamic,East-West,3,4.05,2,0.0024,0
1073,RL_PPO_Dynamic,East-West,1,2,1,0.0008,0
1074,RL_PPO_Dynamic,East-West,0,2,4,0,0
1075,RL_PPO_Dynamic,East-West,2,2.32,4,0.0016,0
1076,RL_PPO_Dynamic,East-West,1,2,3,0.0008,0
1077,RL_PPO_Dynamic,East-West,5,6.52,1,0.004,0
1078,RL_PPO_Dynamic,East-West,5,8.22,4,0.004,0
1079,RL_PPO_Dynamic,East-West,2,3.6,4,0.0016,0
1080,RL_PPO_Dynamic,North-South,3,3.65,6,0.0024,0
1081,RL_PPO_Dynamic,North-South,4,7.64,5,0.0032,0
1082,RL_PPO_Dynamic,North-South,4,5.58,6,0.0032,0
1083,RL_PPO_Dynamic,North-South,7,9.7,2,0.0056,0
1084,RL_PPO_Dynamic,North-South,6,8.96,5,0.0048,0
1085,RL_PPO_Dynamic,North-South,2,2.96,5,0.0016,0
1086,RL_PPO_Dynamic,North-South,3,5.14,5,0.0024,0
1087,RL_PPO_Dynamic,North-South,1,2,6,0.0008,0
1088,RL_PPO_Dynamic,North-South,1,2,6,0.0008,0
1089,RL_PPO_Dynamic,North-South,5,9.41,4,0.004,0
1090,RL_PPO_Dynamic,North-South,2,3.09,6,0.0016,0
1091,RL_PPO_Dynamic,North-South,5,7.18,5,0.004,0
1092,RL_PPO_Dynamic,North-South,5,9.15,6,0.004,0
1093,RL_PPO_Dynamic,North-South,3,4.42,3,0.0024,0
1094,RL_PPO_Dynamic,North-South,1,2,6,0.0008,0
1095,RL_PPO_Dynamic,North-South,1,2,2,0.0008,0
1096,RL_PPO_Dynamic,North-South,2,4.15,5,0.0016,0
1097,RL_PPO_Dynamic,North-South,4,7.21,1,0.0032,0
1098,RL_PPO_Dynamic,North-South,5,9.31,5,0.004,0
1099,RL_PPO_Dynamic,North-South,4,6.93,2,0.0032,0
1100,RL_PPO_Dynamic,North-South,1,2,4,0.0008,0
1101,RL_PPO_Dynamic,North-South,2,2.05,4,0.0016,0
1102,RL_PPO_Dynamic,North-South,2,4.73,2,0.0016,0
1103,RL_PPO_Dynamic,North-South,3,4.17,1,0.0024,0
1104,RL_PPO_Dynamic,North-South,3,5.27,5,0.0024,0
1105,RL_PPO_Dynamic,North-South,4,5.58,4,0.0032,0
1106,RL_PPO_Dynamic,North-South,3,5.25,4,0.0024,0
1107,RL_PPO_Dynamic,North-South,2,4.23,3,0.0016,0
1108,RL_PPO_Dynamic,North-South,2,4.1,4,0.0016,0
1109,RL_PPO_Dynamic,North-South,5,8.55,2,0.004,0
1110,RL_PPO_Dynamic,North-South,4,6.84,5,0.0032,0
1111,RL_PPO_Dynamic,North-South,2,2.46,3,0.0016,0
1112,RL_PPO_Dynamic,North-South,3,6.12,3,0.0024,0
1113,RL_PPO_Dynamic,North-South,1,2,1,0.0008,0
1114,RL_PPO_Dynamic,North-South,2,3.45,6,0.0016,0
1115,RL_PPO_Dynamic,North-South,2,3.19,3,0.0016,0
1116,RL_PPO_Dynamic,North-South,6,8.3,4,0.0048,0
1117,RL_PPO_Dynamic,North-South,2,3.5,2,0.0016,0
1118,RL_PPO_Dynamic,North-South,1,3.29,3,0.0008,0
1119,RL_PPO_Dynamic,North-South,4,5.9,6,0.0032,0
1120,RL_PPO_Dynamic,North-South,3,5.5,2,0.0024,0
1121,RL_PPO_Dynamic,North-South,3,3.64,4,0.0024,0
1122,RL_PPO_Dynamic,North-South,3,4.87,2,0.0024,0
1123,RL_PPO_Dynamic,North-South,5,8.93,4,0.004,0
1124,RL_PPO_Dynamic,North-South,5,7.55,2,0.004,0
1125,RL_PPO_Dynamic,East-West,3,4.28,2,0.0024,0
1126,RL_PPO_Dynamic,East-West,4,6.1,2,0.0032,0
1127,RL_PPO_Dynamic,East-West,4,7.48,6,0.0032,0
1128,RL_PPO_Dynamic,East-West,4,7.6,3,0.0032,0
1129,RL_PPO_Dynamic,East-West,2,4.33,1,0.0016,0
1130,RL_PPO_Dynamic,East-West,5,6.63,4,0.004,0
1131,RL_PPO_Dynamic,East-West,3,4.53,1,0.0024,0
1132,RL_PPO_Dynamic,East-West,7,11.94,5,0.0056,0
1133,RL_PPO_Dynamic,East-West,5,7.1,4,0.004,0
1134,RL_PPO_Dynamic,East-West,5,6.86,1,0.004,0
1135,RL_PPO_Dynamic,East-West,2,3.52,5,0.0016,0
1136,RL_PPO_Dynamic,East-West,2,2.61,1,0.0016,0
1137,RL_PPO_Dynamic,East-West,3,4.54,4,0.0024,0
1138,RL_PPO_Dynamic,East-West,4,5.92,3,0.0032,0
1139,RL_PPO_Dynamic,East-West,2,4.25,4,0.0016,0
1140,RL_PPO_Dynamic,East-West,4,5.38,1,0.0032,0
1141,RL_PPO_Dynamic,East-West,4,6.62,4,0.0032,0
1142,RL_PPO_Dynamic,East-West,4,5.81,3,0.0032,0
1143,RL_PPO_Dynamic,East-West,3,4.08,4,0.0024,0
1144,RL_PPO_Dynamic,East-West,3,5.75,2,0.0024,0
1145,RL_PPO_Dynamic,East-West,0,2,6,0,0
1146,RL_PPO_Dynamic,East-West,4,6.97,6,0.0032,0
1147,RL_PPO_Dynamic,East-West,4,5.19,6,0.0032,0
1148,RL_PPO_Dynamic,East-West,5,9.47,2,0.004,0
1149,RL_PPO_Dynamic,East-West,2,3.67,3,0.0016,0
1150,RL_PPO_Dynamic,East-West,6,8.04,1,0.0048,0
1151,RL_PPO_Dynamic,East-West,5,9.17,2,0.004,0
1152,RL_PPO_Dynamic,East-West,7,11.21,6,0.0056,0
1153,RL_PPO_Dynamic,East-West,2,2.66,2,0.0016,0
1154,RL_PPO_Dynamic,East-West,2,2.03,4,0.0016,0
1155,RL_PPO_Dynamic,East-West,2,4.03,3,0.0016,0
1156,RL_PPO_Dynamic,East-West,2,2.7,4,0.0016,0
1157,RL_PPO_Dynamic,East-West,5,7.04,1,0.004,0
1158,RL_PPO_Dynamic,East-West,3,3.71,5,0.0024,0
1159,RL_PPO_Dynamic,East-West,2,2.31,5,0.0016,0
1160,RL_PPO_Dynamic,East-West,5,7.97,2,0.004,0
1161,RL_PPO_Dynamic,East-West,3,4.07,3,0.0024,0
1162,RL_PPO_Dynamic,East-West,1,2.78,4,0.0008,0
1163,RL_PPO_Dynamic,East-West,5,7.08,3,0.004,0
1164,RL_PPO_Dynamic,East-West,4,5.32,1,0.0032,0
1165,RL_PPO_Dynamic,East-West,3,4,5,0.0024,0
1166,RL_PPO_Dynamic,East-West,5,9.08,3,0.004,0
1167,RL_PPO_Dynamic,East-West,2,3.86,1,0.0016,0
1168,RL_PPO_Dynamic,East-West,6,10.65,1,0.0048,0
1169,RL_PPO_Dynamic,East-West,3,3.7,3,0.0024,0
1170,RL_PPO_Dynamic,North-South,4,5.4,2,0.0032,0
1171,RL_PPO_Dynamic,North-South,5,8.71,5,0.004,0
1172,RL_PPO_Dynamic,North-South,4,7.34,4,0.0032,0
1173,RL_PPO_Dynamic,North-South,4,7.31,1,0.0032,0
1174,RL_PPO_Dynamic,North-South,6,8.62,6,0.0048,0
1175,RL_PPO_Dynamic,North-South,4,6.51,4,0.0032,0
1176,RL_PPO_Dynamic,North-South,5,9.32,6,0.004,0
1177,RL_PPO_Dynamic,North-South,3,4.76,5,0.0024,0
1178,RL_PPO_Dynamic,North-South,2,3.13,3,0.0016,0
1179,RL_PPO_Dynamic,North-South,2,3.7,3,0.0016,0
1180,RL_PPO_Dynamic,North-South,5,6.77,6,0.004,0
1181,RL_PPO_Dynamic,North-South,5,8.06,4,0.004,0
1182,RL_PPO_Dynamic,North-South,4,6.01,3,0.0032,0
1183,RL_PPO_Dynamic,North-South,4,7.01,2,0.0032,0
1184,RL_PPO_Dynamic,North-South,4,7.55,6,0.0032,0
1185,RL_PPO_Dynamic,North-South,5,8.57,2,0.004,0
1186,RL_PPO_Dynamic,North-South,5,7.08,5,0.004,0
1187,RL_PPO_Dynamic,North-South,3,4.95,3,0.0024,0
1188,RL_PPO_Dynamic,North-South,5,7.25,5,0.004,0
1189,RL_PPO_Dynamic,North-South,5,7.08,1,0.004,0
1190,RL_PPO_Dynamic,North-South,3,4.34,6,0.0024,0
1191,RL_PPO_Dynamic,North-South,4,6.15,2,0.0032,0
1192,RL_PPO_Dynamic,North-South,3,3.7,5,0.0024,0
1193,RL_PPO_Dynamic,North-South,6,10.2,3,0.0048,0
1194,RL_PPO_Dynamic,North-South,4,6.83,6,0.0032,0
1195,RL_PPO_Dynamic,North-South,5,6.8,2,0.004,0
1196,RL_PPO_Dynamic,North-South,4,7.43,1,0.0032,0
1197,RL_PPO_Dynamic,North-South,5,9.14,2,0.004,0
1198,RL_PPO_Dynamic,North-South,5,7.05,6,0.004,0
1199,RL_PPO_Dynamic,North-South,4,7.2,4,0.0032,0
1200,RL_PPO_Dynamic,North-South,6,8.45,6,0.0048,0
1201,RL_PPO_Dynamic,North-South,5,7.22,4,0.004,0
1202,RL_PPO_Dynamic,North-South,5,8.48,2,0.004,0
1203,RL_PPO_Dynamic,North-South,5,7.9,4,0.004,0
1204,RL_PPO_Dynamic,North-South,4,5.69,6,0.0032,0
1205,RL_PPO_Dynamic,North-South,5,7.9,5,0.004,0
1206,RL_PPO_Dynamic,North-South,5,7.39,4,0.004,0
1207,RL_PPO_Dynamic,North-South,4,5.02,5,0.0032,0
1208,RL_PPO_Dynamic,North-South,5,6.66,1,0.004,0
1209,RL_PPO_Dynamic,North-South,4,7.83,2,0.0032,0
1210,RL_PPO_Dynamic,North-South,3,5.27,4,0.0024,0
1211,RL_PPO_Dynamic,North-South,7,10.68,5,0.0056,0
1212,RL_PPO_Dynamic,North-South,5,8.36,3,0.004,0
1213,RL_PPO_Dynamic,North-South,4,6.75,4,0.0032,0
1214,RL_PPO_Dynamic,North-South,5,6.79,1,0.004,0
1215,RL_PPO_Dynamic,East-West,6,10.6,2,0.0048,0
1216,RL_PPO_Dynamic,East-West,4,5.93,5,0.0032,0
1217,RL_PPO_Dynamic,East-West,5,9.05,6,0.004,0
1218,RL_PPO_Dynamic,East-West,7,10.69,6,0.0056,0
1219,RL_PPO_Dynamic,East-West,5,6.98,4,0.004,0
1220,RL_PPO_Dynamic,East-West,6,9.84,6,0.0048,0
1221,RL_PPO_Dynamic,East-West,4,7.56,4,0.0032,0
1222,RL_PPO_Dynamic,East-West,5,9.27,3,0.004,0
1223,RL_PPO_Dynamic,East-West,7,10.84,3,0.0056,0
1224,RL_PPO_Dynamic,East-West,7,10.46,3,0.0056,0
1225,RL_PPO_Dynamic,East-West,4,7.14,1,0.0032,0
1226,RL_PPO_Dynamic,East-West,7,10.43,2,0.0056,0
1227,RL_PPO_Dynamic,East-West,5,7.2,5,0.004,0
1228,RL_PPO_Dynamic,East-West,7,10.13,4,0.0056,0
1229,RL_PPO_Dynamic,East-West,8,11.37,3,0.0064,0
1230,RL_PPO_Dynamic,East-West,5,8.89,4,0.004,0
1231,RL_PPO_Dynamic,East-West,7,10.45,6,0.0056,0
1232,RL_PPO_Dynamic,East-West,7,12.1,6,0.0056,0
1233,RL_PPO_Dynamic,East-West,6,10.12,2,0.0048,0
1234,RL_PPO_Dynamic,East-West,4,5.72,3,0.0032,0
1235,RL_PPO_Dynamic,East-West,6,8.29,3,0.0048,0
1236,RL_PPO_Dynamic,East-West,4,6.06,1,0.0032,0
1237,RL_PPO_Dynamic,East-West,7,10.47,5,0.0056,0
1238,RL_PPO_Dynamic,East-West,6,9.73,2,0.0048,0
1239,RL_PPO_Dynamic,East-West,4,5.43,3,0.0032,0
1240,RL_PPO_Dynamic,East-West,7,10.31,3,0.0056,0
1241,RL_PPO_Dynamic,East-West,5,9.43,3,0.004,0
1242,RL_PPO_Dynamic,East-West,3,3.59,6,0.0024,0
1243,RL_PPO_Dynamic,East-West,6,9.98,4,0.0048,0
1244,RL_PPO_Dynamic,East-West,6,8.29,4,0.0048,0
1245,RL_PPO_Dynamic,East-West,7,12.17,3,0.0056,0
1246,RL_PPO_Dynamic,East-West,4,7.88,5,0.0032,0
1247,RL_PPO_Dynamic,East-West,4,7.39,6,0.0032,0
1248,RL_PPO_Dynamic,East-West,7,10.97,2,0.0056,0
1249,RL_PPO_Dynamic,East-West,6,9.65,1,0.0048,0
1250,RL_PPO_Dynamic,East-West,6,10.89,3,0.0048,0
1251,RL_PPO_Dynamic,East-West,6,8.61,4,0.0048,0
1252,RL_PPO_Dynamic,East-West,4,6.45,1,0.0032,0
1253,RL_PPO_Dynamic,East-West,6,10.1,1,0.0048,0
1254,RL_PPO_Dynamic,East-West,5,7.72,2,0.004,0
1255,RL_PPO_Dynamic,East-West,5,9.48,1,0.004,0
1256,RL_PPO_Dynamic,East-West,3,4.91,5,0.0024,0
1257,RL_PPO_Dynamic,East-West,5,6.53,5,0.004,0
1258,RL_PPO_Dynamic,East-West,4,5.96,1,0.0032,0
1259,RL_PPO_Dynamic,East-West,5,9.04,2,0.004,0
1260,RL_PPO_Dynamic,North-South,4,5.59,5,0.0032,0
1261,RL_PPO_Dynamic,North-South,5,8.58,4,0.004,0
1262,RL_PPO_Dynamic,North-South,7,12.11,5,0.0056,0
1263,RL_PPO_Dynamic,North-South,5,7.58,2,0.004,0
1264,RL_PPO_Dynamic,North-South,4,5.93,3,0.0032,0
1265,RL_PPO_Dynamic,North-South,4,7.02,5,0.0032,0
1266,RL_PPO_Dynamic,North-South,6,10.05,1,0.0048,0
1267,RL_PPO_Dynamic,North-South,5,9.21,6,0.004,0
1268,RL_PPO_Dynamic,North-South,5,9.22,2,0.004,0
1269,RL_PPO_Dynamic,North-South,7,11.84,3,0.0056,0
1270,RL_PPO_Dynamic,North-South,4,6.18,2,0.0032,0
1271,RL_PPO_Dynamic,North-South,7,11.25,1,0.0056,0
1272,RL_PPO_Dynamic,North-South,6,10.65,5,0.0048,0
1273,RL_PPO_Dynamic,North-South,5,8.33,4,0.004,0
1274,RL_PPO_Dynamic,North-South,6,8.35,5,0.0048,0
1275,RL_PPO_Dynamic,North-South,8,11.22,2,0.0064,0
1276,RL_PPO_Dynamic,North-South,8,13.72,5,0.0064,0
1277,RL_PPO_Dynamic,North-South,5,7.84,3,0.004,0
1278,RL_PPO_Dynamic,North-South,9,14.12,4,0.0072,0
1279,RL_PPO_Dynamic,North-South,5,7.83,6,0.004,0
1280,RL_PPO_Dynamic,North-South,6,9.24,6,0.0048,0
1281,RL_PPO_Dynamic,North-South,2,4.54,4,0.0016,0
1282,RL_PPO_Dynamic,North-South,5,8.59,6,0.004,0
1283,RL_PPO_Dynamic,North-South,5,8.89,6,0.004,0
1284,RL_PPO_Dynamic,North-South,5,8.88,6,0.004,0
1285,RL_PPO_Dynamic,North-South,3,4.95,5,0.0024,0
1286,RL_PPO_Dynamic,North-South,6,8.93,4,0.0048,0
1287,RL_PPO_Dynamic,North-South,5,8.18,2,0.004,0
1288,RL_PPO_Dynamic,North-South,8,13.19,2,0.0064,0
1289,RL_PPO_Dynamic,North-South,6,8.35,3,0.0048,0
1290,RL_PPO_Dynamic,North-South,4,5.15,4,0.0032,0
1291,RL_PPO_Dynamic,North-South,2,2.46,5,0.0016,0
1292,RL_PPO_Dynamic,North-South,5,9.48,4,0.004,0
1293,RL_PPO_Dynamic,North-South,5,7.17,3,0.004,0
1294,RL_PPO_Dynamic,North-South,7,9.91,6,0.0056,0
1295,RL_PPO_Dynamic,North-South,5,6.62,2,0.004,0
1296,RL_PPO_Dynamic,North-South,5,8.85,2,0.004,0
1297,RL_PPO_Dynamic,North-South,6,10.19,5,0.0048,0
1298,RL_PPO_Dynamic,North-South,5,6.54,4,0.004,0
1299,RL_PPO_Dynamic,North-South,7,9.59,2,0.0056,0
1300,RL_PPO_Dynamic,North-South,9,13.52,6,0.0072,0
1301,RL_PPO_Dynamic,North-South,4,5.18,5,0.0032,0
1302,RL_PPO_Dynamic,North-South,4,7.67,6,0.0032,0
1303,RL_PPO_Dynamic,North-South,6,8.55,5,0.0048,0
1304,RL_PPO_Dynamic,North-South,5,6.52,3,0.004,0
1305,RL_PPO_Dynamic,East-West,7,12.29,6,0.0056,0
1306,RL_PPO_Dynamic,East-West,7,10.83,4,0.0056,0
1307,RL_PPO_Dynamic,East-West,6,10.18,1,0.0048,0
1308,RL_PPO_Dynamic,East-West,4,6.87,5,0.0032,0
1309,RL_PPO_Dynamic,East-West,5,7.41,6,0.004,0
1310,RL_PPO_Dynamic,East-West,7,11.16,4,0.0056,0
1311,RL_PPO_Dynamic,East-West,4,6.04,5,0.0032,0
1312,RL_PPO_Dynamic,East-West,5,8.41,3,0.004,0
1313,RL_PPO_Dynamic,East-West,8,13.78,2,0.0064,0
1314,RL_PPO_Dynamic,East-West,6,9.41,1,0.0048,0
1315,RL_PPO_Dynamic,East-West,6,10.47,1,0.0048,0
1316,RL_PPO_Dynamic,East-West,4,5.05,2,0.0032,0
1317,RL_PPO_Dynamic,East-West,7,11.68,6,0.0056,0
1318,RL_PPO_Dynamic,East-West,8,13.89,2,0.0064,0
1319,RL_PPO_Dynamic,East-West,9,14,5,0.0072,0
1320,RL_PPO_Dynamic,East-West,3,4.43,1,0.0024,0
1321,RL_PPO_Dynamic,East-West,7,11.67,1,0.0056,0
1322,RL_PPO_Dynamic,East-West,8,11.07,3,0.0064,0
1323,RL_PPO_Dynamic,East-West,6,8.8,1,0.0048,0
1324,RL_PPO_Dynamic,East-West,9,13.04,3,0.0072,0
1325,RL_PPO_Dynamic,East-West,7,11.34,3,0.0056,0
1326,RL_PPO_Dynamic,East-West,6,8.64,3,0.0048,0
1327,RL_PPO_Dynamic,East-West,6,10.53,3,0.0048,0
1328,RL_PPO_Dynamic,East-West,5,7.13,6,0.004,0
1329,RL_PPO_Dynamic,East-West,4,7.08,5,0.0032,0
1330,RL_PPO_Dynamic,East-West,4,7.72,3,0.0032,0
1331,RL_PPO_Dynamic,East-West,7,10.13,4,0.0056,0
1332,RL_PPO_Dynamic,East-West,7,12.32,2,0.0056,0
1333,RL_PPO_Dynamic,East-West,5,8.05,6,0.004,0
1334,RL_PPO_Dynamic,East-West,6,10.74,3,0.0048,0
1335,RL_PPO_Dynamic,East-West,6,8.66,4,0.0048,0
1336,RL_PPO_Dynamic,East-West,6,9.61,3,0.0048,0
1337,RL_PPO_Dynamic,East-West,8,13.69,5,0.0064,0
1338,RL_PPO_Dynamic,East-West,5,6.64,1,0.004,0
1339,RL_PPO_Dynamic,East-West,7,12.3,6,0.0056,0
1340,RL_PPO_Dynamic,East-West,4,6.13,3,0.0032,0
1341,RL_PPO_Dynamic,East-West,7,10.29,4,0.0056,0
1342,RL_PPO_Dynamic,East-West,2,2.33,3,0.0016,0
1343,RL_PPO_Dynamic,East-West,6,10.32,1,0.0048,0
1344,RL_PPO_Dynamic,East-West,6,10.24,4,0.0048,0
1345,RL_PPO_Dynamic,East-West,6,10.52,3,0.0048,0
1346,RL_PPO_Dynamic,East-West,6,10.16,2,0.0048,0
1347,RL_PPO_Dynamic,East-West,7,12.17,1,0.0056,0
1348,RL_PPO_Dynamic,East-West,7,11.65,3,0.0056,0
1349,RL_PPO_Dynamic,East-West,6,10.41,2,0.0048,0
1350,RL_PPO_Dynamic,North-South,8,13.22,6,0.0064,0
1351,RL_PPO_Dynamic,North-South,8,13.04,2,0.0064,0
1352,RL_PPO_Dynamic,North-South,8,12.17,1,0.0064,0
1353,RL_PPO_Dynamic,North-South,6,8.55,3,0.0048,0
1354,RL_PPO_Dynamic,North-South,3,4.08,4,0.0024,0
1355,RL_PPO_Dynamic,North-South,6,9.36,1,0.0048,0
1356,RL_PPO_Dynamic,North-South,8,13.27,6,0.0064,0
1357,RL_PPO_Dynamic,North-South,7,9.77,1,0.0056,0
1358,RL_PPO_Dynamic,North-South,6,9.16,3,0.0048,0
1359,RL_PPO_Dynamic,North-South,3,3.8,3,0.0024,0
1360,RL_PPO_Dynamic,North-South,5,9.07,5,0.004,0
1361,RL_PPO_Dynamic,North-South,6,8.18,3,0.0048,0
1362,RL_PPO_Dynamic,North-South,7,11.97,5,0.0056,0
1363,RL_PPO_Dynamic,North-South,6,9.01,4,0.0048,0
1364,RL_PPO_Dynamic,North-South,10,16.41,6,0.008,0
1365,RL_PPO_Dynamic,North-South,7,10.84,1,0.0056,0
1366,RL_PPO_Dynamic,North-South,5,9.21,3,0.004,0
1367,RL_PPO_Dynamic,North-South,4,5.26,6,0.0032,0
1368,RL_PPO_Dynamic,North-South,7,11.2,4,0.0056,0
1369,RL_PPO_Dynamic,North-South,5,8.46,2,0.004,0
1370,RL_PPO_Dynamic,North-South,9,14.24,3,0.0072,0
1371,RL_PPO_Dynamic,North-South,6,9.54,6,0.0048,0
1372,RL_PPO_Dynamic,North-South,7,12.28,4,0.0056,0
1373,RL_PPO_Dynamic,North-South,7,11.11,4,0.0056,0
1374,RL_PPO_Dynamic,North-South,5,9.28,5,0.004,0
1375,RL_PPO_Dynamic,North-South,7,10.42,6,0.0056,0
1376,RL_PPO_Dynamic,North-South,7,11.7,6,0.0056,0
1377,RL_PPO_Dynamic,North-South,3,3.96,3,0.0024,0
1378,RL_PPO_Dynamic,North-South,7,11.24,2,0.0056,0
1379,RL_PPO_Dynamic,North-South,7,10.98,3,0.0056,0
1380,RL_PPO_Dynamic,North-South,7,10.39,4,0.0056,0
1381,RL_PPO_Dynamic,North-South,7,10.9,2,0.0056,0
1382,RL_PPO_Dynamic,North-South,6,9.16,1,0.0048,0
1383,RL_PPO_Dynamic,North-South,6,8.29,5,0.0048,0
1384,RL_PPO_Dynamic,North-South,7,12.05,1,0.0056,0
1385,RL_PPO_Dynamic,North-South,6,8.16,1,0.0048,0
1386,RL_PPO_Dynamic,North-South,7,10.91,4,0.0056,0
1387,RL_PPO_Dynamic,North-South,5,6.9,4,0.004,0
1388,RL_PPO_Dynamic,North-South,5,7.67,3,0.004,0
1389,RL_PPO_Dynamic,North-South,7,10.83,6,0.0056,0
1390,RL_PPO_Dynamic,North-South,5,8.26,1,0.004,0
1391,RL_PPO_Dynamic,North-South,4,6.41,1,0.0032,0
1392,RL_PPO_Dynamic,North-South,6,8.22,5,0.0048,0
1393,RL_PPO_Dynamic,North-South,7,10.77,1,0.0056,0
1394,RL_PPO_Dynamic,North-South,7,10.14,3,0.0056,0
1395,RL_PPO_Dynamic,East-West,4,5.2,3,0.0032,0
1396,RL_PPO_Dynamic,East-West,7,12.23,5,0.0056,0
1397,RL_PPO_Dynamic,East-West,4,7.1,2,0.0032,0
1398,RL_PPO_Dynamic,East-West,6,10.27,4,0.0048,0
1399,RL_PPO_Dynamic,East-West,7,10.79,3,0.0056,0
1400,RL_PPO_Dynamic,East-West,5,9.29,4,0.004,0
1401,RL_PPO_Dynamic,East-West,8,13.99,4,0.0064,0
1402,RL_PPO_Dynamic,East-West,8,12.32,6,0.0064,0
1403,RL_PPO_Dynamic,East-West,7,10.33,6,0.0056,0
1404,RL_PPO_Dynamic,East-West,6,9.18,2,0.0048,0
1405,RL_PPO_Dynamic,East-West,5,6.62,5,0.004,0
1406,RL_PPO_Dynamic,East-West,5,8.05,6,0.004,0
1407,RL_PPO_Dynamic,East-West,7,9.64,4,0.0056,0
1408,RL_PPO_Dynamic,East-West,4,6.86,1,0.0032,0
1409,RL_PPO_Dynamic,East-West,8,12.7,6,0.0064,0
1410,RL_PPO_Dynamic,East-West,4,5.3,2,0.0032,0
1411,RL_PPO_Dynamic,East-West,8,12.29,5,0.0064,0
1412,RL_PPO_Dynamic,East-West,7,11.68,2,0.0056,0
1413,RL_PPO_Dynamic,East-West,6,10.44,5,0.0048,0
1414,RL_PPO_Dynamic,East-West,6,10.47,6,0.0048,0
1415,RL_PPO_Dynamic,East-West,7,11.31,4,0.0056,0
1416,RL_PPO_Dynamic,East-West,6,8.26,4,0.0048,0
1417,RL_PPO_Dynamic,East-West,4,7.68,2,0.0032,0
1418,RL_PPO_Dynamic,East-West,8,12.73,3,0.0064,0
1419,RL_PPO_Dynamic,East-West,8,11.95,4,0.0064,0
1420,RL_PPO_Dynamic,East-West,8,12.13,6,0.0064,0
1421,RL_PPO_Dynamic,East-West,4,7.5,2,0.0032,0
1422,RL_PPO_Dynamic,East-West,6,10.34,5,0.0048,0
1423,RL_PPO_Dynamic,East-West,7,12.31,1,0.0056,0
1424,RL_PPO_Dynamic,East-West,7,11.37,3,0.0056,0
1425,RL_PPO_Dynamic,East-West,7,11.52,4,0.0056,0
1426,RL_PPO_Dynamic,East-West,8,13.37,3,0.0064,0
1427,RL_PPO_Dynamic,East-West,6,10.37,5,0.0048,0
1428,RL_PPO_Dynamic,East-West,7,10.37,4,0.0056,0
1429,RL_PPO_Dynamic,East-West,8,11.4,3,0.0064,0
1430,RL_PPO_Dynamic,East-West,6,9.2,3,0.0048,0
1431,RL_PPO_Dynamic,East-West,8,12.02,4,0.0064,0
1432,RL_PPO_Dynamic,East-West,5,8.54,1,0.004,0
1433,RL_PPO_Dynamic,East-West,7,10.95,3,0.0056,0
1434,RL_PPO_Dynamic,East-West,8,13.81,3,0.0064,0
1435,RL_PPO_Dynamic,East-West,7,10.31,2,0.0056,0
1436,RL_PPO_Dynamic,East-West,7,12.49,2,0.0056,0
1437,RL_PPO_Dynamic,East-West,5,8.69,1,0.004,0
1438,RL_PPO_Dynamic,East-West,6,9.45,6,0.0048,0
1439,RL_PPO_Dynamic,East-West,9,14.52,3,0.0072,0
1440,RL_PPO_Dynamic,North-South,5,6.87,5,0.004,0
1441,RL_PPO_Dynamic,North-South,7,11.05,4,0.0056,0
1442,RL_PPO_Dynamic,North-South,5,9.5,5,0.004,0
1443,RL_PPO_Dynamic,North-South,4,5.27,6,0.0032,0
1444,RL_PPO_Dynamic,North-South,7,9.63,6,0.0056,0
1445,RL_PPO_Dynamic,North-South,7,11.88,2,0.0056,0
1446,RL_PPO_Dynamic,North-South,6,9.85,6,0.0048,0
1447,RL_PPO_Dynamic,North-South,7,11.13,4,0.0056,0
1448,RL_PPO_Dynamic,North-South,6,8.1,6,0.0048,0
1449,RL_PPO_Dynamic,North-South,6,8.43,3,0.0048,0
1450,RL_PPO_Dynamic,North-South,5,9.41,5,0.004,0
1451,RL_PPO_Dynamic,North-South,6,9.37,2,0.0048,0
1452,RL_PPO_Dynamic,North-South,5,8.84,1,0.004,0
1453,RL_PPO_Dynamic,North-South,7,10.46,5,0.0056,0
1454,RL_PPO_Dynamic,North-South,6,10.94,5,0.0048,0
1455,RL_PPO_Dynamic,North-South,6,9.08,1,0.0048,0
1456,RL_PPO_Dynamic,North-South,8,11.58,6,0.0064,0
1457,RL_PPO_Dynamic,North-South,6,8.67,3,0.0048,0
1458,RL_PPO_Dynamic,North-South,6,10.65,1,0.0048,0
1459,RL_PPO_Dynamic,North-South,6,8.09,5,0.0048,0
1460,RL_PPO_Dynamic,North-South,5,6.58,2,0.004,0
1461,RL_PPO_Dynamic,North-South,6,8.35,1,0.0048,0
1462,RL_PPO_Dynamic,North-South,9,12.8,4,0.0072,0
1463,RL_PPO_Dynamic,North-South,7,10.25,5,0.0056,0
1464,RL_PPO_Dynamic,North-South,8,11.69,2,0.0064,0
1465,RL_PPO_Dynamic,North-South,7,11.03,2,0.0056,0
1466,RL_PPO_Dynamic,North-South,6,9.34,1,0.0048,0
1467,RL_PPO_Dynamic,North-South,7,10,4,0.0056,0
1468,RL_PPO_Dynamic,North-South,6,8.54,2,0.0048,0
1469,RL_PPO_Dynamic,North-South,5,9.34,2,0.004,0
1470,RL_PPO_Dynamic,North-South,5,7.14,4,0.004,0
1471,RL_PPO_Dynamic,North-South,8,12.51,3,0.0064,0
1472,RL_PPO_Dynamic,North-South,6,9.56,1,0.0048,0
1473,RL_PPO_Dynamic,North-South,6,10.88,1,0.0048,0
1474,RL_PPO_Dynamic,North-South,9,13.03,3,0.0072,0
1475,RL_PPO_Dynamic,North-South,5,8.04,1,0.004,0
1476,RL_PPO_Dynamic,North-South,5,7.49,5,0.004,0
1477,RL_PPO_Dynamic,North-South,7,9.52,3,0.0056,0
1478,RL_PPO_Dynamic,North-South,7,10.38,3,0.0056,0
1479,RL_PPO_Dynamic,North-South,8,11.09,5,0.0064,0
1480,RL_PPO_Dynamic,North-South,6,8.69,2,0.0048,0
1481,RL_PPO_Dynamic,North-South,5,9.21,5,0.004,0
1482,RL_PPO_Dynamic,North-South,5,9.33,2,0.004,0
1483,RL_PPO_Dynamic,North-South,7,12.12,4,0.0056,0
1484,RL_PPO_Dynamic,North-South,5,9.36,1,0.004,0
1485,RL_PPO_Dynamic,East-West,7,10.56,1,0.0056,0
1486,RL_PPO_Dynamic,East-West,6,8.95,4,0.0048,0
1487,RL_PPO_Dynamic,East-West,6,10.95,3,0.0048,0
1488,RL_PPO_Dynamic,East-West,6,9.04,1,0.0048,0
1489,RL_PPO_Dynamic,East-West,3,3.8,1,0.0024,0
1490,RL_PPO_Dynamic,East-West,8,13.27,2,0.0064,0
1491,RL_PPO_Dynamic,East-West,8,11.6,3,0.0064,0
1492,RL_PPO_Dynamic,East-West,11,15.55,4,0.0088,0
1493,RL_PPO_Dynamic,East-West,8,11.68,5,0.0064,0
1494,RL_PPO_Dynamic,East-West,6,10.76,4,0.0048,0
1495,RL_PPO_Dynamic,East-West,5,7.09,4,0.004,0
1496,RL_PPO_Dynamic,East-West,12,17.73,4,0.0096,0
1497,RL_PPO_Dynamic,East-West,4,5.69,6,0.0032,0
1498,RL_PPO_Dynamic,East-West,8,13.66,4,0.0064,0
1499,RL_PPO_Dynamic,East-West,5,8.59,6,0.004,0
1500,RL_PPO_Dynamic,East-West,7,12.12,1,0.0056,0
1501,RL_PPO_Dynamic,East-West,6,9.5,1,0.0048,0
1502,RL_PPO_Dynamic,East-West,3,5.19,5,0.0024,0
1503,RL_PPO_Dynamic,East-West,8,12.99,2,0.0064,0
1504,RL_PPO_Dynamic,East-West,3,5.61,4,0.0024,0
1505,RL_PPO_Dynamic,East-West,4,6.18,1,0.0032,0
1506,RL_PPO_Dynamic,East-West,9,15.03,2,0.0072,0
1507,RL_PPO_Dynamic,East-West,8,13.02,1,0.0064,0
1508,RL_PPO_Dynamic,East-West,6,10.91,2,0.0048,0
1509,RL_PPO_Dynamic,East-West,7,10.63,6,0.0056,0
1510,RL_PPO_Dynamic,East-West,8,11.54,1,0.0064,0
1511,RL_PPO_Dynamic,East-West,6,10.14,5,0.0048,0
1512,RL_PPO_Dynamic,East-West,5,6.58,4,0.004,0
1513,RL_PPO_Dynamic,East-West,5,7.95,4,0.004,0
1514,RL_PPO_Dynamic,East-West,5,7.52,2,0.004,0
1515,RL_PPO_Dynamic,East-West,4,6.71,3,0.0032,0
1516,RL_PPO_Dynamic,East-West,3,6.29,1,0.0024,0
1517,RL_PPO_Dynamic,East-West,7,12.33,2,0.0056,0
1518,RL_PPO_Dynamic,East-West,7,10.18,6,0.0056,0
1519,RL_PPO_Dynamic,East-West,3,3.81,6,0.0024,0
1520,RL_PPO_Dynamic,East-West,5,8.73,6,0.004,0
1521,RL_PPO_Dynamic,East-West,5,8.17,5,0.004,0
1522,RL_PPO_Dynamic,East-West,7,12.06,3,0.0056,0
1523,RL_PPO_Dynamic,East-West,7,11.51,1,0.0056,0
1524,RL_PPO_Dynamic,East-West,5,9.04,6,0.004,0
1525,RL_PPO_Dynamic,East-West,5,6.82,4,0.004,0
1526,RL_PPO_Dynamic,East-West,8,13.55,5,0.0064,0
1527,RL_PPO_Dynamic,East-West,6,10.77,5,0.0048,0
1528,RL_PPO_Dynamic,East-West,5,8.41,3,0.004,0
1529,RL_PPO_Dynamic,East-West,5,9.06,6,0.004,0
1530,RL_PPO_Dynamic,North-South,5,8.85,4,0.004,0
1531,RL_PPO_Dynamic,North-South,6,9.4,2,0.0048,0
1532,RL_PPO_Dynamic,North-South,8,12.41,6,0.0064,0
1533,RL_PPO_Dynamic,North-South,4,5.59,3,0.0032,0
1534,RL_PPO_Dynamic,North-South,5,8.07,3,0.004,0
1535,RL_PPO_Dynamic,North-South,2,2.55,2,0.0016,0
1536,RL_PPO_Dynamic,North-South,7,11.49,3,0.0056,0
1537,RL_PPO_Dynamic,North-South,7,10.77,6,0.0056,0
1538,RL_PPO_Dynamic,North-South,3,6.1,2,0.0024,0
1539,RL_PPO_Dynamic,North-South,7,10.96,2,0.0056,0
1540,RL_PPO_Dynamic,North-South,7,11.31,3,0.0056,0
1541,RL_PPO_Dynamic,North-South,3,4.66,3,0.0024,0
1542,RL_PPO_Dynamic,North-South,6,8.68,2,0.0048,0
1543,RL_PPO_Dynamic,North-South,3,4.79,6,0.0024,0
1544,RL_PPO_Dynamic,North-South,5,8.85,1,0.004,0
1545,RL_PPO_Dynamic,North-South,4,5.98,5,0.0032,0
1546,RL_PPO_Dynamic,North-South,6,9.02,4,0.0048,0
1547,RL_PPO_Dynamic,North-South,8,12.69,2,0.0064,0
1548,RL_PPO_Dynamic,North-South,5,7.53,3,0.004,0
1549,RL_PPO_Dynamic,North-South,9,14.95,5,0.0072,0
1550,RL_PPO_Dynamic,North-South,6,8.37,1,0.0048,0
1551,RL_PPO_Dynamic,North-South,6,8.69,5,0.0048,0
1552,RL_PPO_Dynamic,North-South,7,10.09,6,0.0056,0
1553,RL_PPO_Dynamic,North-South,4,5.46,6,0.0032,0
1554,RL_PPO_Dynamic,North-South,7,10.75,5,0.0056,0
1555,RL_PPO_Dynamic,North-South,3,5.89,3,0.0024,0
1556,RL_PPO_Dynamic,North-South,6,8.91,2,0.0048,0
1557,RL_PPO_Dynamic,North-South,4,7.02,3,0.0032,0
1558,RL_PPO_Dynamic,North-South,7,11.17,6,0.0056,0
1559,RL_PPO_Dynamic,North-South,6,8.9,2,0.0048,0
1560,RL_PPO_Dynamic,North-South,6,10.29,5,0.0048,0
1561,RL_PPO_Dynamic,North-South,7,11.4,5,0.0056,0
1562,RL_PPO_Dynamic,North-South,6,8.46,3,0.0048,0
1563,RL_PPO_Dynamic,North-South,5,6.66,3,0.004,0
1564,RL_PPO_Dynamic,North-South,7,9.93,5,0.0056,0
1565,RL_PPO_Dynamic,North-South,3,4.23,2,0.0024,0
1566,RL_PPO_Dynamic,North-South,4,5.3,1,0.0032,0
1567,RL_PPO_Dynamic,North-South,8,11.82,3,0.0064,0
1568,RL_PPO_Dynamic,North-South,5,7.01,3,0.004,0
1569,RL_PPO_Dynamic,North-South,5,8.07,3,0.004,0
1570,RL_PPO_Dynamic,North-South,5,8.82,5,0.004,0
1571,RL_PPO_Dynamic,North-South,7,11.41,1,0.0056,0
1572,RL_PPO_Dynamic,North-South,5,7.78,4,0.004,0
1573,RL_PPO_Dynamic,North-South,9,14.07,1,0.0072,0
1574,RL_PPO_Dynamic,North-South,4,7.26,3,0.0032,0
1575,RL_PPO_Dynamic,East-West,3,5.05,6,0.0024,0
1576,RL_PPO_Dynamic,East-West,4,6.15,1,0.0032,0
1577,RL_PPO_Dynamic,East-West,5,9.33,4,0.004,0
1578,RL_PPO_Dynamic,East-West,8,13.66,5,0.0064,0
1579,RL_PPO_Dynamic,East-West,6,9.86,5,0.0048,0
1580,RL_PPO_Dynamic,East-West,3,4.44,4,0.0024,0
1581,RL_PPO_Dynamic,East-West,8,11.2,6,0.0064,0
1582,RL_PPO_Dynamic,East-West,6,10.06,1,0.0048,0
1583,RL_PPO_Dynamic,East-West,4,5.49,4,0.0032,0
1584,RL_PPO_Dynamic,East-West,6,10.18,4,0.0048,0
1585,RL_PPO_Dynamic,East-West,1,2.4,5,0.0008,0
1586,RL_PPO_Dynamic,East-West,6,8.02,4,0.0048,0
1587,RL_PPO_Dynamic,East-West,4,5.07,1,0.0032,0
1588,RL_PPO_Dynamic,East-West,5,7.02,5,0.004,0
1589,RL_PPO_Dynamic,East-West,4,5.43,1,0.0032,0
1590,RL_PPO_Dynamic,East-West,8,13.71,6,0.0064,0
1591,RL_PPO_Dynamic,East-West,4,5.41,6,0.0032,0
1592,RL_PPO_Dynamic,East-West,5,8.73,2,0.004,0
1593,RL_PPO_Dynamic,East-West,10,14.05,1,0.008,0
1594,RL_PPO_Dynamic,East-West,5,7.09,6,0.004,0
1595,RL_PPO_Dynamic,East-West,6,10.08,2,0.0048,0
1596,RL_PPO_Dynamic,East-West,7,10.2,1,0.0056,0
1597,RL_PPO_Dynamic,East-West,3,4.9,3,0.0024,0
1598,RL_PPO_Dynamic,East-West,6,9.16,5,0.0048,0
1599,RL_PPO_Dynamic,East-West,6,9.4,5,0.0048,0
1600,RL_PPO_Dynamic,East-West,3,5.38,6,0.0024,0
1601,RL_PPO_Dynamic,East-West,5,8.36,5,0.004,0
1602,RL_PPO_Dynamic,East-West,6,9.63,2,0.0048,0
1603,RL_PPO_Dynamic,East-West,5,8.61,4,0.004,0
1604,RL_PPO_Dynamic,East-West,2,2.35,6,0.0016,0
1605,RL_PPO_Dynamic,East-West,3,5.77,3,0.0024,0
1606,RL_PPO_Dynamic,East-West,1,2,3,0.0008,0
1607,RL_PPO_Dynamic,East-West,5,6.8,6,0.004,0
1608,RL_PPO_Dynamic,East-West,7,9.94,5,0.0056,0
1609,RL_PPO_Dynamic,East-West,6,9.5,1,0.0048,0
1610,RL_PPO_Dynamic,East-West,4,7.43,3,0.0032,0
1611,RL_PPO_Dynamic,East-West,4,7.89,3,0.0032,0
1612,RL_PPO_Dynamic,East-West,7,12.3,2,0.0056,0
1613,RL_PPO_Dynamic,East-West,6,10.06,4,0.0048,0
1614,RL_PPO_Dynamic,East-West,5,8.77,5,0.004,0
1615,RL_PPO_Dynamic,East-West,3,6.27,6,0.0024,0
1616,RL_PPO_Dynamic,East-West,6,9.18,3,0.0048,0
1617,RL_PPO_Dynamic,East-West,5,7.7,5,0.004,0
1618,RL_PPO_Dynamic,East-West,4,7.82,5,0.0032,0
1619,RL_PPO_Dynamic,East-West,5,6.79,5,0.004,0
1620,RL_PPO_Dynamic,North-South,5,8.79,4,0.004,0
1621,RL_PPO_Dynamic,North-South,6,10.64,2,0.0048,0
1622,RL_PPO_Dynamic,North-South,6,8.89,6,0.0048,0
1623,RL_PPO_Dynamic,North-South,4,5.91,2,0.0032,0
1624,RL_PPO_Dynamic,North-South,3,4.61,6,0.0024,0
1625,RL_PPO_Dynamic,North-South,2,3.68,5,0.0016,0
1626,RL_PPO_Dynamic,North-South,7,11.4,1,0.0056,0
1627,RL_PPO_Dynamic,North-South,3,4.46,4,0.0024,0
1628,RL_PPO_Dynamic,North-South,5,8.99,1,0.004,0
1629,RL_PPO_Dynamic,North-South,5,6.6,2,0.004,0
1630,RL_PPO_Dynamic,North-South,2,4.22,5,0.0016,0
1631,RL_PPO_Dynamic,North-South,4,5.26,4,0.0032,0
1632,RL_PPO_Dynamic,North-South,3,4.25,5,0.0024,0
1633,RL_PPO_Dynamic,North-South,5,9.06,5,0.004,0
1634,RL_PPO_Dynamic,North-South,7,10.13,1,0.0056,0
1635,RL_PPO_Dynamic,North-South,4,6.23,1,0.0032,0
1636,RL_PPO_Dynamic,North-South,4,6.3,5,0.0032,0
1637,RL_PPO_Dynamic,North-South,4,6.31,6,0.0032,0
1638,RL_PPO_Dynamic,North-South,5,8.8,6,0.004,0
1639,RL_PPO_Dynamic,North-South,4,6.3,1,0.0032,0
1640,RL_PPO_Dynamic,North-South,2,2.64,3,0.0016,0
1641,RL_PPO_Dynamic,North-South,1,2.63,4,0.0008,0
1642,RL_PPO_Dynamic,North-South,3,4.55,2,0.0024,0
1643,RL_PPO_Dynamic,North-South,5,7.91,6,0.004,0
1644,RL_PPO_Dynamic,North-South,3,5.72,4,0.0024,0
1645,RL_PPO_Dynamic,North-South,7,10.7,2,0.0056,0
1646,RL_PPO_Dynamic,North-South,6,9.56,5,0.0048,0
1647,RL_PPO_Dynamic,North-South,3,4.94,4,0.0024,0
1648,RL_PPO_Dynamic,North-South,7,10.6,1,0.0056,0
1649,RL_PPO_Dynamic,North-South,3,3.53,3,0.0024,0
1650,RL_PPO_Dynamic,North-South,4,7.72,4,0.0032,0
1651,RL_PPO_Dynamic,North-South,5,8.49,2,0.004,0
1652,RL_PPO_Dynamic,North-South,5,8.58,5,0.004,0
1653,RL_PPO_Dynamic,North-South,5,9.04,1,0.004,0
1654,RL_PPO_Dynamic,North-South,3,4.83,2,0.0024,0
1655,RL_PPO_Dynamic,North-South,1,2.55,3,0.0008,0
1656,RL_PPO_Dynamic,North-South,5,6.52,5,0.004,0
1657,RL_PPO_Dynamic,North-South,3,6.22,2,0.0024,0
1658,RL_PPO_Dynamic,North-South,7,11.18,5,0.0056,0
1659,RL_PPO_Dynamic,North-South,3,6.11,6,0.0024,0
1660,RL_PPO_Dynamic,North-South,4,7.87,4,0.0032,0
1661,RL_PPO_Dynamic,North-South,4,5.63,1,0.0032,0
1662,RL_PPO_Dynamic,North-South,2,3.92,4,0.0016,0
1663,RL_PPO_Dynamic,North-South,5,9.27,3,0.004,0
1664,RL_PPO_Dynamic,North-South,4,7.46,5,0.0032,0
1665,RL_PPO_Dynamic,East-West,1,2,6,0.0008,0
1666,RL_PPO_Dynamic,East-West,3,4.34,6,0.0024,0
1667,RL_PPO_Dynamic,East-West,4,7.94,4,0.0032,0
1668,RL_PPO_Dynamic,East-West,4,7.46,5,0.0032,0
1669,RL_PPO_Dynamic,East-West,3,5.67,5,0.0024,0
1670,RL_PPO_Dynamic,East-West,3,4.81,1,0.0024,0
1671,RL_PPO_Dynamic,East-West,1,3.43,5,0.0008,0
1672,RL_PPO_Dynamic,East-West,4,6.55,1,0.0032,0
1673,RL_PPO_Dynamic,East-West,4,6.71,3,0.0032,0
1674,RL_PPO_Dynamic,East-West,4,7.86,4,0.0032,0
1675,RL_PPO_Dynamic,East-West,5,9.21,5,0.004,0
1676,RL_PPO_Dynamic,East-West,1,2,1,0.0008,0
1677,RL_PPO_Dynamic,East-West,5,7.67,4,0.004,0
1678,RL_PPO_Dynamic,East-West,6,8.46,3,0.0048,0
1679,RL_PPO_Dynamic,East-West,2,4.34,4,0.0016,0
1680,RL_PPO_Dynamic,East-West,1,3.04,6,0.0008,0
1681,RL_PPO_Dynamic,East-West,2,2.3,2,0.0016,0
1682,RL_PPO_Dynamic,East-West,2,4.76,3,0.0016,0
1683,RL_PPO_Dynamic,East-West,4,7.86,3,0.0032,0
1684,RL_PPO_Dynamic,East-West,5,7.92,2,0.004,0
1685,RL_PPO_Dynamic,East-West,4,5.07,4,0.0032,0
1686,RL_PPO_Dynamic,East-West,3,4.98,2,0.0024,0
1687,RL_PPO_Dynamic,East-West,7,10.45,3,0.0056,0
1688,RL_PPO_Dynamic,East-West,6,9.82,4,0.0048,0
1689,RL_PPO_Dynamic,East-West,4,7.69,6,0.0032,0
1690,RL_PPO_Dynamic,East-West,6,10.51,4,0.0048,0
1691,RL_PPO_Dynamic,East-West,5,8.59,5,0.004,0
1692,RL_PPO_Dynamic,East-West,2,2.21,2,0.0016,0
1693,RL_PPO_Dynamic,East-West,5,7.7,4,0.004,0
1694,RL_PPO_Dynamic,East-West,5,8.51,4,0.004,0
1695,RL_PPO_Dynamic,East-West,3,4.2,3,0.0024,0
1696,RL_PPO_Dynamic,East-West,3,6.3,1,0.0024,0
1697,RL_PPO_Dynamic,East-West,2,3.15,4,0.0016,0
1698,RL_PPO_Dynamic,East-West,4,5.09,3,0.0032,0
1699,RL_PPO_Dynamic,East-West,4,6.83,4,0.0032,0
1700,RL_PPO_Dynamic,East-West,0,2,1,0,0
1701,RL_PPO_Dynamic,East-West,2,2.71,6,0.0016,0
1702,RL_PPO_Dynamic,East-West,6,8.14,3,0.0048,0
1703,RL_PPO_Dynamic,East-West,3,6.03,5,0.0024,0
1704,RL_PPO_Dynamic,East-West,1,3.19,5,0.0008,0
1705,RL_PPO_Dynamic,East-West,0,2,6,0,0
1706,RL_PPO_Dynamic,East-West,1,2,1,0.0008,0
1707,RL_PPO_Dynamic,East-West,3,5.35,5,0.0024,0
1708,RL_PPO_Dynamic,East-West,3,3.87,6,0.0024,0
1709,RL_PPO_Dynamic,East-West,5,7.61,2,0.004,0
1710,RL_PPO_Dynamic,North-South,5,9.01,5,0.004,0
1711,RL_PPO_Dynamic,North-South,4,5.78,4,0.0032,0
1712,RL_PPO_Dynamic,North-South,5,7.74,6,0.004,0
1713,RL_PPO_Dynamic,North-South,5,8.84,3,0.004,0
1714,RL_PPO_Dynamic,North-South,4,7.91,4,0.0032,0
1715,RL_PPO_Dynamic,North-South,3,5.16,4,0.0024,0
1716,RL_PPO_Dynamic,North-South,3,3.66,3,0.0024,0
1717,RL_PPO_Dynamic,North-South,3,4.66,4,0.0024,0
1718,RL_PPO_Dynamic,North-South,1,2,2,0.0008,0
1719,RL_PPO_Dynamic,North-South,4,5.45,4,0.0032,0
1720,RL_PPO_Dynamic,North-South,2,3.4,3,0.0016,0
1721,RL_PPO_Dynamic,North-South,4,6.32,2,0.0032,0
1722,RL_PPO_Dynamic,North-South,4,6.5,1,0.0032,0
1723,RL_PPO_Dynamic,North-South,2,3.58,5,0.0016,0
1724,RL_PPO_Dynamic,North-South,2,2.17,3,0.0016,0
1725,RL_PPO_Dynamic,North-South,2,4.38,4,0.0016,0
1726,RL_PPO_Dynamic,North-South,2,4.66,5,0.0016,0
1727,RL_PPO_Dynamic,North-South,4,5.4,3,0.0032,0
1728,RL_PPO_Dynamic,North-South,0,2,4,0,0
1729,RL_PPO_Dynamic,North-South,0,2,2,0,0
1730,RL_PPO_Dynamic,North-South,5,7.7,6,0.004,0
1731,RL_PPO_Dynamic,North-South,1,2,3,0.0008,0
1732,RL_PPO_Dynamic,North-South,2,2.71,1,0.0016,0
1733,RL_PPO_Dynamic,North-South,1,3.05,4,0.0008,0
1734,RL_PPO_Dynamic,North-South,3,3.84,4,0.0024,0
1735,RL_PPO_Dynamic,North-South,0,2,2,0,0
1736,RL_PPO_Dynamic,North-South,1,2,2,0.0008,0
1737,RL_PPO_Dynamic,North-South,2,4.07,4,0.0016,0
1738,RL_PPO_Dynamic,North-South,1,2.49,2,0.0008,0
1739,RL_PPO_Dynamic,North-South,7,9.75,3,0.0056,0
1740,RL_PPO_Dynamic,North-South,0,2,2,0,0
1741,RL_PPO_Dynamic,North-South,2,3.72,6,0.0016,0
1742,RL_PPO_Dynamic,North-South,5,6.6,3,0.004,0
1743,RL_PPO_Dynamic,North-South,5,9.3,3,0.004,0
1744,RL_PPO_Dynamic,North-South,1,2,4,0.0008,0
1745,RL_PPO_Dynamic,North-South,3,6.22,6,0.0024,0
1746,RL_PPO_Dynamic,North-South,3,6.36,5,0.0024,0
1747,RL_PPO_Dynamic,North-South,3,4.79,6,0.0024,0
1748,RL_PPO_Dynamic,North-South,3,5.57,6,0.0024,0
1749,RL_PPO_Dynamic,North-South,1,2.03,6,0.0008,0
1750,RL_PPO_Dynamic,North-South,0,2,3,0,0
1751,RL_PPO_Dynamic,North-South,5,8.74,6,0.004,0
1752,RL_PPO_Dynamic,North-South,4,6.12,3,0.0032,0
1753,RL_PPO_Dynamic,North-South,1,2,2,0.0008,0
1754,RL_PPO_Dynamic,North-South,4,7.68,5,0.0032,0
1755,RL_PPO_Dynamic,East-West,3,5.27,4,0.0024,0
1756,RL_PPO_Dynamic,East-West,3,4.28,1,0.0024,0
1757,RL_PPO_Dynamic,East-West,0,2,5,0,0
1758,RL_PPO_Dynamic,East-West,3,3.84,1,0.0024,0
1759,RL_PPO_Dynamic,East-West,3,4.54,4,0.0024,0
1760,RL_PPO_Dynamic,East-West,4,7.08,1,0.0032,0
1761,RL_PPO_Dynamic,East-West,4,5.49,6,0.0032,0
1762,RL_PPO_Dynamic,East-West,3,5.57,3,0.0024,0
1763,RL_PPO_Dynamic,East-West,6,10.15,2,0.0048,0
1764,RL_PPO_Dynamic,East-West,2,4.83,6,0.0016,0
1765,RL_PPO_Dynamic,East-West,3,6.48,4,0.0024,0
1766,RL_PPO_Dynamic,East-West,5,7.35,4,0.004,0
1767,RL_PPO_Dynamic,East-West,3,3.52,1,0.0024,0
1768,RL_PPO_Dynamic,East-West,2,3.88,4,0.0016,0
1769,RL_PPO_Dynamic,East-West,1,3.48,3,0.0008,0
1770,RL_PPO_Dynamic,East-West,3,5.61,6,0.0024,0
1771,RL_PPO_Dynamic,East-West,3,5.75,6,0.0024,0
1772,RL_PPO_Dynamic,East-West,2,4.91,4,0.0016,0
1773,RL_PPO_Dynamic,East-West,2,3.48,1,0.0016,0
1774,RL_PPO_Dynamic,East-West,1,3.07,6,0.0008,0
1775,RL_PPO_Dynamic,East-West,3,4.95,3,0.0024,0
1776,RL_PPO_Dynamic,East-West,5,7.16,5,0.004,0
1777,RL_PPO_Dynamic,East-West,0,2,5,0,0
1778,RL_PPO_Dynamic,East-West,2,4.68,5,0.0016,0
1779,RL_PPO_Dynamic,East-West,0,2,3,0,0
1780,RL_PPO_Dynamic,East-West,1,3.26,6,0.0008,0
1781,RL_PPO_Dynamic,East-West,4,7.46,5,0.0032,0
1782,RL_PPO_Dynamic,East-West,3,3.85,6,0.0024,0
1783,RL_PPO_Dynamic,East-West,0,2,1,0,0
1784,RL_PPO_Dynamic,East-West,0,2,1,0,0
1785,RL_PPO_Dynamic,East-West,4,5.62,1,0.0032,0
1786,RL_PPO_Dynamic,East-West,3,3.85,5,0.0024,0
1787,RL_PPO_Dynamic,East-West,2,4.52,2,0.0016,0
1788,RL_PPO_Dynamic,East-West,3,5.44,4,0.0024,0
1789,RL_PPO_Dynamic,East-West,0,2,5,0,0
1790,RL_PPO_Dynamic,East-West,1,2,4,0.0008,0
1791,RL_PPO_Dynamic,East-West,1,2.69,2,0.0008,0
1792,RL_PPO_Dynamic,East-West,2,3,6,0.0016,0
1793,RL_PPO_Dynamic,East-West,3,4.08,3,0.0024,0
1794,RL_PPO_Dynamic,East-West,5,7.27,6,0.004,0
1795,RL_PPO_Dynamic,East-West,1,2.92,6,0.0008,0
1796,RL_PPO_Dynamic,East-West,1,3.09,5,0.0008,0
1797,RL_PPO_Dynamic,East-West,0,2,6,0,0
1798,RL_PPO_Dynamic,East-West,2,2.14,6,0.0016,0
1799,RL_PPO_Dynamic,East-West,2,4.76,2,0.0016,0
1800,RL_PPO_Dynamic,North-South,2,2.25,2,0.0016,0
1801,RL_PPO_Dynamic,North-South,2,4.87,6,0.0016,0
1802,RL_PPO_Dynamic,North-South,0,2,1,0,0
1803,RL_PPO_Dynamic,North-South,1,2,1,0.0008,0
1804,RL_PPO_Dynamic,North-South,1,3.06,3,0.0008,0
1805,RL_PPO_Dynamic,North-South,2,3.1,6,0.0016,0
1806,RL_PPO_Dynamic,North-South,1,3.23,2,0.0008,0
1807,RL_PPO_Dynamic,North-South,1,2,3,0.0008,0
1808,RL_PPO_Dynamic,North-South,1,2,2,0.0008,0
1809,RL_PPO_Dynamic,North-South,2,2.31,2,0.0016,0
1810,RL_PPO_Dynamic,North-South,2,4.23,6,0.0016,0
1811,RL_PPO_Dynamic,North-South,0,2,1,0,0
1812,RL_PPO_Dynamic,North-South,4,5.24,6,0.0032,0
1813,RL_PPO_Dynamic,North-South,3,5.61,6,0.0024,0
1814,RL_PPO_Dynamic,North-South,0,2,2,0,0
1815,RL_PPO_Dynamic,North-South,1,2,2,0.0008,0
1816,RL_PPO_Dynamic,North-South,0,2,2,0,0
1817,RL_PPO_Dynamic,North-South,0,2,5,0,0
1818,RL_PPO_Dynamic,North-South,2,3.48,3,0.0016,0
1819,RL_PPO_Dynamic,North-South,4,7.25,1,0.0032,0
1820,RL_PPO_Dynamic,North-South,2,4.13,5,0.0016,0
1821,RL_PPO_Dynamic,North-South,0,2,1,0,0
1822,RL_PPO_Dynamic,North-South,0,2,6,0,0
1823,RL_PPO_Dynamic,North-South,0,2,2,0,0
1824,RL_PPO_Dynamic,North-South,0,2,5,0,0
1825,RL_PPO_Dynamic,North-South,2,3.33,6,0.0016,0
1826,RL_PPO_Dynamic,North-South,0,2,3,0,0
1827,RL_PPO_Dynamic,North-South,3,4.18,2,0.0024,0
1828,RL_PPO_Dynamic,North-South,2,2.51,1,0.0016,0
1829,RL_PPO_Dynamic,North-South,1,2,2,0.0008,0
1830,RL_PPO_Dynamic,North-South,3,5.88,4,0.0024,0
1831,RL_PPO_Dynamic,North-South,2,3.97,3,0.0016,0
1832,RL_PPO_Dynamic,North-South,0,2,4,0,0
1833,RL_PPO_Dynamic,North-South,2,4.7,6,0.0016,0
1834,RL_PPO_Dynamic,North-South,0,2,6,0,0
1835,RL_PPO_Dynamic,North-South,2,4.23,1,0.0016,0
1836,RL_PPO_Dynamic,North-South,0,2,2,0,0
1837,RL_PPO_Dynamic,North-South,3,4.91,3,0.0024,0
1838,RL_PPO_Dynamic,North-South,2,3.4,3,0.0016,0
1839,RL_PPO_Dynamic,North-South,0,2,2,0,0
1840,RL_PPO_Dynamic,North-South,2,2.65,3,0.0016,0
1841,RL_PPO_Dynamic,North-South,2,2.01,4,0.0016,0
1842,RL_PPO_Dynamic,North-South,3,4.4,2,0.0024,0
1843,RL_PPO_Dynamic,North-South,0,2,5,0,0
1844,RL_PPO_Dynamic,North-South,3,4.19,5,0.0024,0
1845,RL_PPO_Dynamic,East-West,0,2,4,0,0
1846,RL_PPO_Dynamic,East-West,4,7.11,1,0.0032,0
1847,RL_PPO_Dynamic,East-West,0,2,4,0,0
1848,RL_PPO_Dynamic,East-West,0,2,5,0,0
1849,RL_PPO_Dynamic,East-West,0,2,4,0,0
1850,RL_PPO_Dynamic,East-West,1,2.13,3,0.0008,0
1851,RL_PPO_Dynamic,East-West,1,2.8,3,0.0008,0
1852,RL_PPO_Dynamic,East-West,0,2,3,0,0
1853,RL_PPO_Dynamic,East-West,2,3.29,4,0.0016,0
1854,RL_PPO_Dynamic,East-West,0,2,2,0,0
1855,RL_PPO_Dynamic,East-West,2,3.51,1,0.0016,0
1856,RL_PPO_Dynamic,East-West,1,3.22,1,0.0008,0
1857,RL_PPO_Dynamic,East-West,2,3.55,6,0.0016,0
1858,RL_PPO_Dynamic,East-West,1,2.91,1,0.0008,0
1859,RL_PPO_Dynamic,East-West,0,2,6,0,0
1860,RL_PPO_Dynamic,East-West,3,4.71,1,0.0024,0
1861,RL_PPO_Dynamic,East-West,1,2,1,0.0008,0
1862,RL_PPO_Dynamic,East-West,2,4.35,5,0.0016,0
1863,RL_PPO_Dynamic,East-West,0,2,6,0,0
1864,RL_PPO_Dynamic,East-West,3,4.92,5,0.0024,0
1865,RL_PPO_Dynamic,East-West,1,2.89,4,0.0008,0
1866,RL_PPO_Dynamic,East-West,6,10.85,1,0.0048,0
1867,RL_PPO_Dynamic,East-West,6,8.99,6,0.0048,0
1868,RL_PPO_Dynamic,East-West,1,3,6,0.0008,0
1869,RL_PPO_Dynamic,East-West,2,4.37,2,0.0016,0
1870,RL_PPO_Dynamic,East-West,0,2,2,0,0
1871,RL_PPO_Dynamic,East-West,2,3.81,2,0.0016,0
1872,RL_PPO_Dynamic,East-West,1,2,4,0.0008,0
1873,RL_PPO_Dynamic,East-West,3,6.47,6,0.0024,0
1874,RL_PPO_Dynamic,East-West,3,5.17,5,0.0024,0
1875,RL_PPO_Dynamic,East-West,0,2,2,0,0
1876,RL_PPO_Dynamic,East-West,2,4.38,4,0.0016,0
1877,RL_PPO_Dynamic,East-West,0,2,2,0,0
1878,RL_PPO_Dynamic,East-West,2,4.82,5,0.0016,0
1879,RL_PPO_Dynamic,East-West,3,4.22,3,0.0024,0
1880,RL_PPO_Dynamic,East-West,0,2,4,0,0
1881,RL_PPO_Dynamic,East-West,1,2.13,4,0.0008,0
1882,RL_PPO_Dynamic,East-West,2,2.75,6,0.0016,0
1883,RL_PPO_Dynamic,East-West,2,3.96,1,0.0016,0
1884,RL_PPO_Dynamic,East-West,3,5.27,4,0.0024,0
1885,RL_PPO_Dynamic,East-West,0,2,4,0,0
1886,RL_PPO_Dynamic,East-West,0,2,6,0,0
1887,RL_PPO_Dynamic,East-West,3,4.69,6,0.0024,0
1888,RL_PPO_Dynamic,East-West,0,2,6,0,0
1889,RL_PPO_Dynamic,East-West,1,2,4,0.0008,0
1890,RL_PPO_Dynamic,North-South,1,2,2,0.0008,0
1891,RL_PPO_Dynamic,North-South,0,2,3,0,0
1892,RL_PPO_Dynamic,North-South,0,2,4,0,0
1893,RL_PPO_Dynamic,North-South,2,3.92,1,0.0016,0
1894,RL_PPO_Dynamic,North-South,3,5.33,6,0.0024,0
1895,RL_PPO_Dynamic,North-South,0,2,5,0,0
1896,RL_PPO_Dynamic,North-South,0,2,2,0,0
1897,RL_PPO_Dynamic,North-South,2,2.35,1,0.0016,0
1898,RL_PPO_Dynamic,North-South,0,2,6,0,0
1899,RL_PPO_Dynamic,North-South,1,2.98,5,0.0008,0
1900,RL_PPO_Dynamic,North-South,0,2,4,0,0
1901,RL_PPO_Dynamic,North-South,2,3.91,6,0.0016,0
1902,RL_PPO_Dynamic,North-South,1,2.68,3,0.0008,0
1903,RL_PPO_Dynamic,North-South,0,2,2,0,0
1904,RL_PPO_Dynamic,North-South,0,2,5,0,0
1905,RL_PPO_Dynamic,North-South,1,2,1,0.0008,0
1906,RL_PPO_Dynamic,North-South,0,2,6,0,0
1907,RL_PPO_Dynamic,North-South,1,2,4,0.0008,0
1908,RL_PPO_Dynamic,North-South,2,2.16,5,0.0016,0
1909,RL_PPO_Dynamic,North-South,1,2,6,0.0008,0
1910,RL_PPO_Dynamic,North-South,4,7.84,2,0.0032,0
1911,RL_PPO_Dynamic,North-South,0,2,3,0,0
1912,RL_PPO_Dynamic,North-South,0,2,6,0,0
1913,RL_PPO_Dynamic,North-South,0,2,2,0,0
1914,RL_PPO_Dynamic,North-South,1,2,6,0.0008,0
1915,RL_PPO_Dynamic,North-South,1,2,2,0.0008,0
1916,RL_PPO_Dynamic,North-South,2,3.3,1,0.0016,0
1917,RL_PPO_Dynamic,North-South,0,2,5,0,0
1918,RL_PPO_Dynamic,North-South,1,2,2,0.0008,0
1919,RL_PPO_Dynamic,North-South,2,3.22,4,0.0016,0
1920,RL_PPO_Dynamic,North-South,1,3.44,1,0.0008,0
1921,RL_PPO_Dynamic,North-South,0,2,1,0,0
1922,RL_PPO_Dynamic,North-South,3,4.3,5,0.0024,0
1923,RL_PPO_Dynamic,North-South,0,2,3,0,0
1924,RL_PPO_Dynamic,North-South,0,2,1,0,0
1925,RL_PPO_Dynamic,North-South,0,2,5,0,0
1926,RL_PPO_Dynamic,North-South,0,2,6,0,0
1927,RL_PPO_Dynamic,North-South,1,3.3,4,0.0008,0
1928,RL_PPO_Dynamic,North-South,2,3.01,6,0.0016,0
1929,RL_PPO_Dynamic,North-South,0,2,3,0,0
1930,RL_PPO_Dynamic,North-South,0,2,5,0,0
1931,RL_PPO_Dynamic,North-South,2,2.9,2,0.0016,0
1932,RL_PPO_Dynamic,North-South,0,2,2,0,0
1933,RL_PPO_Dynamic,North-South,0,2,4,0,0
1934,RL_PPO_Dynamic,North-South,3,4.26,4,0.0024,0
1935,RL_PPO_Dynamic,East-West,1,2,2,0.0008,0
1936,RL_PPO_Dynamic,East-West,2,3.25,4,0.0016,0
1937,RL_PPO_Dynamic,East-West,1,2,4,0.0008,0
1938,RL_PPO_Dynamic,East-West,0,2,1,0,0
1939,RL_PPO_Dynamic,East-West,0,2,1,0,0
1940,RL_PPO_Dynamic,East-West,2,2.15,6,0.0016,0
1941,RL_PPO_Dynamic,East-West,0,2,3,0,0
1942,RL_PPO_Dynamic,East-West,2,2.38,4,0.0016,0
1943,RL_PPO_Dynamic,East-West,4,7.75,4,0.0032,0
1944,RL_PPO_Dynamic,East-West,3,4.17,1,0.0024,0
1945,RL_PPO_Dynamic,East-West,0,2,4,0,0
1946,RL_PPO_Dynamic,East-West,0,2,5,0,0
1947,RL_PPO_Dynamic,East-West,1,2,1,0.0008,0
1948,RL_PPO_Dynamic,East-West,1,2.25,4,0.0008,0
1949,RL_PPO_Dynamic,East-West,0,2,3,0,0
1950,RL_PPO_Dynamic,East-West,0,2,5,0,0
1951,RL_PPO_Dynamic,East-West,4,6.99,1,0.0032,0
1952,RL_PPO_Dynamic,East-West,0,2,6,0,0
1953,RL_PPO_Dynamic,East-West,1,3.05,1,0.0008,0
1954,RL_PPO_Dynamic,East-West,0,2,3,0,0
1955,RL_PPO_Dynamic,East-West,0,2,1,0,0
1956,RL_PPO_Dynamic,East-West,0,2,3,0,0
1957,RL_PPO_Dynamic,East-West,2,2.98,2,0.0016,0
1958,RL_PPO_Dynamic,East-West,0,2,4,0,0
1959,RL_PPO_Dynamic,East-West,0,2,3,0,0
1960,RL_PPO_Dynamic,East-West,1,2.26,5,0.0008,0
1961,RL_PPO_Dynamic,East-West,4,7.6,5,0.0032,0
1962,RL_PPO_Dynamic,East-West,0,2,4,0,0
1963,RL_PPO_Dynamic,East-West,1,2,5,0.0008,0
1964,RL_PPO_Dynamic,East-West,0,2,2,0,0
1965,RL_PPO_Dynamic,East-West,1,2.08,3,0.0008,0
1966,RL_PPO_Dynamic,East-West,1,2.32,4,0.0008,0
1967,RL_PPO_Dynamic,East-West,0,2,4,0,0
1968,RL_PPO_Dynamic,East-West,0,2,5,0,0
1969,RL_PPO_Dynamic,East-West,0,2,5,0,0
1970,RL_PPO_Dynamic,East-West,0,2,4,0,0
1971,RL_PPO_Dynamic,East-West,3,4.6,4,0.0024,0
1972,RL_PPO_Dynamic,East-West,1,2,3,0.0008,0
1973,RL_PPO_Dynamic,East-West,0,2,5,0,0
1974,RL_PPO_Dynamic,East-West,0,2,1,0,0
1975,RL_PPO_Dynamic,East-West,2,2.18,3,0.0016,0
1976,RL_PPO_Dynamic,East-West,0,2,3,0,0
1977,RL_PPO_Dynamic,East-West,0,2,3,0,0
1978,RL_PPO_Dynamic,East-West,0,2,3,0,0
1979,RL_PPO_Dynamic,East-West,2,2.78,2,0.0016,0
1980,RL_PPO_Dynamic,North-South,0,2,6,0,0
1981,RL_PPO_Dynamic,North-South,1,2.1,2,0.0008,0
1982,RL_PPO_Dynamic,North-South,1,2.95,2,0.0008,0
1983,RL_PPO_Dynamic,North-South,1,2,1,0.0008,0
1984,RL_PPO_Dynamic,North-South,0,2,2,0,0
1985,RL_PPO_Dynamic,North-South,1,2.09,3,0.0008,0
1986,RL_PPO_Dynamic,North-South,0,2,1,0,0
1987,RL_PPO_Dynamic,North-South,3,6.14,5,0.0024,0
1988,RL_PPO_Dynamic,North-South,1,2.46,3,0.0008,0
1989,RL_PPO_Dynamic,North-South,1,2,4,0.0008,0
1990,RL_PPO_Dynamic,North-South,3,4.06,3,0.0024,0
1991,RL_PPO_Dynamic,North-South,0,2,4,0,0
1992,RL_PPO_Dynamic,North-South,0,2,2,0,0
1993,RL_PPO_Dynamic,North-South,2,4.66,5,0.0016,0
1994,RL_PPO_Dynamic,North-South,2,3.23,1,0.0016,0
1995,RL_PPO_Dynamic,North-South,1,2,3,0.0008,0
1996,RL_PPO_Dynamic,North-South,2,2.48,1,0.0016,0
1997,RL_PPO_Dynamic,North-South,0,2,6,0,0
1998,RL_PPO_Dynamic,North-South,0,2,1,0,0
1999,RL_PPO_Dynamic,North-South,2,2.65,5,0.0016,0
2000,RL_PPO_Dynamic,North-South,3,5.16,4,0.0024,0
2001,RL_PPO_Dynamic,North-South,0,2,5,0,0
2002,RL_PPO_Dynamic,North-South,0,2,1,0,0
2003,RL_PPO_Dynamic,North-South,0,2,4,0,0
2004,RL_PPO_Dynamic,North-South,0,2,5,0,0
2005,RL_PPO_Dynamic,North-South,2,2.98,6,0.0016,0
2006,RL_PPO_Dynamic,North-South,3,3.53,1,0.0024,0
2007,RL_PPO_Dynamic,North-South,0,2,4,0,0
2008,RL_PPO_Dynamic,North-South,0,2,3,0,0
2009,RL_PPO_Dynamic,North-South,1,2,4,0.0008,0
2010,RL_PPO_Dynamic,North-South,0,2,5,0,0
2011,RL_PPO_Dynamic,North-South,1,2.44,1,0.0008,0
2012,RL_PPO_Dynamic,North-South,0,2,2,0,0
2013,RL_PPO_Dynamic,North-South,0,2,2,0,0
2014,RL_PPO_Dynamic,North-South,2,2.89,4,0.0016,0
2015,RL_PPO_Dynamic,North-South,1,2,6,0.0008,0
2016,RL_PPO_Dynamic,North-South,0,2,4,0,0
2017,RL_PPO_Dynamic,North-South,0,2,5,0,0
2018,RL_PPO_Dynamic,North-South,4,7.79,1,0.0032,0
2019,RL_PPO_Dynamic,North-South,0,2,5,0,0
2020,RL_PPO_Dynamic,North-South,2,2.66,1,0.0016,0
2021,RL_PPO_Dynamic,North-South,0,2,5,0,0
2022,RL_PPO_Dynamic,North-South,1,2,6,0.0008,0
2023,RL_PPO_Dynamic,North-South,0,2,6,0,0
2024,RL_PPO_Dynamic,North-South,0,2,4,0,0
2025,RL_PPO_Dynamic,East-West,2,3.81,3,0.0016,0
2026,RL_PPO_Dynamic,East-West,0,2,1,0,0
2027,RL_PPO_Dynamic,East-West,0,2,5,0,0
2028,RL_PPO_Dynamic,East-West,0,2,5,0,0
2029,RL_PPO_Dynamic,East-West,0,2,2,0,0
2030,RL_PPO_Dynamic,East-West,0,2,3,0,0
2031,RL_PPO_Dynamic,East-West,0,2,3,0,0
2032,RL_PPO_Dynamic,East-West,0,2,3,0,0
2033,RL_PPO_Dynamic,East-West,0,2,2,0,0
2034,RL_PPO_Dynamic,East-West,1,2,3,0.0008,0
2035,RL_PPO_Dynamic,East-West,0,2,2,0,0
2036,RL_PPO_Dynamic,East-West,1,2,2,0.0008,0
2037,RL_PPO_Dynamic,East-West,1,2.15,4,0.0008,0
2038,RL_PPO_Dynamic,East-West,2,2.16,1,0.0016,0
2039,RL_PPO_Dynamic,East-West,0,2,5,0,0
2040,RL_PPO_Dynamic,East-West,0,2,6,0,0
2041,RL_PPO_Dynamic,East-West,0,2,5,0,0
2042,RL_PPO_Dynamic,East-West,0,2,5,0,0
2043,RL_PPO_Dynamic,East-West,2,4.31,2,0.0016,0
2044,RL_PPO_Dynamic,East-West,2,4.16,5,0.0016,0
2045,RL_PPO_Dynamic,East-West,0,2,5,0,0
2046,RL_PPO_Dynamic,East-West,1,3.47,2,0.0008,0
2047,RL_PPO_Dynamic,East-West,1,2.12,5,0.0008,0
2048,RL_PPO_Dynamic,East-West,0,2,3,0,0
2049,RL_PPO_Dynamic,East-West,0,2,6,0,0
2050,RL_PPO_Dynamic,East-West,2,2.57,6,0.0016,0
2051,RL_PPO_Dynamic,East-West,1,2,6,0.0008,0
2052,RL_PPO_Dynamic,East-West,1,3.09,2,0.0008,0
2053,RL_PPO_Dynamic,East-West,0,2,6,0,0
2054,RL_PPO_Dynamic,East-West,1,2,4,0.0008,0
2055,RL_PPO_Dynamic,East-West,2,3.35,3,0.0016,0
2056,RL_PPO_Dynamic,East-West,3,4.83,1,0.0024,0
2057,RL_PPO_Dynamic,East-West,2,3.85,4,0.0016,0
2058,RL_PPO_Dynamic,East-West,1,2,5,0.0008,0
2059,RL_PPO_Dynamic,East-West,0,2,3,0,0
2060,RL_PPO_Dynamic,East-West,1,2,4,0.0008,0
2061,RL_PPO_Dynamic,East-West,4,5.75,4,0.0032,0
2062,RL_PPO_Dynamic,East-West,0,2,5,0,0
2063,RL_PPO_Dynamic,East-West,2,2.55,1,0.0016,0
2064,RL_PPO_Dynamic,East-West,0,2,1,0,0
2065,RL_PPO_Dynamic,East-West,0,2,4,0,0
2066,RL_PPO_Dynamic,East-West,1,2.48,6,0.0008,0
2067,RL_PPO_Dynamic,East-West,3,5.37,3,0.0024,0
2068,RL_PPO_Dynamic,East-West,1,3.18,2,0.0008,0
2069,RL_PPO_Dynamic,East-West,0,2,4,0,0
2070,RL_PPO_Dynamic,North-South,2,4.25,6,0.0016,0
2071,RL_PPO_Dynamic,North-South,1,3.21,4,0.0008,0
2072,RL_PPO_Dynamic,North-South,3,4.6,2,0.0024,0
2073,RL_PPO_Dynamic,North-South,0,2,5,0,0
2074,RL_PPO_Dynamic,North-South,2,4.14,2,0.0016,0
2075,RL_PPO_Dynamic,North-South,1,2.96,6,0.0008,0
2076,RL_PPO_Dynamic,North-South,1,2.31,5,0.0008,0
2077,RL_PPO_Dynamic,North-South,1,2.74,3,0.0008,0
2078,RL_PPO_Dynamic,North-South,0,2,3,0,0
2079,RL_PPO_Dynamic,North-South,1,2.02,6,0.0008,0
2080,RL_PPO_Dynamic,North-South,0,2,3,0,0
2081,RL_PPO_Dynamic,North-South,1,3.13,4,0.0008,0
2082,RL_PPO_Dynamic,North-South,0,2,6,0,0
2083,RL_PPO_Dynamic,North-South,0,2,2,0,0
2084,RL_PPO_Dynamic,North-South,0,2,5,0,0
2085,RL_PPO_Dynamic,North-South,4,6.61,6,0.0032,0
2086,RL_PPO_Dynamic,North-South,2,2.71,4,0.0016,0
2087,RL_PPO_Dynamic,North-South,0,2,1,0,0
2088,RL_PPO_Dynamic,North-South,4,6.88,6,0.0032,0
2089,RL_PPO_Dynamic,North-South,0,2,2,0,0
2090,RL_PPO_Dynamic,North-South,0,2,6,0,0
2091,RL_PPO_Dynamic,North-South,2,4.02,6,0.0016,0
2092,RL_PPO_Dynamic,North-South,1,2,5,0.0008,0
2093,RL_PPO_Dynamic,North-South,2,4.03,3,0.0016,0
2094,RL_PPO_Dynamic,North-South,0,2,3,0,0
2095,RL_PPO_Dynamic,North-South,2,3.07,5,0.0016,0
2096,RL_PPO_Dynamic,North-South,1,2.2,6,0.0008,0
2097,RL_PPO_Dynamic,North-South,0,2,2,0,0
2098,RL_PPO_Dynamic,North-South,1,2,1,0.0008,0
2099,RL_PPO_Dynamic,North-South,0,2,2,0,0
2100,RL_PPO_Dynamic,North-South,0,0.6,6,0,1
2101,RL_PPO_Dynamic,North-South,2,1.79,5,0.0032,1
2102,RL_PPO_Dynamic,North-South,0,0.82,1,0.0008,1
2103,RL_PPO_Dynamic,North-South,2,1.62,4,0.0032,1
2104,RL_PPO_Dynamic,North-South,0,0.6,6,0.0008,1
2105,RL_PPO_Dynamic,North-South,0,0.6,4,0,1
2106,RL_PPO_Dynamic,North-South,0,0.6,4,0.0008,1
2107,RL_PPO_Dynamic,North-South,1,1.41,2,0.0024,1
2108,RL_PPO_Dynamic,North-South,2,1.85,5,0.0032,1
2109,RL_PPO_Dynamic,North-South,0,0.6,2,0,1
2110,RL_PPO_Dynamic,North-South,0,0.6,3,0,1
2111,RL_PPO_Dynamic,North-South,0,0.64,4,0.0016,1
2112,RL_PPO_Dynamic,North-South,0,0.6,6,0,1
2113,RL_PPO_Dynamic,North-South,1,1.53,2,0.0024,1
2114,RL_PPO_Dynamic,North-South,0,1.43,1,0.0016,1
2115,RL_PPO_Dynamic,East-West,0,0.6,4,0,1
2116,RL_PPO_Dynamic,East-West,3,2.73,3,0.004,1
2117,RL_PPO_Dynamic,East-West,0,0.64,4,0.0008,1
2118,RL_PPO_Dynamic,East-West,1,1.08,3,0.0024,1
2119,RL_PPO_Dynamic,East-West,0,0.6,3,0.0008,1
2120,RL_PPO_Dynamic,East-West,0,0.6,1,0,1
2121,RL_PPO_Dynamic,East-West,0,0.6,6,0,1
2122,RL_PPO_Dynamic,East-West,0,0.6,4,0,1
2123,RL_PPO_Dynamic,East-West,0,0.81,1,0.0008,1
2124,RL_PPO_Dynamic,East-West,0,0.6,4,0.0008,1
2125,RL_PPO_Dynamic,East-West,0,0.6,1,0,1
2126,RL_PPO_Dynamic,East-West,0,0.6,4,0,1
2127,RL_PPO_Dynamic,East-West,0,1.31,2,0.0016,1
2128,RL_PPO_Dynamic,East-West,0,1.46,2,0.0016,1
2129,RL_PPO_Dynamic,East-West,0,0.6,5,0,1
2130,RL_PPO_Dynamic,East-West,0,2,4,0,0
2131,RL_PPO_Dynamic,East-West,1,2,5,0.0008,0
2132,RL_PPO_Dynamic,East-West,2,4.85,3,0.0016,0
2133,RL_PPO_Dynamic,East-West,2,4.82,6,0.0016,0
2134,RL_PPO_Dynamic,East-West,1,2,2,0.0008,0
2135,RL_PPO_Dynamic,East-West,0,2,4,0,0
2136,RL_PPO_Dynamic,East-West,2,2.27,4,0.0016,0
2137,RL_PPO_Dynamic,East-West,3,3.82,1,0.0024,0
2138,RL_PPO_Dynamic,East-West,2,2.7,3,0.0016,0
2139,RL_PPO_Dynamic,East-West,1,2,4,0.0008,0
2140,RL_PPO_Dynamic,East-West,0,2,3,0,0
2141,RL_PPO_Dynamic,East-West,1,2,6,0.0008,0
2142,RL_PPO_Dynamic,East-West,1,2,4,0.0008,0
2143,RL_PPO_Dynamic,East-West,3,5.27,5,0.0024,0
2144,RL_PPO_Dynamic,East-West,0,2,5,0,0
2145,RL_PPO_Dynamic,East-West,0,2,6,0,0
2146,RL_PPO_Dynamic,East-West,3,4.6,6,0.0024,0
2147,RL_PPO_Dynamic,East-West,0,2,6,0,0
2148,RL_PPO_Dynamic,East-West,0,2,6,0,0
2149,RL_PPO_Dynamic,East-West,2,3.13,6,0.0016,0
2150,RL_PPO_Dynamic,East-West,2,3.26,3,0.0016,0
2151,RL_PPO_Dynamic,East-West,3,4.97,3,0.0024,0
2152,RL_PPO_Dynamic,East-West,2,2.49,1,0.0016,0
2153,RL_PPO_Dynamic,East-West,1,2.6,3,0.0008,0
2154,RL_PPO_Dynamic,East-West,1,3.33,1,0.0008,0
2155,RL_PPO_Dynamic,East-West,3,6.34,6,0.0024,0
2156,RL_PPO_Dynamic,East-West,0,2,1,0,0
2157,RL_PPO_Dynamic,East-West,0,2,3,0,0
2158,RL_PPO_Dynamic,East-West,3,5.48,3,0.0024,0
2159,RL_PPO_Dynamic,East-West,2,3.46,1,0.0016,0
2160,RL_PPO_Dynamic,North-South,3,5.45,3,0.0024,0
2161,RL_PPO_Dynamic,North-South,3,6.25,5,0.0024,0
2162,RL_PPO_Dynamic,North-South,1,2,1,0.0008,0
2163,RL_PPO_Dynamic,North-South,2,4.54,3,0.0016,0
2164,RL_PPO_Dynamic,North-South,2,3.59,5,0.0016,0
2165,RL_PPO_Dynamic,North-South,0,2,5,0,0
2166,RL_PPO_Dynamic,North-South,1,2.22,1,0.0008,0
2167,RL_PPO_Dynamic,North-South,3,5.75,1,0.0024,0
2168,RL_PPO_Dynamic,North-South,2,4.88,5,0.0016,0
2169,RL_PPO_Dynamic,North-South,2,4.32,3,0.0016,0
2170,RL_PPO_Dynamic,North-South,3,5.08,4,0.0024,0
2171,RL_PPO_Dynamic,North-South,3,4.65,1,0.0024,0
2172,RL_PPO_Dynamic,North-South,1,2.66,5,0.0008,0
2173,RL_PPO_Dynamic,North-South,2,2.93,6,0.0016,0
2174,RL_PPO_Dynamic,North-South,5,8.42,5,0.004,0
2175,RL_PPO_Dynamic,North-South,1,2,2,0.0008,0
2176,RL_PPO_Dynamic,North-South,4,5.06,2,0.0032,0
2177,RL_PPO_Dynamic,North-South,1,2.51,3,0.0008,0
2178,RL_PPO_Dynamic,North-South,2,3.4,5,0.0016,0
2179,RL_PPO_Dynamic,North-South,6,10.04,2,0.0048,0
2180,RL_PPO_Dynamic,North-South,4,7.82,1,0.0032,0
2181,RL_PPO_Dynamic,North-South,2,2.62,3,0.0016,0
2182,RL_PPO_Dynamic,North-South,0,2,5,0,0
2183,RL_PPO_Dynamic,North-South,5,6.62,4,0.004,0
2184,RL_PPO_Dynamic,North-South,2,2.45,2,0.0016,0
2185,RL_PPO_Dynamic,North-South,6,9.26,6,0.0048,0
2186,RL_PPO_Dynamic,North-South,1,2.91,2,0.0008,0
2187,RL_PPO_Dynamic,North-South,1,3.12,6,0.0008,0
2188,RL_PPO_Dynamic,North-South,3,4.63,2,0.0024,0
2189,RL_PPO_Dynamic,North-South,1,2.78,4,0.0008,0
2190,RL_PPO_Dynamic,North-South,2,2.3,2,0.0016,0
2191,RL_PPO_Dynamic,North-South,0,2,5,0,0
2192,RL_PPO_Dynamic,North-South,2,4.64,5,0.0016,0
2193,RL_PPO_Dynamic,North-South,1,2,5,0.0008,0
2194,RL_PPO_Dynamic,North-South,0,2,5,0,0
2195,RL_PPO_Dynamic,North-South,0,2,6,0,0
2196,RL_PPO_Dynamic,North-South,1,2,3,0.0008,0
2197,RL_PPO_Dynamic,North-South,1,2.87,6,0.0008,0
2198,RL_PPO_Dynamic,North-South,3,6.3,4,0.0024,0
2199,RL_PPO_Dynamic,North-South,0,2,1,0,0
2200,RL_PPO_Dynamic,North-South,0,2,4,0,0
2201,RL_PPO_Dynamic,North-South,4,7.61,6,0.0032,0
2202,RL_PPO_Dynamic,North-South,0,2,6,0,0
2203,RL_PPO_Dynamic,North-South,4,6.5,5,0.0032,0
2204,RL_PPO_Dynamic,North-South,2,5,5,0.0016,0
2205,RL_PPO_Dynamic,East-West,4,5.48,3,0.0032,0
2206,RL_PPO_Dynamic,East-West,5,7.86,1,0.004,0
2207,RL_PPO_Dynamic,East-West,3,4.19,5,0.0024,0
2208,RL_PPO_Dynamic,East-West,1,2,5,0.0008,0
2209,RL_PPO_Dynamic,East-West,1,2.52,3,0.0008,0
2210,RL_PPO_Dynamic,East-West,3,4.76,4,0.0024,0
2211,RL_PPO_Dynamic,East-West,4,5.55,4,0.0032,0
2212,RL_PPO_Dynamic,East-West,1,2.95,1,0.0008,0
2213,RL_PPO_Dynamic,East-West,1,2,6,0.0008,0
2214,RL_PPO_Dynamic,East-West,3,4.66,6,0.0024,0
2215,RL_PPO_Dynamic,East-West,3,5.29,4,0.0024,0
2216,RL_PPO_Dynamic,East-West,2,3.37,1,0.0016,0
2217,RL_PPO_Dynamic,East-West,3,6.26,1,0.0024,0
2218,RL_PPO_Dynamic,East-West,4,6.47,4,0.0032,0
2219,RL_PPO_Dynamic,East-West,2,4.48,1,0.0016,0
2220,RL_PPO_Dynamic,East-West,3,5.01,6,0.0024,0
2221,RL_PPO_Dynamic,East-West,5,8.62,5,0.004,0
2222,RL_PPO_Dynamic,East-West,5,8.14,4,0.004,0
2223,RL_PPO_Dynamic,East-West,0,2,4,0,0
2224,RL_PPO_Dynamic,East-West,5,7.1,2,0.004,0
2225,RL_PPO_Dynamic,East-West,4,7.56,5,0.0032,0
2226,RL_PPO_Dynamic,East-West,3,3.83,4,0.0024,0
2227,RL_PPO_Dynamic,East-West,1,2.56,2,0.0008,0
2228,RL_PPO_Dynamic,East-West,3,5.37,6,0.0024,0
2229,RL_PPO_Dynamic,East-West,3,3.82,4,0.0024,0
2230,RL_PPO_Dynamic,East-West,4,6.68,5,0.0032,0
2231,RL_PPO_Dynamic,East-West,4,7.12,4,0.0032,0
2232,RL_PPO_Dynamic,East-West,5,7.62,4,0.004,0
2233,RL_PPO_Dynamic,East-West,5,6.8,5,0.004,0
2234,RL_PPO_Dynamic,East-West,2,2.01,4,0.0016,0
2235,RL_PPO_Dynamic,East-West,0,2,2,0,0
2236,RL_PPO_Dynamic,East-West,2,3.72,2,0.0016,0
2237,RL_PPO_Dynamic,East-West,3,6.48,6,0.0024,0
2238,RL_PPO_Dynamic,East-West,5,7.02,2,0.004,0
2239,RL_PPO_Dynamic,East-West,2,2.87,2,0.0016,0
2240,RL_PPO_Dynamic,East-West,4,6.03,1,0.0032,0
2241,RL_PPO_Dynamic,East-West,2,3.15,6,0.0016,0
2242,RL_PPO_Dynamic,East-West,5,7.84,5,0.004,0
2243,RL_PPO_Dynamic,East-West,2,4.05,5,0.0016,0
2244,RL_PPO_Dynamic,East-West,4,5.69,2,0.0032,0
2245,RL_PPO_Dynamic,East-West,3,5.85,5,0.0024,0
2246,RL_PPO_Dynamic,East-West,5,7.02,6,0.004,0
2247,RL_PPO_Dynamic,East-West,3,5.03,1,0.0024,0
2248,RL_PPO_Dynamic,East-West,4,6.53,2,0.0032,0
2249,RL_PPO_Dynamic,East-West,2,3.29,4,0.0016,0
2250,RL_PPO_Dynamic,North-South,1,3.04,1,0.0008,0
2251,RL_PPO_Dynamic,North-South,5,7.17,2,0.004,0
2252,RL_PPO_Dynamic,North-South,2,3.58,2,0.0016,0
2253,RL_PPO_Dynamic,North-South,4,5.01,2,0.0032,0
2254,RL_PPO_Dynamic,North-South,3,6.34,2,0.0024,0
2255,RL_PPO_Dynamic,North-South,3,5.68,3,0.0024,0
2256,RL_PPO_Dynamic,North-South,3,4.84,2,0.0024,0
2257,RL_PPO_Dynamic,North-South,4,6.88,6,0.0032,0
2258,RL_PPO_Dynamic,North-South,3,5.95,2,0.0024,0
2259,RL_PPO_Dynamic,North-South,3,3.77,1,0.0024,0
2260,RL_PPO_Dynamic,North-South,1,2,1,0.0008,0
2261,RL_PPO_Dynamic,North-South,4,6.27,4,0.0032,0
2262,RL_PPO_Dynamic,North-South,3,4.74,6,0.0024,0
2263,RL_PPO_Dynamic,North-South,5,7.83,6,0.004,0
2264,RL_PPO_Dynamic,North-South,5,7.13,3,0.004,0
2265,RL_PPO_Dynamic,North-South,4,6.73,2,0.0032,0
2266,RL_PPO_Dynamic,North-South,4,7.59,2,0.0032,0
2267,RL_PPO_Dynamic,North-South,0,2,4,0,0
2268,RL_PPO_Dynamic,North-South,6,8.56,2,0.0048,0
2269,RL_PPO_Dynamic,North-South,4,6,1,0.0032,0
2270,RL_PPO_Dynamic,North-South,3,3.69,4,0.0024,0
2271,RL_PPO_Dynamic,North-South,4,7.64,3,0.0032,0
2272,RL_PPO_Dynamic,North-South,3,5.9,5,0.0024,0
2273,RL_PPO_Dynamic,North-South,2,4.8,4,0.0016,0
2274,RL_PPO_Dynamic,North-South,5,8.68,5,0.004,0
2275,RL_PPO_Dynamic,North-South,5,8.26,2,0.004,0
2276,RL_PPO_Dynamic,North-South,5,6.83,3,0.004,0
2277,RL_PPO_Dynamic,North-South,2,4.1,6,0.0016,0
2278,RL_PPO_Dynamic,North-South,4,6.77,1,0.0032,0
2279,RL_PPO_Dynamic,North-South,2,2.73,3,0.0016,0
2280,RL_PPO_Dynamic,North-South,3,4.48,1,0.0024,0
2281,RL_PPO_Dynamic,North-South,4,7.88,4,0.0032,0
2282,RL_PPO_Dynamic,North-South,3,5.78,4,0.0024,0
2283,RL_PPO_Dynamic,North-South,5,9.03,4,0.004,0
2284,RL_PPO_Dynamic,North-South,4,6.19,1,0.0032,0
2285,RL_PPO_Dynamic,North-South,3,5.18,2,0.0024,0
2286,RL_PPO_Dynamic,North-South,3,6.05,1,0.0024,0
2287,RL_PPO_Dynamic,North-South,3,5.61,5,0.0024,0
2288,RL_PPO_Dynamic,North-South,2,3.81,1,0.0016,0
2289,RL_PPO_Dynamic,North-South,4,6,1,0.0032,0
2290,RL_PPO_Dynamic,North-South,3,6.34,5,0.0024,0
2291,RL_PPO_Dynamic,North-South,5,7.78,1,0.004,0
2292,RL_PPO_Dynamic,North-South,3,4.95,3,0.0024,0
2293,RL_PPO_Dynamic,North-South,4,7.63,3,0.0032,0
2294,RL_PPO_Dynamic,North-South,2,4.35,5,0.0016,0
2295,RL_PPO_Dynamic,East-West,1,2.3,5,0.0008,0
2296,RL_PPO_Dynamic,East-West,4,7.6,6,0.0032,0
2297,RL_PPO_Dynamic,East-West,7,11.74,6,0.0056,0
2298,RL_PPO_Dynamic,East-West,4,5.92,1,0.0032,0
2299,RL_PPO_Dynamic,East-West,4,7.37,3,0.0032,0
2300,RL_PPO_Dynamic,East-West,3,5.8,4,0.0024,0
2301,RL_PPO_Dynamic,East-West,4,7.33,6,0.0032,0
2302,RL_PPO_Dynamic,East-West,6,9.04,4,0.0048,0
2303,RL_PPO_Dynamic,East-West,3,5.39,2,0.0024,0
2304,RL_PPO_Dynamic,East-West,5,6.56,3,0.004,0
2305,RL_PPO_Dynamic,East-West,5,7.96,6,0.004,0
2306,RL_PPO_Dynamic,East-West,2,4.97,3,0.0016,0
2307,RL_PPO_Dynamic,East-West,4,6.15,4,0.0032,0
2308,RL_PPO_Dynamic,East-West,3,5.12,5,0.0024,0
2309,RL_PPO_Dynamic,East-West,3,5.24,6,0.0024,0
2310,RL_PPO_Dynamic,East-West,4,6.64,6,0.0032,0
2311,RL_PPO_Dynamic,East-West,5,8.54,3,0.004,0
2312,RL_PPO_Dynamic,East-West,2,3.7,4,0.0016,0
2313,RL_PPO_Dynamic,East-West,5,9.43,5,0.004,0
2314,RL_PPO_Dynamic,East-West,5,8.51,6,0.004,0
2315,RL_PPO_Dynamic,East-West,7,12.08,4,0.0056,0
2316,RL_PPO_Dynamic,East-West,5,7.22,1,0.004,0
2317,RL_PPO_Dynamic,East-West,5,8.19,3,0.004,0
2318,RL_PPO_Dynamic,East-West,6,9.4,1,0.0048,0
2319,RL_PPO_Dynamic,East-West,7,11.43,2,0.0056,0
2320,RL_PPO_Dynamic,East-West,7,11.47,5,0.0056,0
2321,RL_PPO_Dynamic,East-West,3,4.95,3,0.0024,0
2322,RL_PPO_Dynamic,East-West,6,10.14,4,0.0048,0
2323,RL_PPO_Dynamic,East-West,4,5.63,5,0.0032,0
2324,RL_PPO_Dynamic,East-West,4,6.6,1,0.0032,0
2325,RL_PPO_Dynamic,East-West,6,8.07,2,0.0048,0
2326,RL_PPO_Dynamic,East-West,7,10.71,2,0.0056,0
2327,RL_PPO_Dynamic,East-West,2,4.88,2,0.0016,0
2328,RL_PPO_Dynamic,East-West,8,11.84,3,0.0064,0
2329,RL_PPO_Dynamic,East-West,4,7.76,3,0.0032,0
2330,RL_PPO_Dynamic,East-West,1,2.67,4,0.0008,0
2331,RL_PPO_Dynamic,East-West,8,11.98,4,0.0064,0
2332,RL_PPO_Dynamic,East-West,6,10.58,2,0.0048,0
2333,RL_PPO_Dynamic,East-West,6,10.04,5,0.0048,0
2334,RL_PPO_Dynamic,East-West,5,7.61,4,0.004,0
2335,RL_PPO_Dynamic,East-West,3,5.18,5,0.0024,0
2336,RL_PPO_Dynamic,East-West,4,7.74,6,0.0032,0
2337,RL_PPO_Dynamic,East-West,4,5.82,6,0.0032,0
2338,RL_PPO_Dynamic,East-West,5,7.11,1,0.004,0
2339,RL_PPO_Dynamic,East-West,3,4.55,3,0.0024,0
2340,RL_PPO_Dynamic,North-South,6,8.71,4,0.0048,0
2341,RL_PPO_Dynamic,North-South,5,8.17,2,0.004,0
2342,RL_PPO_Dynamic,North-South,6,10.31,4,0.0048,0
2343,RL_PPO_Dynamic,North-South,4,6.9,4,0.0032,0
2344,RL_PPO_Dynamic,North-South,6,9.45,1,0.0048,0
2345,RL_PPO_Dynamic,North-South,5,8.9,2,0.004,0
2346,RL_PPO_Dynamic,North-South,6,8.27,3,0.0048,0
2347,RL_PPO_Dynamic,North-South,2,4.79,1,0.0016,0
2348,RL_PPO_Dynamic,North-South,6,10.12,6,0.0048,0
2349,RL_PPO_Dynamic,North-South,4,6.94,2,0.0032,0
2350,RL_PPO_Dynamic,North-South,6,9.47,1,0.0048,0
2351,RL_PPO_Dynamic,North-South,6,9.74,5,0.0048,0
2352,RL_PPO_Dynamic,North-South,8,13.46,3,0.0064,0
2353,RL_PPO_Dynamic,North-South,5,9.01,2,0.004,0
2354,RL_PPO_Dynamic,North-South,5,8.86,6,0.004,0
2355,RL_PPO_Dynamic,North-South,5,8.42,2,0.004,0
2356,RL_PPO_Dynamic,North-South,6,8.8,2,0.0048,0
2357,RL_PPO_Dynamic,North-South,5,8.25,5,0.004,0
2358,RL_PPO_Dynamic,North-South,3,3.55,3,0.0024,0
2359,RL_PPO_Dynamic,North-South,7,10.37,2,0.0056,0
2360,RL_PPO_Dynamic,North-South,5,7.26,2,0.004,0
2361,RL_PPO_Dynamic,North-South,1,2.09,3,0.0008,0
2362,RL_PPO_Dynamic,North-South,2,4.54,4,0.0016,0
2363,RL_PPO_Dynamic,North-South,4,5.4,3,0.0032,0
2364,RL_PPO_Dynamic,North-South,6,9.01,4,0.0048,0
2365,RL_PPO_Dynamic,North-South,5,6.81,2,0.004,0
2366,RL_PPO_Dynamic,North-South,3,3.68,1,0.0024,0
2367,RL_PPO_Dynamic,North-South,4,5.95,2,0.0032,0
2368,RL_PPO_Dynamic,North-South,6,9.75,4,0.0048,0
2369,RL_PPO_Dynamic,North-South,4,6.56,3,0.0032,0
2370,RL_PPO_Dynamic,North-South,4,7.61,1,0.0032,0
2371,RL_PPO_Dynamic,North-South,5,8.22,2,0.004,0
2372,RL_PPO_Dynamic,North-South,7,9.87,3,0.0056,0
2373,RL_PPO_Dynamic,North-South,6,8.91,2,0.0048,0
2374,RL_PPO_Dynamic,North-South,5,9.28,3,0.004,0
2375,RL_PPO_Dynamic,North-South,7,12.03,2,0.0056,0
2376,RL_PPO_Dynamic,North-South,3,4.84,2,0.0024,0
2377,RL_PPO_Dynamic,North-South,5,8.89,4,0.004,0
2378,RL_PPO_Dynamic,North-South,4,7.25,3,0.0032,0
2379,RL_PPO_Dynamic,North-South,7,11.6,2,0.0056,0
2380,RL_PPO_Dynamic,North-South,7,12.08,1,0.0056,0
2381,RL_PPO_Dynamic,North-South,7,9.7,1,0.0056,0
2382,RL_PPO_Dynamic,North-South,7,10.33,1,0.0056,0
2383,RL_PPO_Dynamic,North-South,6,10.54,3,0.0048,0
2384,RL_PPO_Dynamic,North-South,3,5.81,3,0.0024,0
2385,RL_PPO_Dynamic,East-West,7,10.98,2,0.0056,0
2386,RL_PPO_Dynamic,East-West,5,7.88,1,0.004,0
2387,RL_PPO_Dynamic,East-West,5,6.92,6,0.004,0
2388,RL_PPO_Dynamic,East-West,6,9.05,6,0.0048,0
2389,RL_PPO_Dynamic,East-West,9,13.43,6,0.0072,0
2390,RL_PPO_Dynamic,East-West,3,3.57,5,0.0024,0
2391,RL_PPO_Dynamic,East-West,4,7.49,6,0.0032,0
2392,RL_PPO_Dynamic,East-West,4,6.43,4,0.0032,0
2393,RL_PPO_Dynamic,East-West,7,9.77,3,0.0056,0
2394,RL_PPO_Dynamic,East-West,6,10.25,1,0.0048,0
2395,RL_PPO_Dynamic,East-West,6,9.23,6,0.0048,0
2396,RL_PPO_Dynamic,East-West,4,7.46,6,0.0032,0
2397,RL_PPO_Dynamic,East-West,8,13.4,6,0.0064,0
2398,RL_PPO_Dynamic,East-West,7,10.41,5,0.0056,0
2399,RL_PPO_Dynamic,East-West,7,9.85,2,0.0056,0
2400,RL_PPO_Dynamic,East-West,4,7.98,2,0.0032,0
2401,RL_PPO_Dynamic,East-West,7,9.94,3,0.0056,0
2402,RL_PPO_Dynamic,East-West,5,9.46,6,0.004,0
2403,RL_PPO_Dynamic,East-West,3,5.59,2,0.0024,0
2404,RL_PPO_Dynamic,East-West,5,7.06,6,0.004,0
2405,RL_PPO_Dynamic,East-West,7,10.6,6,0.0056,0
2406,RL_PPO_Dynamic,East-West,4,5.08,5,0.0032,0
2407,RL_PPO_Dynamic,East-West,5,8.22,6,0.004,0
2408,RL_PPO_Dynamic,East-West,3,5.57,1,0.0024,0
2409,RL_PPO_Dynamic,East-West,4,5.64,5,0.0032,0
2410,RL_PPO_Dynamic,East-West,6,8.94,1,0.0048,0
2411,RL_PPO_Dynamic,East-West,4,6.25,5,0.0032,0
2412,RL_PPO_Dynamic,East-West,5,8.84,3,0.004,0
2413,RL_PPO_Dynamic,East-West,7,10.55,4,0.0056,0
2414,RL_PPO_Dynamic,East-West,5,7.39,4,0.004,0
2415,RL_PPO_Dynamic,East-West,4,5.85,1,0.0032,0
2416,RL_PPO_Dynamic,East-West,5,7.3,2,0.004,0
2417,RL_PPO_Dynamic,East-West,4,5.49,2,0.0032,0
2418,RL_PPO_Dynamic,East-West,9,14.98,1,0.0072,0
2419,RL_PPO_Dynamic,East-West,6,9.62,6,0.0048,0
2420,RL_PPO_Dynamic,East-West,6,10.52,2,0.0048,0
2421,RL_PPO_Dynamic,East-West,6,8.31,6,0.0048,0
2422,RL_PPO_Dynamic,East-West,6,10.51,3,0.0048,0
2423,RL_PPO_Dynamic,East-West,8,12.2,5,0.0064,0
2424,RL_PPO_Dynamic,East-West,6,9.87,1,0.0048,0
2425,RL_PPO_Dynamic,East-West,6,10.94,5,0.0048,0
2426,RL_PPO_Dynamic,East-West,4,7.47,1,0.0032,0
2427,RL_PPO_Dynamic,East-West,6,8.61,6,0.0048,0
2428,RL_PPO_Dynamic,East-West,5,6.5,6,0.004,0
2429,RL_PPO_Dynamic,East-West,6,10.08,5,0.0048,0
2430,RL_PPO_Dynamic,North-South,5,6.62,2,0.004,0
2431,RL_PPO_Dynamic,North-South,7,9.6,6,0.0056,0
2432,RL_PPO_Dynamic,North-South,6,10.41,6,0.0048,0
2433,RL_PPO_Dynamic,North-South,5,9.17,2,0.004,0
2434,RL_PPO_Dynamic,North-South,6,9.19,2,0.0048,0
2435,RL_PPO_Dynamic,North-South,5,8.64,6,0.004,0
2436,RL_PPO_Dynamic,North-South,5,9.4,1,0.004,0
2437,RL_PPO_Dynamic,North-South,6,8.26,1,0.0048,0
2438,RL_PPO_Dynamic,North-South,6,8.09,5,0.0048,0
2439,RL_PPO_Dynamic,North-South,4,7,2,0.0032,0
2440,RL_PPO_Dynamic,North-South,7,10.37,1,0.0056,0
2441,RL_PPO_Dynamic,North-South,3,5.57,6,0.0024,0
2442,RL_PPO_Dynamic,North-South,7,10.52,5,0.0056,0
2443,RL_PPO_Dynamic,North-South,6,10.71,4,0.0048,0
2444,RL_PPO_Dynamic,North-South,6,9.76,1,0.0048,0
2445,RL_PPO_Dynamic,North-South,4,7.03,4,0.0032,0
2446,RL_PPO_Dynamic,North-South,6,9.66,5,0.0048,0
2447,RL_PPO_Dynamic,North-South,7,11.44,5,0.0056,0
2448,RL_PPO_Dynamic,North-South,8,12.6,5,0.0064,0
2449,RL_PPO_Dynamic,North-South,4,7.63,3,0.0032,0
2450,RL_PPO_Dynamic,North-South,4,6.53,4,0.0032,0
2451,RL_PPO_Dynamic,North-South,4,5.79,4,0.0032,0
2452,RL_PPO_Dynamic,North-South,6,9.06,6,0.0048,0
2453,RL_PPO_Dynamic,North-South,6,8.71,5,0.0048,0
2454,RL_PPO_Dynamic,North-South,6,9.59,4,0.0048,0
2455,RL_PPO_Dynamic,North-South,6,10.44,5,0.0048,0
2456,RL_PPO_Dynamic,North-South,7,12.47,4,0.0056,0
2457,RL_PPO_Dynamic,North-South,6,10.5,4,0.0048,0
2458,RL_PPO_Dynamic,North-South,7,9.79,3,0.0056,0
2459,RL_PPO_Dynamic,North-South,3,4.15,5,0.0024,0
2460,RL_PPO_Dynamic,North-South,3,6.09,4,0.0024,0
2461,RL_PPO_Dynamic,North-South,4,7.81,4,0.0032,0
2462,RL_PPO_Dynamic,North-South,8,13.32,2,0.0064,0
2463,RL_PPO_Dynamic,North-South,8,11.13,4,0.0064,0
2464,RL_PPO_Dynamic,North-South,7,12.22,6,0.0056,0
2465,RL_PPO_Dynamic,North-South,6,10.88,3,0.0048,0
2466,RL_PPO_Dynamic,North-South,7,10.7,3,0.0056,0
2467,RL_PPO_Dynamic,North-South,9,13.83,4,0.0072,0
2468,RL_PPO_Dynamic,North-South,7,11.27,3,0.0056,0
2469,RL_PPO_Dynamic,North-South,8,13.15,5,0.0064,0
2470,RL_PPO_Dynamic,North-South,5,9.28,2,0.004,0
2471,RL_PPO_Dynamic,North-South,7,10.75,1,0.0056,0
2472,RL_PPO_Dynamic,North-South,7,11.7,2,0.0056,0
2473,RL_PPO_Dynamic,North-South,5,9.01,6,0.004,0
2474,RL_PPO_Dynamic,North-South,6,10.77,4,0.0048,0
2475,RL_PPO_Dynamic,East-West,6,10.11,4,0.0048,0
2476,RL_PPO_Dynamic,East-West,8,12.83,4,0.0064,0
2477,RL_PPO_Dynamic,East-West,7,11.65,1,0.0056,0
2478,RL_PPO_Dynamic,East-West,10,15.07,5,0.008,0
2479,RL_PPO_Dynamic,East-West,7,10.34,1,0.0056,0
2480,RL_PPO_Dynamic,East-West,6,8.7,4,0.0048,0
2481,RL_PPO_Dynamic,East-West,7,12.48,5,0.0056,0
2482,RL_PPO_Dynamic,East-West,8,12.16,4,0.0064,0
2483,RL_PPO_Dynamic,East-West,6,9.1,2,0.0048,0
2484,RL_PPO_Dynamic,East-West,9,12.59,3,0.0072,0
2485,RL_PPO_Dynamic,East-West,5,8.34,1,0.004,0
2486,RL_PPO_Dynamic,East-West,5,7.7,3,0.004,0
2487,RL_PPO_Dynamic,East-West,7,12.01,1,0.0056,0
2488,RL_PPO_Dynamic,East-West,5,6.9,5,0.004,0
2489,RL_PPO_Dynamic,East-West,8,11.59,1,0.0064,0
2490,RL_PPO_Dynamic,East-West,8,11.93,5,0.0064,0
2491,RL_PPO_Dynamic,East-West,5,9.08,4,0.004,0
2492,RL_PPO_Dynamic,East-West,8,11.04,4,0.0064,0
2493,RL_PPO_Dynamic,East-West,7,10.49,3,0.0056,0
2494,RL_PPO_Dynamic,East-West,7,10.84,1,0.0056,0
2495,RL_PPO_Dynamic,East-West,5,7.6,6,0.004,0
2496,RL_PPO_Dynamic,East-West,6,8.49,1,0.0048,0
2497,RL_PPO_Dynamic,East-West,5,8.18,3,0.004,0
2498,RL_PPO_Dynamic,East-West,8,11.56,5,0.0064,0
2499,RL_PPO_Dynamic,East-West,8,12.6,1,0.0064,0
2500,RL_PPO_Dynamic,East-West,7,11.56,1,0.0056,0
2501,RL_PPO_Dynamic,East-West,7,11.65,6,0.0056,0
2502,RL_PPO_Dynamic,East-West,4,6.25,6,0.0032,0
2503,RL_PPO_Dynamic,East-West,9,14.18,6,0.0072,0
2504,RL_PPO_Dynamic,East-West,6,9.35,1,0.0048,0
2505,RL_PPO_Dynamic,East-West,5,8.09,5,0.004,0
2506,RL_PPO_Dynamic,East-West,7,12.15,5,0.0056,0
2507,RL_PPO_Dynamic,East-West,5,8.35,5,0.004,0
2508,RL_PPO_Dynamic,East-West,9,14.67,1,0.0072,0
2509,RL_PPO_Dynamic,East-West,7,11.81,4,0.0056,0
2510,RL_PPO_Dynamic,East-West,7,10.21,2,0.0056,0
2511,RL_PPO_Dynamic,East-West,10,15.54,5,0.008,0
2512,RL_PPO_Dynamic,East-West,6,10.76,4,0.0048,0
2513,RL_PPO_Dynamic,East-West,5,8.79,6,0.004,0
2514,RL_PPO_Dynamic,East-West,4,6.12,6,0.0032,0
2515,RL_PPO_Dynamic,East-West,4,5.24,4,0.0032,0
2516,RL_PPO_Dynamic,East-West,7,9.52,6,0.0056,0
2517,RL_PPO_Dynamic,East-West,6,10.02,5,0.0048,0
2518,RL_PPO_Dynamic,East-West,5,7.98,2,0.004,0
2519,RL_PPO_Dynamic,East-West,10,14.57,3,0.008,0
2520,RL_PPO_Dynamic,North-South,7,10.11,1,0.0056,0
2521,RL_PPO_Dynamic,North-South,6,10.01,4,0.0048,0
2522,RL_PPO_Dynamic,North-South,6,9.3,1,0.0048,0
2523,RL_PPO_Dynamic,North-South,8,12.49,1,0.0064,0
2524,RL_PPO_Dynamic,North-South,8,13.36,5,0.0064,0
2525,RL_PPO_Dynamic,North-South,5,7.01,2,0.004,0
2526,RL_PPO_Dynamic,North-South,8,11.91,3,0.0064,0
2527,RL_PPO_Dynamic,North-South,4,5.09,6,0.0032,0
2528,RL_PPO_Dynamic,North-South,7,10.81,2,0.0056,0
2529,RL_PPO_Dynamic,North-South,8,11.37,6,0.0064,0
2530,RL_PPO_Dynamic,North-South,6,10.14,6,0.0048,0
2531,RL_PPO_Dynamic,North-South,7,12.16,1,0.0056,0
2532,RL_PPO_Dynamic,North-South,7,10.92,6,0.0056,0
2533,RL_PPO_Dynamic,North-South,6,10.36,2,0.0048,0
2534,RL_PPO_Dynamic,North-South,5,8.14,1,0.004,0
2535,RL_PPO_Dynamic,North-South,7,11.63,5,0.0056,0
2536,RL_PPO_Dynamic,North-South,8,13.04,6,0.0064,0
2537,RL_PPO_Dynamic,North-South,5,9.1,3,0.004,0
2538,RL_PPO_Dynamic,North-South,8,11.03,3,0.0064,0
2539,RL_PPO_Dynamic,North-South,8,13.55,3,0.0064,0
2540,RL_PPO_Dynamic,North-South,9,14.84,3,0.0072,0
2541,RL_PPO_Dynamic,North-South,7,11.89,3,0.0056,0
2542,RL_PPO_Dynamic,North-South,6,9.1,2,0.0048,0
2543,RL_PPO_Dynamic,North-South,3,5.85,2,0.0024,0
2544,RL_PPO_Dynamic,North-South,6,8.51,1,0.0048,0
2545,RL_PPO_Dynamic,North-South,7,12.24,3,0.0056,0
2546,RL_PPO_Dynamic,North-South,7,11.87,6,0.0056,0
2547,RL_PPO_Dynamic,North-South,6,8.32,1,0.0048,0
2548,RL_PPO_Dynamic,North-South,6,8.44,2,0.0048,0
2549,RL_PPO_Dynamic,North-South,8,13.29,4,0.0064,0
2550,RL_PPO_Dynamic,North-South,8,13.54,4,0.0064,0
2551,RL_PPO_Dynamic,North-South,6,8.77,4,0.0048,0
2552,RL_PPO_Dynamic,North-South,5,8.12,5,0.004,0
2553,RL_PPO_Dynamic,North-South,9,12.67,3,0.0072,0
2554,RL_PPO_Dynamic,North-South,7,12.48,3,0.0056,0
2555,RL_PPO_Dynamic,North-South,7,9.71,6,0.0056,0
2556,RL_PPO_Dynamic,North-South,4,6.51,4,0.0032,0
2557,RL_PPO_Dynamic,North-South,7,10.01,2,0.0056,0
2558,RL_PPO_Dynamic,North-South,7,11.32,6,0.0056,0
2559,RL_PPO_Dynamic,North-South,6,8.96,6,0.0048,0
2560,RL_PPO_Dynamic,North-South,6,10.32,2,0.0048,0
2561,RL_PPO_Dynamic,North-South,5,8.23,4,0.004,0
2562,RL_PPO_Dynamic,North-South,5,8.38,1,0.004,0
2563,RL_PPO_Dynamic,North-South,7,10.92,2,0.0056,0
2564,RL_PPO_Dynamic,North-South,5,7.82,1,0.004,0
2565,RL_PPO_Dynamic,East-West,6,10.96,1,0.0048,0
2566,RL_PPO_Dynamic,East-West,9,14.79,1,0.0072,0
2567,RL_PPO_Dynamic,East-West,9,14.67,6,0.0072,0
2568,RL_PPO_Dynamic,East-West,6,8.37,6,0.0048,0
2569,RL_PPO_Dynamic,East-West,9,12.74,2,0.0072,0
2570,RL_PPO_Dynamic,East-West,8,11.31,5,0.0064,0
2571,RL_PPO_Dynamic,East-West,8,13.73,5,0.0064,0
2572,RL_PPO_Dynamic,East-West,8,13.55,2,0.0064,0
2573,RL_PPO_Dynamic,East-West,2,2.35,4,0.0016,0
2574,RL_PPO_Dynamic,East-West,9,15.03,2,0.0072,0
2575,RL_PPO_Dynamic,East-West,7,9.69,3,0.0056,0
2576,RL_PPO_Dynamic,East-West,6,8.27,4,0.0048,0
2577,RL_PPO_Dynamic,East-West,6,8.51,5,0.0048,0
2578,RL_PPO_Dynamic,East-West,5,8.61,3,0.004,0
2579,RL_PPO_Dynamic,East-West,6,10.47,3,0.0048,0
2580,RL_PPO_Dynamic,East-West,8,12.16,3,0.0064,0
2581,RL_PPO_Dynamic,East-West,8,11.74,2,0.0064,0
2582,RL_PPO_Dynamic,East-West,6,9.36,6,0.0048,0
2583,RL_PPO_Dynamic,East-West,5,7.84,1,0.004,0
2584,RL_PPO_Dynamic,East-West,8,11.17,6,0.0064,0
2585,RL_PPO_Dynamic,East-West,6,9.81,6,0.0048,0
2586,RL_PPO_Dynamic,East-West,8,12.1,4,0.0064,0
2587,RL_PPO_Dynamic,East-West,5,7.51,2,0.004,0
2588,RL_PPO_Dynamic,East-West,2,3.65,2,0.0016,0
2589,RL_PPO_Dynamic,East-West,6,9.31,1,0.0048,0
2590,RL_PPO_Dynamic,East-West,5,6.67,5,0.004,0
2591,RL_PPO_Dynamic,East-West,5,8,3,0.004,0
2592,RL_PPO_Dynamic,East-West,4,5.79,5,0.0032,0
2593,RL_PPO_Dynamic,East-West,7,10,1,0.0056,0
2594,RL_PPO_Dynamic,East-West,6,8.75,3,0.0048,0
2595,RL_PPO_Dynamic,East-West,8,12.95,2,0.0064,0
2596,RL_PPO_Dynamic,East-West,5,7.77,3,0.004,0
2597,RL_PPO_Dynamic,East-West,7,10.4,6,0.0056,0
2598,RL_PPO_Dynamic,East-West,6,10.6,6,0.0048,0
2599,RL_PPO_Dynamic,East-West,6,10.89,4,0.0048,0
2600,RL_PPO_Dynamic,East-West,8,11.16,3,0.0064,0
2601,RL_PPO_Dynamic,East-West,7,10.14,6,0.0056,0
2602,RL_PPO_Dynamic,East-West,7,10.07,6,0.0056,0
2603,RL_PPO_Dynamic,East-West,7,11.41,2,0.0056,0
2604,RL_PPO_Dynamic,East-West,8,13.74,5,0.0064,0
2605,RL_PPO_Dynamic,East-West,4,7.52,5,0.0032,0
2606,RL_PPO_Dynamic,East-West,7,10.37,1,0.0056,0
2607,RL_PPO_Dynamic,East-West,5,8.95,1,0.004,0
2608,RL_PPO_Dynamic,East-West,5,6.52,6,0.004,0
2609,RL_PPO_Dynamic,East-West,9,13.87,5,0.0072,0
2610,RL_PPO_Dynamic,North-South,5,8.04,5,0.004,0
2611,RL_PPO_Dynamic,North-South,5,9.1,5,0.004,0
2612,RL_PPO_Dynamic,North-South,5,7.28,3,0.004,0
2613,RL_PPO_Dynamic,North-South,5,9,1,0.004,0
2614,RL_PPO_Dynamic,North-South,5,7.4,1,0.004,0
2615,RL_PPO_Dynamic,North-South,8,13.74,2,0.0064,0
2616,RL_PPO_Dynamic,North-South,7,12.15,3,0.0056,0
2617,RL_PPO_Dynamic,North-South,7,11.24,1,0.0056,0
2618,RL_PPO_Dynamic,North-South,7,9.6,6,0.0056,0
2619,RL_PPO_Dynamic,North-South,5,6.55,5,0.004,0
2620,RL_PPO_Dynamic,North-South,5,8.22,4,0.004,0
2621,RL_PPO_Dynamic,North-South,6,10.57,6,0.0048,0
2622,RL_PPO_Dynamic,North-South,5,9.44,4,0.004,0
2623,RL_PPO_Dynamic,North-South,4,5.87,6,0.0032,0
2624,RL_PPO_Dynamic,North-South,3,6.35,3,0.0024,0
2625,RL_PPO_Dynamic,North-South,6,9.42,4,0.0048,0
2626,RL_PPO_Dynamic,North-South,5,8.34,6,0.004,0
2627,RL_PPO_Dynamic,North-South,6,9.6,1,0.0048,0
2628,RL_PPO_Dynamic,North-South,8,11.82,3,0.0064,0
2629,RL_PPO_Dynamic,North-South,5,7.49,2,0.004,0
2630,RL_PPO_Dynamic,North-South,7,9.58,2,0.0056,0
2631,RL_PPO_Dynamic,North-South,4,7.82,3,0.0032,0
2632,RL_PPO_Dynamic,North-South,7,11.21,3,0.0056,0
2633,RL_PPO_Dynamic,North-South,5,7.15,4,0.004,0
2634,RL_PPO_Dynamic,North-South,6,10.28,4,0.0048,0
2635,RL_PPO_Dynamic,North-South,6,10.27,2,0.0048,0
2636,RL_PPO_Dynamic,North-South,6,10.23,5,0.0048,0
2637,RL_PPO_Dynamic,North-South,6,9.94,1,0.0048,0
2638,RL_PPO_Dynamic,North-South,6,9.11,6,0.0048,0
2639,RL_PPO_Dynamic,North-South,10,16.67,4,0.008,0
2640,RL_PPO_Dynamic,North-South,6,10.11,6,0.0048,0
2641,RL_PPO_Dynamic,North-South,8,12.83,4,0.0064,0
2642,RL_PPO_Dynamic,North-South,5,7.24,6,0.004,0
2643,RL_PPO_Dynamic,North-South,7,9.59,1,0.0056,0
2644,RL_PPO_Dynamic,North-South,4,6.61,4,0.0032,0
2645,RL_PPO_Dynamic,North-South,6,9.97,5,0.0048,0
2646,RL_PPO_Dynamic,North-South,6,9.5,3,0.0048,0
2647,RL_PPO_Dynamic,North-South,5,7.53,6,0.004,0
2648,RL_PPO_Dynamic,North-South,7,12.16,1,0.0056,0
2649,RL_PPO_Dynamic,North-South,6,9.26,3,0.0048,0
2650,RL_PPO_Dynamic,North-South,5,7.72,1,0.004,0
2651,RL_PPO_Dynamic,North-South,7,12.09,5,0.0056,0
2652,RL_PPO_Dynamic,North-South,5,6.55,1,0.004,0
2653,RL_PPO_Dynamic,North-South,7,12.11,2,0.0056,0
2654,RL_PPO_Dynamic,North-South,8,12.26,1,0.0064,0
2655,RL_PPO_Dynamic,East-West,6,10.52,4,0.0048,0
2656,RL_PPO_Dynamic,East-West,5,8.36,3,0.004,0
2657,RL_PPO_Dynamic,East-West,7,10.63,2,0.0056,0
2658,RL_PPO_Dynamic,East-West,7,9.57,1,0.0056,0
2659,RL_PPO_Dynamic,East-West,8,13.56,6,0.0064,0
2660,RL_PPO_Dynamic,East-West,8,11.28,1,0.0064,0
2661,RL_PPO_Dynamic,East-West,4,6.79,5,0.0032,0
2662,RL_PPO_Dynamic,East-West,5,7.1,1,0.004,0
2663,RL_PPO_Dynamic,East-West,7,11.3,4,0.0056,0
2664,RL_PPO_Dynamic,East-West,8,11.47,2,0.0064,0
2665,RL_PPO_Dynamic,East-West,7,11.79,5,0.0056,0
2666,RL_PPO_Dynamic,East-West,5,7.21,4,0.004,0
2667,RL_PPO_Dynamic,East-West,4,7.92,1,0.0032,0
2668,RL_PPO_Dynamic,East-West,6,9.33,1,0.0048,0
2669,RL_PPO_Dynamic,East-West,4,5.57,6,0.0032,0
2670,RL_PPO_Dynamic,East-West,5,8.76,1,0.004,0
2671,RL_PPO_Dynamic,East-West,4,6.47,3,0.0032,0
2672,RL_PPO_Dynamic,East-West,7,10.21,5,0.0056,0
2673,RL_PPO_Dynamic,East-West,5,7.92,3,0.004,0
2674,RL_PPO_Dynamic,East-West,5,7.63,4,0.004,0
2675,RL_PPO_Dynamic,East-West,2,4.42,2,0.0016,0
2676,RL_PPO_Dynamic,East-West,7,11.78,3,0.0056,0
2677,RL_PPO_Dynamic,East-West,6,9.21,5,0.0048,0
2678,RL_PPO_Dynamic,East-West,4,7.47,4,0.0032,0
2679,RL_PPO_Dynamic,East-West,7,9.55,3,0.0056,0
2680,RL_PPO_Dynamic,East-West,7,9.95,6,0.0056,0
2681,RL_PPO_Dynamic,East-West,1,2,3,0.0008,0
2682,RL_PPO_Dynamic,East-West,7,12.06,6,0.0056,0
2683,RL_PPO_Dynamic,East-West,6,9.09,5,0.0048,0
2684,RL_PPO_Dynamic,East-West,6,9.19,3,0.0048,0
2685,RL_PPO_Dynamic,East-West,5,8.12,4,0.004,0
2686,RL_PPO_Dynamic,East-West,4,6.16,6,0.0032,0
2687,RL_PPO_Dynamic,East-West,6,9,5,0.0048,0
2688,RL_PPO_Dynamic,East-West,6,8.71,6,0.0048,0
2689,RL_PPO_Dynamic,East-West,4,6.88,6,0.0032,0
2690,RL_PPO_Dynamic,East-West,6,8.61,2,0.0048,0
2691,RL_PPO_Dynamic,East-West,4,5.48,6,0.0032,0
2692,RL_PPO_Dynamic,East-West,4,5.43,2,0.0032,0
2693,RL_PPO_Dynamic,East-West,5,8.04,3,0.004,0
2694,RL_PPO_Dynamic,East-West,6,8.27,5,0.0048,0
2695,RL_PPO_Dynamic,East-West,6,9.67,2,0.0048,0
2696,RL_PPO_Dynamic,East-West,8,12.27,1,0.0064,0
2697,RL_PPO_Dynamic,East-West,3,6.26,3,0.0024,0
2698,RL_PPO_Dynamic,East-West,3,4.42,2,0.0024,0
2699,RL_PPO_Dynamic,East-West,7,10.55,2,0.0056,0
2700,RL_PPO_Dynamic,North-South,6,9.58,4,0.0048,0
2701,RL_PPO_Dynamic,North-South,5,8.26,2,0.004,0
2702,RL_PPO_Dynamic,North-South,8,13.82,3,0.0064,0
2703,RL_PPO_Dynamic,North-South,7,9.75,1,0.0056,0
2704,RL_PPO_Dynamic,North-South,6,10.36,2,0.0048,0
2705,RL_PPO_Dynamic,North-South,3,6.28,1,0.0024,0
2706,RL_PPO_Dynamic,North-South,3,5.42,1,0.0024,0
2707,RL_PPO_Dynamic,North-South,7,10.4,1,0.0056,0
2708,RL_PPO_Dynamic,North-South,6,8.99,2,0.0048,0
2709,RL_PPO_Dynamic,North-South,6,8.93,5,0.0048,0
2710,RL_PPO_Dynamic,North-South,5,7.12,2,0.004,0
2711,RL_PPO_Dynamic,North-South,3,6.36,5,0.0024,0
2712,RL_PPO_Dynamic,North-South,5,9.14,5,0.004,0
2713,RL_PPO_Dynamic,North-South,6,8.16,5,0.0048,0
2714,RL_PPO_Dynamic,North-South,5,8.14,6,0.004,0
2715,RL_PPO_Dynamic,North-South,4,6.4,1,0.0032,0
2716,RL_PPO_Dynamic,North-South,5,8.73,1,0.004,0
2717,RL_PPO_Dynamic,North-South,4,5.35,6,0.0032,0
2718,RL_PPO_Dynamic,North-South,3,4.67,3,0.0024,0
2719,RL_PPO_Dynamic,North-South,2,4.18,2,0.0016,0
2720,RL_PPO_Dynamic,North-South,7,10.55,6,0.0056,0
2721,RL_PPO_Dynamic,North-South,7,11.41,2,0.0056,0
2722,RL_PPO_Dynamic,North-South,5,9.46,4,0.004,0
2723,RL_PPO_Dynamic,North-South,7,10.61,4,0.0056,0
2724,RL_PPO_Dynamic,North-South,4,5.55,1,0.0032,0
2725,RL_PPO_Dynamic,North-South,3,5.88,4,0.0024,0
2726,RL_PPO_Dynamic,North-South,5,7.22,5,0.004,0
2727,RL_PPO_Dynamic,North-South,3,5.01,2,0.0024,0
2728,RL_PPO_Dynamic,North-South,3,4.73,1,0.0024,0
2729,RL_PPO_Dynamic,North-South,5,9.27,5,0.004,0
2730,RL_PPO_Dynamic,North-South,6,8.56,6,0.0048,0
2731,RL_PPO_Dynamic,North-South,4,5.25,6,0.0032,0
2732,RL_PPO_Dynamic,North-South,1,2,4,0.0008,0
2733,RL_PPO_Dynamic,North-South,4,5.78,5,0.0032,0
2734,RL_PPO_Dynamic,North-South,6,8.96,3,0.0048,0
2735,RL_PPO_Dynamic,North-South,5,8.94,4,0.004,0
2736,RL_PPO_Dynamic,North-South,3,3.96,3,0.0024,0
2737,RL_PPO_Dynamic,North-South,4,7.14,4,0.0032,0
2738,RL_PPO_Dynamic,North-South,2,4.12,3,0.0016,0
2739,RL_PPO_Dynamic,North-South,4,7.38,2,0.0032,0
2740,RL_PPO_Dynamic,North-South,3,5.48,1,0.0024,0
2741,RL_PPO_Dynamic,North-South,3,3.54,2,0.0024,0
2742,RL_PPO_Dynamic,North-South,3,4.34,4,0.0024,0
2743,RL_PPO_Dynamic,North-South,5,6.94,2,0.004,0
2744,RL_PPO_Dynamic,North-South,6,8.7,6,0.0048,0
2745,RL_PPO_Dynamic,East-West,4,7.08,2,0.0032,0
2746,RL_PPO_Dynamic,East-West,4,5.25,4,0.0032,0
2747,RL_PPO_Dynamic,East-West,5,8.49,2,0.004,0
2748,RL_PPO_Dynamic,East-West,6,9.46,2,0.0048,0
2749,RL_PPO_Dynamic,East-West,4,7.02,1,0.0032,0
2750,RL_PPO_Dynamic,East-West,6,8.69,4,0.0048,0
2751,RL_PPO_Dynamic,East-West,6,9.05,6,0.0048,0
2752,RL_PPO_Dynamic,East-West,7,12.37,6,0.0056,0
2753,RL_PPO_Dynamic,East-West,7,12.42,2,0.0056,0
2754,RL_PPO_Dynamic,East-West,3,5.42,6,0.0024,0
2755,RL_PPO_Dynamic,East-West,3,4.23,1,0.0024,0
2756,RL_PPO_Dynamic,East-West,3,4.74,5,0.0024,0
2757,RL_PPO_Dynamic,East-West,6,10.83,3,0.0048,0
2758,RL_PPO_Dynamic,East-West,4,6.81,1,0.0032,0
2759,RL_PPO_Dynamic,East-West,4,6.5,6,0.0032,0
2760,RL_PPO_Dynamic,East-West,6,10.5,6,0.0048,0
2761,RL_PPO_Dynamic,East-West,6,10.58,4,0.0048,0
2762,RL_PPO_Dynamic,East-West,5,9.12,2,0.004,0
2763,RL_PPO_Dynamic,East-West,6,8.03,6,0.0048,0
2764,RL_PPO_Dynamic,East-West,5,6.79,3,0.004,0
2765,RL_PPO_Dynamic,East-West,4,5.06,5,0.0032,0
2766,RL_PPO_Dynamic,East-West,5,8.99,1,0.004,0
2767,RL_PPO_Dynamic,East-West,4,6.49,1,0.0032,0
2768,RL_PPO_Dynamic,East-West,5,7.16,2,0.004,0
2769,RL_PPO_Dynamic,East-West,6,10.87,5,0.0048,0
2770,RL_PPO_Dynamic,East-West,3,4.84,4,0.0024,0
2771,RL_PPO_Dynamic,East-West,5,6.54,4,0.004,0
2772,RL_PPO_Dynamic,East-West,6,9.81,3,0.0048,0
2773,RL_PPO_Dynamic,East-West,5,6.51,6,0.004,0
2774,RL_PPO_Dynamic,East-West,8,13.81,2,0.0064,0
2775,RL_PPO_Dynamic,East-West,6,8.58,2,0.0048,0
2776,RL_PPO_Dynamic,East-West,6,9.85,3,0.0048,0
2777,RL_PPO_Dynamic,East-West,3,5.43,3,0.0024,0
2778,RL_PPO_Dynamic,East-West,6,9.22,3,0.0048,0
2779,RL_PPO_Dynamic,East-West,5,7.37,2,0.004,0
2780,RL_PPO_Dynamic,East-West,3,6.26,6,0.0024,0
2781,RL_PPO_Dynamic,East-West,3,4.67,2,0.0024,0
2782,RL_PPO_Dynamic,East-West,5,6.69,4,0.004,0
2783,RL_PPO_Dynamic,East-West,4,6.77,1,0.0032,0
2784,RL_PPO_Dynamic,East-West,5,9.15,4,0.004,0
2785,RL_PPO_Dynamic,East-West,3,5.77,3,0.0024,0
2786,RL_PPO_Dynamic,East-West,0,2,3,0,0
2787,RL_PPO_Dynamic,East-West,1,2,5,0.0008,0
2788,RL_PPO_Dynamic,East-West,3,6.31,2,0.0024,0
2789,RL_PPO_Dynamic,East-West,3,6.03,3,0.0024,0
2790,RL_PPO_Dynamic,North-South,6,10.77,4,0.0048,0
2791,RL_PPO_Dynamic,North-South,6,9.98,2,0.0048,0
2792,RL_PPO_Dynamic,North-South,1,2.8,3,0.0008,0
2793,RL_PPO_Dynamic,North-South,5,6.8,3,0.004,0
2794,RL_PPO_Dynamic,North-South,3,4.36,6,0.0024,0
2795,RL_PPO_Dynamic,North-South,3,6.26,5,0.0024,0
2796,RL_PPO_Dynamic,North-South,5,7.75,4,0.004,0
2797,RL_PPO_Dynamic,North-South,4,6.34,5,0.0032,0
2798,RL_PPO_Dynamic,North-South,6,8.48,1,0.0048,0
2799,RL_PPO_Dynamic,North-South,3,4.58,2,0.0024,0
2800,RL_PPO_Dynamic,North-South,6,10.66,6,0.0048,0
2801,RL_PPO_Dynamic,North-South,4,6,6,0.0032,0
2802,RL_PPO_Dynamic,North-South,3,6.25,5,0.0024,0
2803,RL_PPO_Dynamic,North-South,5,8.22,1,0.004,0
2804,RL_PPO_Dynamic,North-South,4,5.46,4,0.0032,0
2805,RL_PPO_Dynamic,North-South,5,6.69,6,0.004,0
2806,RL_PPO_Dynamic,North-South,3,4.54,4,0.0024,0
2807,RL_PPO_Dynamic,North-South,4,7.63,4,0.0032,0
2808,RL_PPO_Dynamic,North-South,5,8.89,6,0.004,0
2809,RL_PPO_Dynamic,North-South,7,12.3,2,0.0056,0
2810,RL_PPO_Dynamic,North-South,3,5.21,5,0.0024,0
2811,RL_PPO_Dynamic,North-South,4,6.38,3,0.0032,0
2812,RL_PPO_Dynamic,North-South,4,6.27,6,0.0032,0
2813,RL_PPO_Dynamic,North-South,3,4.88,6,0.0024,0
2814,RL_PPO_Dynamic,North-South,0,2,6,0,0
2815,RL_PPO_Dynamic,North-South,3,3.63,4,0.0024,0
2816,RL_PPO_Dynamic,North-South,4,6.31,1,0.0032,0
2817,RL_PPO_Dynamic,North-South,5,9.03,6,0.004,0
2818,RL_PPO_Dynamic,North-South,4,6.99,4,0.0032,0
2819,RL_PPO_Dynamic,North-South,5,8.56,3,0.004,0
2820,RL_PPO_Dynamic,North-South,3,4.56,3,0.0024,0
2821,RL_PPO_Dynamic,North-South,1,2,5,0.0008,0
2822,RL_PPO_Dynamic,North-South,0,2,4,0,0
2823,RL_PPO_Dynamic,North-South,6,10.61,2,0.0048,0
2824,RL_PPO_Dynamic,North-South,1,2.9,6,0.0008,0
2825,RL_PPO_Dynamic,North-South,2,2.88,1,0.0016,0
2826,RL_PPO_Dynamic,North-South,5,7.47,3,0.004,0
2827,RL_PPO_Dynamic,North-South,5,6.75,4,0.004,0
2828,RL_PPO_Dynamic,North-South,0,2,3,0,0
2829,RL_PPO_Dynamic,North-South,4,5.64,3,0.0032,0
2830,RL_PPO_Dynamic,North-South,3,4.39,3,0.0024,0
2831,RL_PPO_Dynamic,North-South,4,6,4,0.0032,0
2832,RL_PPO_Dynamic,North-South,4,6.94,6,0.0032,0
2833,RL_PPO_Dynamic,North-South,3,5.7,4,0.0024,0
2834,RL_PPO_Dynamic,North-South,5,8.21,5,0.004,0
2835,RL_PPO_Dynamic,East-West,2,4.76,1,0.0016,0
2836,RL_PPO_Dynamic,East-West,5,8.49,4,0.004,0
2837,RL_PPO_Dynamic,East-West,3,4.33,5,0.0024,0
2838,RL_PPO_Dynamic,East-West,3,5.54,6,0.0024,0
2839,RL_PPO_Dynamic,East-West,3,4.96,1,0.0024,0
2840,RL_PPO_Dynamic,East-West,1,3.37,5,0.0008,0
2841,RL_PPO_Dynamic,East-West,2,3.55,4,0.0016,0
2842,RL_PPO_Dynamic,East-West,6,8.17,3,0.0048,0
2843,RL_PPO_Dynamic,East-West,4,7.38,3,0.0032,0
2844,RL_PPO_Dynamic,East-West,2,4.35,6,0.0016,0
2845,RL_PPO_Dynamic,East-West,4,7.42,1,0.0032,0
2846,RL_PPO_Dynamic,East-West,4,7.49,5,0.0032,0
2847,RL_PPO_Dynamic,East-West,5,8.4,3,0.004,0
2848,RL_PPO_Dynamic,East-West,5,8.7,4,0.004,0
2849,RL_PPO_Dynamic,East-West,5,9.44,1,0.004,0
2850,RL_PPO_Dynamic,East-West,4,6.99,5,0.0032,0
2851,RL_PPO_Dynamic,East-West,2,4.41,4,0.0016,0
2852,RL_PPO_Dynamic,East-West,3,4.06,2,0.0024,0
2853,RL_PPO_Dynamic,East-West,1,3.49,1,0.0008,0
2854,RL_PPO_Dynamic,East-West,6,9.23,3,0.0048,0
2855,RL_PPO_Dynamic,East-West,3,4.71,6,0.0024,0
2856,RL_PPO_Dynamic,East-West,4,5.04,6,0.0032,0
2857,RL_PPO_Dynamic,East-West,4,7,1,0.0032,0
2858,RL_PPO_Dynamic,East-West,5,7.09,2,0.004,0
2859,RL_PPO_Dynamic,East-West,2,2.3,2,0.0016,0
2860,RL_PPO_Dynamic,East-West,4,5.8,4,0.0032,0
2861,RL_PPO_Dynamic,East-West,0,2,2,0,0
2862,RL_PPO_Dynamic,East-West,4,5.81,2,0.0032,0
2863,RL_PPO_Dynamic,East-West,5,7.25,3,0.004,0
2864,RL_PPO_Dynamic,East-West,4,7.16,6,0.0032,0
2865,RL_PPO_Dynamic,East-West,3,5.34,6,0.0024,0
2866,RL_PPO_Dynamic,East-West,2,4.53,3,0.0016,0
2867,RL_PPO_Dynamic,East-West,3,3.89,5,0.0024,0
2868,RL_PPO_Dynamic,East-West,4,5.89,4,0.0032,0
2869,RL_PPO_Dynamic,East-West,1,2.64,4,0.0008,0
2870,RL_PPO_Dynamic,East-West,2,2.66,4,0.0016,0
2871,RL_PPO_Dynamic,East-West,3,3.88,1,0.0024,0
2872,RL_PPO_Dynamic,East-West,3,5.47,1,0.0024,0
2873,RL_PPO_Dynamic,East-West,0,2,1,0,0
2874,RL_PPO_Dynamic,East-West,2,2.3,3,0.0016,0
2875,RL_PPO_Dynamic,East-West,1,2.48,1,0.0008,0
2876,RL_PPO_Dynamic,East-West,3,4.51,5,0.0024,0
2877,RL_PPO_Dynamic,East-West,2,3.72,1,0.0016,0
2878,RL_PPO_Dynamic,East-West,1,3.1,5,0.0008,0
2879,RL_PPO_Dynamic,East-West,2,3.48,2,0.0016,0
2880,RL_PPO_Dynamic,North-South,2,2.36,4,0.0016,0
2881,RL_PPO_Dynamic,North-South,3,6,4,0.0024,0
2882,RL_PPO_Dynamic,North-South,2,2.9,3,0.0016,0
2883,RL_PPO_Dynamic,North-South,3,5.26,2,0.0024,0
2884,RL_PPO_Dynamic,North-South,1,2,2,0.0008,0
2885,RL_PPO_Dynamic,North-South,0,2,6,0,0
2886,RL_PPO_Dynamic,North-South,5,7.11,2,0.004,0
2887,RL_PPO_Dynamic,North-South,3,6.44,6,0.0024,0
2888,RL_PPO_Dynamic,North-South,4,5.68,4,0.0032,0
2889,RL_PPO_Dynamic,North-South,0,2,2,0,0
2890,RL_PPO_Dynamic,North-South,4,7.52,4,0.0032,0
2891,RL_PPO_Dynamic,North-South,4,7.99,2,0.0032,0
2892,RL_PPO_Dynamic,North-South,4,5.14,5,0.0032,0
2893,RL_PPO_Dynamic,North-South,2,2.96,1,0.0016,0
2894,RL_PPO_Dynamic,North-South,4,5.11,2,0.0032,0
2895,RL_PPO_Dynamic,North-South,3,4.72,2,0.0024,0
2896,RL_PPO_Dynamic,North-South,3,4.17,3,0.0024,0
2897,RL_PPO_Dynamic,North-South,0,2,3,0,0
2898,RL_PPO_Dynamic,North-South,3,6.14,5,0.0024,0
2899,RL_PPO_Dynamic,North-South,2,4.05,1,0.0016,0
2900,RL_PPO_Dynamic,North-South,2,4.11,6,0.0016,0
2901,RL_PPO_Dynamic,North-South,5,7.94,1,0.004,0
2902,RL_PPO_Dynamic,North-South,0,2,6,0,0
2903,RL_PPO_Dynamic,North-South,2,2.93,6,0.0016,0
2904,RL_PPO_Dynamic,North-South,2,2.98,2,0.0016,0
2905,RL_PPO_Dynamic,North-South,0,2,4,0,0
2906,RL_PPO_Dynamic,North-South,1,2,6,0.0008,0
2907,RL_PPO_Dynamic,North-South,2,3.94,5,0.0016,0
2908,RL_PPO_Dynamic,North-South,5,9.16,2,0.004,0
2909,RL_PPO_Dynamic,North-South,1,2,4,0.0008,0
2910,RL_PPO_Dynamic,North-South,0,2,6,0,0
2911,RL_PPO_Dynamic,North-South,3,4,1,0.0024,0
2912,RL_PPO_Dynamic,North-South,1,2,5,0.0008,0
2913,RL_PPO_Dynamic,North-South,2,4.8,6,0.0016,0
2914,RL_PPO_Dynamic,North-South,2,2.77,6,0.0016,0
2915,RL_PPO_Dynamic,North-South,1,3.11,2,0.0008,0
2916,RL_PPO_Dynamic,North-South,3,5.55,2,0.0024,0
2917,RL_PPO_Dynamic,North-South,0,2,6,0,0
2918,RL_PPO_Dynamic,North-South,1,3.1,3,0.0008,0
2919,RL_PPO_Dynamic,North-South,0,2,5,0,0
2920,RL_PPO_Dynamic,North-South,2,4.8,4,0.0016,0
2921,RL_PPO_Dynamic,North-South,2,4.22,6,0.0016,0
2922,RL_PPO_Dynamic,North-South,3,4.79,4,0.0024,0
2923,RL_PPO_Dynamic,North-South,4,6.27,4,0.0032,0
2924,RL_PPO_Dynamic,North-South,3,5.65,6,0.0024,0
2925,RL_PPO_Dynamic,East-West,4,5.66,3,0.0032,0
2926,RL_PPO_Dynamic,East-West,2,2.82,5,0.0016,0
2927,RL_PPO_Dynamic,East-West,2,3.12,1,0.0016,0
2928,RL_PPO_Dynamic,East-West,1,2,2,0.0008,0
2929,RL_PPO_Dynamic,East-West,3,3.56,4,0.0024,0
2930,RL_PPO_Dynamic,East-West,1,2,4,0.0008,0
2931,RL_PPO_Dynamic,East-West,4,5.9,6,0.0032,0
2932,RL_PPO_Dynamic,East-West,0,2,2,0,0
2933,RL_PPO_Dynamic,East-West,0,2,1,0,0
2934,RL_PPO_Dynamic,East-West,2,2.42,3,0.0016,0
2935,RL_PPO_Dynamic,East-West,0,2,3,0,0
2936,RL_PPO_Dynamic,East-West,0,2,3,0,0
2937,RL_PPO_Dynamic,East-West,3,4.51,4,0.0024,0
2938,RL_PPO_Dynamic,East-West,0,2,6,0,0
2939,RL_PPO_Dynamic,East-West,0,2,3,0,0
2940,RL_PPO_Dynamic,East-West,2,2.6,3,0.0016,0
2941,RL_PPO_Dynamic,East-West,0,2,6,0,0
2942,RL_PPO_Dynamic,East-West,1,2,2,0.0008,0
2943,RL_PPO_Dynamic,East-West,0,2,4,0,0
2944,RL_PPO_Dynamic,East-West,1,2,5,0.0008,0
2945,RL_PPO_Dynamic,East-West,3,6.42,2,0.0024,0
2946,RL_PPO_Dynamic,East-West,3,4.09,6,0.0024,0
2947,RL_PPO_Dynamic,East-West,4,7.27,4,0.0032,0
2948,RL_PPO_Dynamic,East-West,1,2,1,0.0008,0
2949,RL_PPO_Dynamic,East-West,2,2.16,3,0.0016,0
2950,RL_PPO_Dynamic,East-West,4,7.41,3,0.0032,0
2951,RL_PPO_Dynamic,East-West,0,2,6,0,0
2952,RL_PPO_Dynamic,East-West,1,2,6,0.0008,0
2953,RL_PPO_Dynamic,East-West,1,2,6,0.0008,0
2954,RL_PPO_Dynamic,East-West,1,2,3,0.0008,0
2955,RL_PPO_Dynamic,East-West,2,4.28,2,0.0016,0
2956,RL_PPO_Dynamic,East-West,0,2,6,0,0
2957,RL_PPO_Dynamic,East-West,2,2.87,2,0.0016,0
2958,RL_PPO_Dynamic,East-West,1,2.56,3,0.0008,0
2959,RL_PPO_Dynamic,East-West,1,2,3,0.0008,0
2960,RL_PPO_Dynamic,East-West,1,2.53,2,0.0008,0
2961,RL_PPO_Dynamic,East-West,1,2.17,5,0.0008,0
2962,RL_PPO_Dynamic,East-West,0,2,2,0,0
2963,RL_PPO_Dynamic,East-West,0,2,5,0,0
2964,RL_PPO_Dynamic,East-West,0,2,3,0,0
2965,RL_PPO_Dynamic,East-West,3,3.77,2,0.0024,0
2966,RL_PPO_Dynamic,East-West,4,6.69,2,0.0032,0
2967,RL_PPO_Dynamic,East-West,3,5.62,1,0.0024,0
2968,RL_PPO_Dynamic,East-West,3,4.01,1,0.0024,0
2969,RL_PPO_Dynamic,East-West,4,5.53,6,0.0032,0
2970,RL_PPO_Dynamic,North-South,0,2,2,0,0
2971,RL_PPO_Dynamic,North-South,2,3.44,4,0.0016,0
2972,RL_PPO_Dynamic,North-South,0,2,4,0,0
2973,RL_PPO_Dynamic,North-South,0,2,2,0,0
2974,RL_PPO_Dynamic,North-South,5,8.24,1,0.004,0
2975,RL_PPO_Dynamic,North-South,0,2,6,0,0
2976,RL_PPO_Dynamic,North-South,1,2,5,0.0008,0
2977,RL_PPO_Dynamic,North-South,0,2,3,0,0
2978,RL_PPO_Dynamic,North-South,1,2.71,1,0.0008,0
2979,RL_PPO_Dynamic,North-South,1,2,6,0.0008,0
2980,RL_PPO_Dynamic,North-South,0,2,4,0,0
2981,RL_PPO_Dynamic,North-South,1,3.3,6,0.0008,0
2982,RL_PPO_Dynamic,North-South,1,2.42,5,0.0008,0
2983,RL_PPO_Dynamic,North-South,4,7.39,2,0.0032,0
2984,RL_PPO_Dynamic,North-South,3,5.37,5,0.0024,0
2985,RL_PPO_Dynamic,North-South,1,2.3,2,0.0008,0
2986,RL_PPO_Dynamic,North-South,2,4.23,2,0.0016,0
2987,RL_PPO_Dynamic,North-South,0,2,2,0,0
2988,RL_PPO_Dynamic,North-South,0,2,1,0,0
2989,RL_PPO_Dynamic,North-South,2,4.17,3,0.0016,0
2990,RL_PPO_Dynamic,North-South,1,2,6,0.0008,0
2991,RL_PPO_Dynamic,North-South,1,2,2,0.0008,0
2992,RL_PPO_Dynamic,North-South,1,2,3,0.0008,0
2993,RL_PPO_Dynamic,North-South,0,2,6,0,0
2994,RL_PPO_Dynamic,North-South,0,2,4,0,0
2995,RL_PPO_Dynamic,North-South,3,4.15,2,0.0024,0
2996,RL_PPO_Dynamic,North-South,1,2.96,3,0.0008,0
2997,RL_PPO_Dynamic,North-South,1,2.82,6,0.0008,0
2998,RL_PPO_Dynamic,North-South,6,9.91,4,0.0048,0
2999,RL_PPO_Dynamic,North-South,0,2,5,0,0
3000,RL_PPO_Dynamic,North-South,1,2.35,2,0.0008,0
3001,RL_PPO_Dynamic,North-South,0,2,4,0,0
3002,RL_PPO_Dynamic,North-South,3,3.51,6,0.0024,0
3003,RL_PPO_Dynamic,North-South,1,3.25,4,0.0008,0
3004,RL_PPO_Dynamic,North-South,0,2,6,0,0
3005,RL_PPO_Dynamic,North-South,1,3.26,2,0.0008,0
3006,RL_PPO_Dynamic,North-South,0,2,6,0,0
3007,RL_PPO_Dynamic,North-South,3,4.86,5,0.0024,0
3008,RL_PPO_Dynamic,North-South,0,2,6,0,0
3009,RL_PPO_Dynamic,North-South,4,5.03,2,0.0032,0
3010,RL_PPO_Dynamic,North-South,3,6.23,6,0.0024,0
3011,RL_PPO_Dynamic,North-South,1,2,2,0.0008,0
3012,RL_PPO_Dynamic,North-South,0,2,4,0,0
3013,RL_PPO_Dynamic,North-South,0,2,6,0,0
3014,RL_PPO_Dynamic,North-South,2,2.91,3,0.0016,0
3015,RL_PPO_Dynamic,East-West,1,2.6,1,0.0008,0
3016,RL_PPO_Dynamic,East-West,0,2,5,0,0
3017,RL_PPO_Dynamic,East-West,2,2.43,1,0.0016,0
3018,RL_PPO_Dynamic,East-West,1,3.15,4,0.0008,0
3019,RL_PPO_Dynamic,East-West,1,2.11,6,0.0008,0
3020,RL_PPO_Dynamic,East-West,1,2,1,0.0008,0
3021,RL_PPO_Dynamic,East-West,1,2,5,0.0008,0
3022,RL_PPO_Dynamic,East-West,2,3.85,4,0.0016,0
3023,RL_PPO_Dynamic,East-West,1,2,3,0.0008,0
3024,RL_PPO_Dynamic,East-West,0,2,2,0,0
3025,RL_PPO_Dynamic,East-West,0,2,3,0,0
3026,RL_PPO_Dynamic,East-West,0,2,5,0,0
3027,RL_PPO_Dynamic,East-West,1,3.28,2,0.0008,0
3028,RL_PPO_Dynamic,East-West,2,3.7,3,0.0016,0
3029,RL_PPO_Dynamic,East-West,0,2,4,0,0
3030,RL_PPO_Dynamic,East-West,0,2,4,0,0
3031,RL_PPO_Dynamic,East-West,2,4.62,6,0.0016,0
3032,RL_PPO_Dynamic,East-West,2,4.87,4,0.0016,0
3033,RL_PPO_Dynamic,East-West,0,2,4,0,0
3034,RL_PPO_Dynamic,East-West,2,4.71,3,0.0016,0
3035,RL_PPO_Dynamic,East-West,0,2,4,0,0
3036,RL_PPO_Dynamic,East-West,3,5.87,4,0.0024,0
3037,RL_PPO_Dynamic,East-West,0,2,1,0,0
3038,RL_PPO_Dynamic,East-West,1,2.03,2,0.0008,0
3039,RL_PPO_Dynamic,East-West,0,2,4,0,0
3040,RL_PPO_Dynamic,East-West,1,3.14,5,0.0008,0
3041,RL_PPO_Dynamic,East-West,0,2,2,0,0
3042,RL_PPO_Dynamic,East-West,4,7.05,6,0.0032,0
3043,RL_PPO_Dynamic,East-West,1,3.2,1,0.0008,0
3044,RL_PPO_Dynamic,East-West,2,3.07,1,0.0016,0
3045,RL_PPO_Dynamic,East-West,0,2,6,0,0
3046,RL_PPO_Dynamic,East-West,3,5.7,3,0.0024,0
3047,RL_PPO_Dynamic,East-West,0,2,4,0,0
3048,RL_PPO_Dynamic,East-West,2,3.07,1,0.0016,0
3049,RL_PPO_Dynamic,East-West,0,2,1,0,0
3050,RL_PPO_Dynamic,East-West,3,3.95,5,0.0024,0
3051,RL_PPO_Dynamic,East-West,0,2,5,0,0
3052,RL_PPO_Dynamic,East-West,1,2,2,0.0008,0
3053,RL_PPO_Dynamic,East-West,2,4.05,4,0.0016,0
3054,RL_PPO_Dynamic,East-West,2,3.33,1,0.0016,0
3055,RL_PPO_Dynamic,East-West,3,4.68,5,0.0024,0
3056,RL_PPO_Dynamic,East-West,2,5,6,0.0016,0
3057,RL_PPO_Dynamic,East-West,1,2,1,0.0008,0
3058,RL_PPO_Dynamic,East-West,5,8.41,4,0.004,0
3059,RL_PPO_Dynamic,East-West,0,2,1,0,0
3060,RL_PPO_Dynamic,North-South,1,2,3,0.0008,0
3061,RL_PPO_Dynamic,North-South,0,2,3,0,0
3062,RL_PPO_Dynamic,North-South,0,2,6,0,0
3063,RL_PPO_Dynamic,North-South,2,4.65,1,0.0016,0
3064,RL_PPO_Dynamic,North-South,1,2.64,2,0.0008,0
3065,RL_PPO_Dynamic,North-South,0,2,4,0,0
3066,RL_PPO_Dynamic,North-South,0,2,2,0,0
3067,RL_PPO_Dynamic,North-South,0,2,3,0,0
3068,RL_PPO_Dynamic,North-South,1,2.91,5,0.0008,0
3069,RL_PPO_Dynamic,North-South,0,2,4,0,0
3070,RL_PPO_Dynamic,North-South,0,2,5,0,0
3071,RL_PPO_Dynamic,North-South,1,2.96,6,0.0008,0
3072,RL_PPO_Dynamic,North-South,3,4.72,5,0.0024,0
3073,RL_PPO_Dynamic,North-South,1,2,5,0.0008,0
3074,RL_PPO_Dynamic,North-South,0,2,3,0,0
3075,RL_PPO_Dynamic,North-South,0,2,2,0,0
3076,RL_PPO_Dynamic,North-South,0,2,3,0,0
3077,RL_PPO_Dynamic,North-South,1,2,5,0.0008,0
3078,RL_PPO_Dynamic,North-South,0,2,5,0,0
3079,RL_PPO_Dynamic,North-South,1,2,4,0.0008,0
3080,RL_PPO_Dynamic,North-South,3,4.04,6,0.0024,0
3081,RL_PPO_Dynamic,North-South,0,2,4,0,0
3082,RL_PPO_Dynamic,North-South,0,2,2,0,0
3083,RL_PPO_Dynamic,North-South,1,3.39,6,0.0008,0
3084,RL_PPO_Dynamic,North-South,1,3.33,4,0.0008,0
3085,RL_PPO_Dynamic,North-South,2,2.39,4,0.0016,0
3086,RL_PPO_Dynamic,North-South,0,2,5,0,0
3087,RL_PPO_Dynamic,North-South,0,2,6,0,0
3088,RL_PPO_Dynamic,North-South,0,2,1,0,0
3089,RL_PPO_Dynamic,North-South,4,5.47,2,0.0032,0
3090,RL_PPO_Dynamic,North-South,2,4.62,5,0.0016,0
3091,RL_PPO_Dynamic,North-South,0,2,6,0,0
3092,RL_PPO_Dynamic,North-South,0,2,1,0,0
3093,RL_PPO_Dynamic,North-South,1,2,6,0.0008,0
3094,RL_PPO_Dynamic,North-South,2,2.02,6,0.0016,0
3095,RL_PPO_Dynamic,North-South,0,2,3,0,0
3096,RL_PPO_Dynamic,North-South,0,2,5,0,0
3097,RL_PPO_Dynamic,North-South,2,4.54,5,0.0016,0
3098,RL_PPO_Dynamic,North-South,3,5.75,1,0.0024,0
3099,RL_PPO_Dynamic,North-South,0,2,1,0,0
3100,RL_PPO_Dynamic,North-South,1,2,6,0.0008,0
3101,RL_PPO_Dynamic,North-South,1,2,1,0.0008,0
3102,RL_PPO_Dynamic,North-South,2,3.92,3,0.0016,0
3103,RL_PPO_Dynamic,North-South,0,2,4,0,0
3104,RL_PPO_Dynamic,North-South,2,3.38,5,0.0016,0
3105,RL_PPO_Dynamic,East-West,0,2,3,0,0
3106,RL_PPO_Dynamic,East-West,0,2,6,0,0
3107,RL_PPO_Dynamic,East-West,1,2.97,3,0.0008,0
3108,RL_PPO_Dynamic,East-West,0,2,1,0,0
3109,RL_PPO_Dynamic,East-West,0,2,5,0,0
3110,RL_PPO_Dynamic,East-West,1,2.91,3,0.0008,0
3111,RL_PPO_Dynamic,East-West,0,2,4,0,0
3112,RL_PPO_Dynamic,East-West,3,5.71,3,0.0024,0
3113,RL_PPO_Dynamic,East-West,0,2,2,0,0
3114,RL_PPO_Dynamic,East-West,2,3.12,6,0.0016,0
3115,RL_PPO_Dynamic,East-West,3,5.49,6,0.0024,0
3116,RL_PPO_Dynamic,East-West,1,2,2,0.0008,0
3117,RL_PPO_Dynamic,East-West,4,5.96,3,0.0032,0
3118,RL_PPO_Dynamic,East-West,0,2,3,0,0
3119,RL_PPO_Dynamic,East-West,3,6.18,2,0.0024,0
3120,RL_PPO_Dynamic,East-West,1,3.15,6,0.0008,0
3121,RL_PPO_Dynamic,East-West,0,2,4,0,0
3122,RL_PPO_Dynamic,East-West,0,2,6,0,0
3123,RL_PPO_Dynamic,East-West,3,4.12,4,0.0024,0
3124,RL_PPO_Dynamic,East-West,0,2,1,0,0
3125,RL_PPO_Dynamic,East-West,0,2,6,0,0
3126,RL_PPO_Dynamic,East-West,3,4.34,5,0.0024,0
3127,RL_PPO_Dynamic,East-West,1,2,5,0.0008,0
3128,RL_PPO_Dynamic,East-West,0,2,3,0,0
3129,RL_PPO_Dynamic,East-West,0,2,2,0,0
3130,RL_PPO_Dynamic,East-West,0,2,2,0,0
3131,RL_PPO_Dynamic,East-West,1,2.67,6,0.0008,0
3132,RL_PPO_Dynamic,East-West,3,6.44,3,0.0024,0
3133,RL_PPO_Dynamic,East-West,1,2,1,0.0008,0
3134,RL_PPO_Dynamic,East-West,2,4.71,2,0.0016,0
3135,RL_PPO_Dynamic,East-West,0,2,4,0,0
3136,RL_PPO_Dynamic,East-West,1,2,5,0.0008,0
3137,RL_PPO_Dynamic,East-West,0,2,1,0,0
3138,RL_PPO_Dynamic,East-West,1,2,3,0.0008,0
3139,RL_PPO_Dynamic,East-West,0,2,3,0,0
3140,RL_PPO_Dynamic,East-West,0,2,5,0,0
3141,RL_PPO_Dynamic,East-West,0,2,3,0,0
3142,RL_PPO_Dynamic,East-West,2,2.61,4,0.0016,0
3143,RL_PPO_Dynamic,East-West,0,2,4,0,0
3144,RL_PPO_Dynamic,East-West,0,2,6,0,0
3145,RL_PPO_Dynamic,East-West,1,3.04,3,0.0008,0
3146,RL_PPO_Dynamic,East-West,1,2,2,0.0008,0
3147,RL_PPO_Dynamic,East-West,0,2,6,0,0
3148,RL_PPO_Dynamic,East-West,0,2,3,0,0
3149,RL_PPO_Dynamic,East-West,1,2.34,2,0.0008,0
3150,RL_PPO_Dynamic,North-South,0,2,3,0,0
3151,RL_PPO_Dynamic,North-South,0,2,5,0,0
3152,RL_PPO_Dynamic,North-South,0,2,1,0,0
3153,RL_PPO_Dynamic,North-South,0,2,6,0,0
3154,RL_PPO_Dynamic,North-South,1,2,5,0.0008,0
3155,RL_PPO_Dynamic,North-South,1,2,3,0.0008,0
3156,RL_PPO_Dynamic,North-South,0,2,1,0,0
3157,RL_PPO_Dynamic,North-South,0,2,2,0,0
3158,RL_PPO_Dynamic,North-South,2,4.72,6,0.0016,0
3159,RL_PPO_Dynamic,North-South,4,7.6,5,0.0032,0
3160,RL_PPO_Dynamic,North-South,0,2,2,0,0
3161,RL_PPO_Dynamic,North-South,0,2,6,0,0
3162,RL_PPO_Dynamic,North-South,0,2,2,0,0
3163,RL_PPO_Dynamic,North-South,0,2,5,0,0
3164,RL_PPO_Dynamic,North-South,0,2,4,0,0
3165,RL_PPO_Dynamic,North-South,3,6.29,6,0.0024,0
3166,RL_PPO_Dynamic,North-South,1,2,6,0.0008,0
3167,RL_PPO_Dynamic,North-South,0,2,3,0,0
3168,RL_PPO_Dynamic,North-South,1,2.71,5,0.0008,0
3169,RL_PPO_Dynamic,North-South,0,2,2,0,0
3170,RL_PPO_Dynamic,North-South,0,2,6,0,0
3171,RL_PPO_Dynamic,North-South,1,2.32,3,0.0008,0
3172,RL_PPO_Dynamic,North-South,2,3.73,3,0.0016,0
3173,RL_PPO_Dynamic,North-South,0,2,5,0,0
3174,RL_PPO_Dynamic,North-South,0,2,2,0,0
3175,RL_PPO_Dynamic,North-South,0,2,5,0,0
3176,RL_PPO_Dynamic,North-South,2,3.96,2,0.0016,0
3177,RL_PPO_Dynamic,North-South,2,4.23,2,0.0016,0
3178,RL_PPO_Dynamic,North-South,0,2,6,0,0
3179,RL_PPO_Dynamic,North-South,0,2,3,0,0
3180,RL_PPO_Dynamic,North-South,1,2,1,0.0008,0
3181,RL_PPO_Dynamic,North-South,2,3.32,3,0.0016,0
3182,RL_PPO_Dynamic,North-South,1,3.02,1,0.0008,0
3183,RL_PPO_Dynamic,North-South,3,5.38,1,0.0024,0
3184,RL_PPO_Dynamic,North-South,0,2,1,0,0
3185,RL_PPO_Dynamic,North-South,0,2,5,0,0
3186,RL_PPO_Dynamic,North-South,2,3.53,6,0.0016,0
3187,RL_PPO_Dynamic,North-South,1,2,2,0.0008,0
3188,RL_PPO_Dynamic,North-South,2,3.38,6,0.0016,0
3189,RL_PPO_Dynamic,North-South,1,2,2,0.0008,0
3190,RL_PPO_Dynamic,North-South,1,2.22,5,0.0008,0
3191,RL_PPO_Dynamic,North-South,0,2,5,0,0
3192,RL_PPO_Dynamic,North-South,0,2,3,0,0
3193,RL_PPO_Dynamic,North-South,0,2,1,0,0
3194,RL_PPO_Dynamic,North-South,1,2,6,0.0008,0
3195,RL_PPO_Dynamic,East-West,3,4.27,1,0.0024,0
3196,RL_PPO_Dynamic,East-West,2,4.26,5,0.0016,0
3197,RL_PPO_Dynamic,East-West,0,2,5,0,0
3198,RL_PPO_Dynamic,East-West,2,2.67,6,0.0016,0
3199,RL_PPO_Dynamic,East-West,0,2,2,0,0
3200,RL_PPO_Dynamic,East-West,1,2.74,2,0.0008,0
3201,RL_PPO_Dynamic,East-West,0,2,4,0,0
3202,RL_PPO_Dynamic,East-West,0,2,3,0,0
3203,RL_PPO_Dynamic,East-West,0,2,4,0,0
3204,RL_PPO_Dynamic,East-West,1,2,5,0.0008,0
3205,RL_PPO_Dynamic,East-West,1,2,1,0.0008,0
3206,RL_PPO_Dynamic,East-West,0,2,1,0,0
3207,RL_PPO_Dynamic,East-West,0,2,3,0,0
3208,RL_PPO_Dynamic,East-West,0,2,3,0,0
3209,RL_PPO_Dynamic,East-West,1,2,3,0.0008,0
3210,RL_PPO_Dynamic,East-West,1,2,2,0.0008,0
3211,RL_PPO_Dynamic,East-West,2,4.04,2,0.0016,0
3212,RL_PPO_Dynamic,East-West,2,2.59,6,0.0016,0
3213,RL_PPO_Dynamic,East-West,1,2.11,5,0.0008,0
3214,RL_PPO_Dynamic,East-West,0,2,5,0,0
3215,RL_PPO_Dynamic,East-West,3,6.33,6,0.0024,0
3216,RL_PPO_Dynamic,East-West,1,3.2,1,0.0008,0
3217,RL_PPO_Dynamic,East-West,1,2.07,5,0.0008,0
3218,RL_PPO_Dynamic,East-West,1,2.27,6,0.0008,0
3219,RL_PPO_Dynamic,East-West,2,4.07,6,0.0016,0
3220,RL_PPO_Dynamic,East-West,1,2,3,0.0008,0
3221,RL_PPO_Dynamic,East-West,2,3.82,3,0.0016,0
3222,RL_PPO_Dynamic,East-West,0,2,5,0,0
3223,RL_PPO_Dynamic,East-West,2,4.76,3,0.0016,0
3224,RL_PPO_Dynamic,East-West,3,4.03,1,0.0024,0
3225,RL_PPO_Dynamic,East-West,0,2,6,0,0
3226,RL_PPO_Dynamic,East-West,0,2,3,0,0
3227,RL_PPO_Dynamic,East-West,2,4.69,6,0.0016,0
3228,RL_PPO_Dynamic,East-West,4,7.15,2,0.0032,0
3229,RL_PPO_Dynamic,East-West,2,4.33,5,0.0016,0
3230,RL_PPO_Dynamic,East-West,3,5.97,1,0.0024,0
3231,RL_PPO_Dynamic,East-West,0,2,3,0,0
3232,RL_PPO_Dynamic,East-West,0,2,6,0,0
3233,RL_PPO_Dynamic,East-West,1,2,3,0.0008,0
3234,RL_PPO_Dynamic,East-West,2,3.52,5,0.0016,0
3235,RL_PPO_Dynamic,East-West,1,2,1,0.0008,0
3236,RL_PPO_Dynamic,East-West,3,4.74,2,0.0024,0
3237,RL_PPO_Dynamic,East-West,2,4.38,6,0.0016,0
3238,RL_PPO_Dynamic,East-West,1,2.85,6,0.0008,0
3239,RL_PPO_Dynamic,East-West,2,4.91,1,0.0016,0
3240,RL_PPO_Dynamic,North-South,1,2.92,2,0.0008,0
3241,RL_PPO_Dynamic,North-South,2,3.9,6,0.0016,0
3242,RL_PPO_Dynamic,North-South,0,2,4,0,0
3243,RL_PPO_Dynamic,North-South,2,3.98,2,0.0016,0
3244,RL_PPO_Dynamic,North-South,1,2,6,0.0008,0
3245,RL_PPO_Dynamic,North-South,1,2,1,0.0008,0
3246,RL_PPO_Dynamic,North-South,4,6.39,2,0.0032,0
3247,RL_PPO_Dynamic,North-South,2,4.15,4,0.0016,0
3248,RL_PPO_Dynamic,North-South,0,2,5,0,0
3249,RL_PPO_Dynamic,North-South,2,2.81,2,0.0016,0
3250,RL_PPO_Dynamic,North-South,0,2,1,0,0
3251,RL_PPO_Dynamic,North-South,2,2.95,1,0.0016,0
3252,RL_PPO_Dynamic,North-South,1,3.09,2,0.0008,0
3253,RL_PPO_Dynamic,North-South,2,3.96,4,0.0016,0
3254,RL_PPO_Dynamic,North-South,1,2,1,0.0008,0
3255,RL_PPO_Dynamic,North-South,2,3.92,4,0.0016,0
3256,RL_PPO_Dynamic,North-South,0,2,2,0,0
3257,RL_PPO_Dynamic,North-South,1,3.2,6,0.0008,0
3258,RL_PPO_Dynamic,North-South,0,2,6,0,0
3259,RL_PPO_Dynamic,North-South,3,5.37,1,0.0024,0
3260,RL_PPO_Dynamic,North-South,1,2,5,0.0008,0
3261,RL_PPO_Dynamic,North-South,0,2,6,0,0
3262,RL_PPO_Dynamic,North-South,4,7.64,3,0.0032,0
3263,RL_PPO_Dynamic,North-South,2,3.69,3,0.0016,0
3264,RL_PPO_Dynamic,North-South,4,8,6,0.0032,0
3265,RL_PPO_Dynamic,North-South,1,2,6,0.0008,0
3266,RL_PPO_Dynamic,North-South,3,5.06,1,0.0024,0
3267,RL_PPO_Dynamic,North-South,0,2,2,0,0
3268,RL_PPO_Dynamic,North-South,3,3.82,3,0.0024,0
3269,RL_PPO_Dynamic,North-South,4,7.57,3,0.0032,0
3270,RL_PPO_Dynamic,North-South,4,5.07,6,0.0032,0
3271,RL_PPO_Dynamic,North-South,0,2,1,0,0
3272,RL_PPO_Dynamic,North-South,0,2,6,0,0
3273,RL_PPO_Dynamic,North-South,5,7.72,1,0.004,0
3274,RL_PPO_Dynamic,North-South,3,5.11,2,0.0024,0
3275,RL_PPO_Dynamic,North-South,1,2,1,0.0008,0
3276,RL_PPO_Dynamic,North-South,0,2,3,0,0
3277,RL_PPO_Dynamic,North-South,3,4.44,4,0.0024,0
3278,RL_PPO_Dynamic,North-South,0,2,1,0,0
3279,RL_PPO_Dynamic,North-South,2,4.01,4,0.0016,0
3280,RL_PPO_Dynamic,North-South,1,2,5,0.0008,0
3281,RL_PPO_Dynamic,North-South,2,3.76,5,0.0016,0
3282,RL_PPO_Dynamic,North-South,1,2,4,0.0008,0
3283,RL_PPO_Dynamic,North-South,2,2.74,3,0.0016,0
3284,RL_PPO_Dynamic,North-South,0,2,6,0,0
3285,RL_PPO_Dynamic,East-West,3,4.84,5,0.0024,0
3286,RL_PPO_Dynamic,East-West,4,7.63,4,0.0032,0
3287,RL_PPO_Dynamic,East-West,2,2.02,5,0.0016,0
3288,RL_PPO_Dynamic,East-West,6,9.43,6,0.0048,0
3289,RL_PPO_Dynamic,East-West,3,4.45,3,0.0024,0
3290,RL_PPO_Dynamic,East-West,3,3.68,3,0.0024,0
3291,RL_PPO_Dynamic,East-West,4,5.1,5,0.0032,0
3292,RL_PPO_Dynamic,East-West,5,8.69,6,0.004,0
3293,RL_PPO_Dynamic,East-West,0,2,2,0,0
3294,RL_PPO_Dynamic,East-West,3,5.25,6,0.0024,0
3295,RL_PPO_Dynamic,East-West,6,9.98,6,0.0048,0
3296,RL_PPO_Dynamic,East-West,3,6.3,3,0.0024,0
3297,RL_PPO_Dynamic,East-West,0,2,3,0,0
3298,RL_PPO_Dynamic,East-West,0,2,5,0,0
3299,RL_PPO_Dynamic,East-West,4,7.83,1,0.0032,0
3300,RL_PPO_Dynamic,East-West,0,2,4,0,0
3301,RL_PPO_Dynamic,East-West,3,4.25,3,0.0024,0
3302,RL_PPO_Dynamic,East-West,0,2,6,0,0
3303,RL_PPO_Dynamic,East-West,4,7.36,1,0.0032,0
3304,RL_PPO_Dynamic,East-West,5,8.51,5,0.004,0
3305,RL_PPO_Dynamic,East-West,1,3.19,6,0.0008,0
3306,RL_PPO_Dynamic,East-West,0,2,1,0,0
3307,RL_PPO_Dynamic,East-West,1,2.04,3,0.0008,0
3308,RL_PPO_Dynamic,East-West,3,4.05,1,0.0024,0
3309,RL_PPO_Dynamic,East-West,1,3.03,6,0.0008,0
3310,RL_PPO_Dynamic,East-West,3,5.7,5,0.0024,0
3311,RL_PPO_Dynamic,East-West,0,2,4,0,0
3312,RL_PPO_Dynamic,East-West,1,2,1,0.0008,0
3313,RL_PPO_Dynamic,East-West,7,10.93,4,0.0056,0
3314,RL_PPO_Dynamic,East-West,4,7.68,3,0.0032,0
3315,RL_PPO_Dynamic,East-West,1,3.02,6,0.0008,0
3316,RL_PPO_Dynamic,East-West,2,2.18,6,0.0016,0
3317,RL_PPO_Dynamic,East-West,3,4.51,4,0.0024,0
3318,RL_PPO_Dynamic,East-West,0,2,4,0,0
3319,RL_PPO_Dynamic,East-West,1,2,1,0.0008,0
3320,RL_PPO_Dynamic,East-West,2,4.05,1,0.0016,0
3321,RL_PPO_Dynamic,East-West,1,2,6,0.0008,0
3322,RL_PPO_Dynamic,East-West,4,6.81,5,0.0032,0
3323,RL_PPO_Dynamic,East-West,4,7.3,3,0.0032,0
3324,RL_PPO_Dynamic,East-West,3,4.43,1,0.0024,0
3325,RL_PPO_Dynamic,East-West,3,6.09,6,0.0024,0
3326,RL_PPO_Dynamic,East-West,1,2.41,1,0.0008,0
3327,RL_PPO_Dynamic,East-West,5,7.54,1,0.004,0
3328,RL_PPO_Dynamic,East-West,2,2.59,5,0.0016,0
3329,RL_PPO_Dynamic,East-West,5,8.35,6,0.004,0
3330,RL_PPO_Dynamic,North-South,3,5.36,4,0.0024,0
3331,RL_PPO_Dynamic,North-South,2,2.15,1,0.0016,0
3332,RL_PPO_Dynamic,North-South,2,3.54,5,0.0016,0
3333,RL_PPO_Dynamic,North-South,2,3.82,3,0.0016,0
3334,RL_PPO_Dynamic,North-South,6,9.82,1,0.0048,0
3335,RL_PPO_Dynamic,North-South,2,4.46,4,0.0016,0
3336,RL_PPO_Dynamic,North-South,4,6.74,3,0.0032,0
3337,RL_PPO_Dynamic,North-South,1,2,4,0.0008,0
3338,RL_PPO_Dynamic,North-South,2,4.63,3,0.0016,0
3339,RL_PPO_Dynamic,North-South,4,7.5,5,0.0032,0
3340,RL_PPO_Dynamic,North-South,0,2,4,0,0
3341,RL_PPO_Dynamic,North-South,1,3.12,2,0.0008,0
3342,RL_PPO_Dynamic,North-South,2,4.2,4,0.0016,0
3343,RL_PPO_Dynamic,North-South,3,5.36,1,0.0024,0
3344,RL_PPO_Dynamic,North-South,2,4.85,6,0.0016,0
3345,RL_PPO_Dynamic,North-South,2,2.13,2,0.0016,0
3346,RL_PPO_Dynamic,North-South,2,4.61,5,0.0016,0
3347,RL_PPO_Dynamic,North-South,0,2,3,0,0
3348,RL_PPO_Dynamic,North-South,2,2.05,5,0.0016,0
3349,RL_PPO_Dynamic,North-South,3,4.11,6,0.0024,0
3350,RL_PPO_Dynamic,North-South,1,2.45,5,0.0008,0
3351,RL_PPO_Dynamic,North-South,2,4.42,3,0.0016,0
3352,RL_PPO_Dynamic,North-South,0,2,4,0,0
3353,RL_PPO_Dynamic,North-South,3,6.39,5,0.0024,0
3354,RL_PPO_Dynamic,North-South,2,2.59,6,0.0016,0
3355,RL_PPO_Dynamic,North-South,3,5.88,2,0.0024,0
3356,RL_PPO_Dynamic,North-South,3,5.18,4,0.0024,0
3357,RL_PPO_Dynamic,North-South,3,6.23,4,0.0024,0
3358,RL_PPO_Dynamic,North-South,2,4.85,2,0.0016,0
3359,RL_PPO_Dynamic,North-South,3,3.76,3,0.0024,0
3360,RL_PPO_Dynamic,North-South,4,6.8,1,0.0032,0
3361,RL_PPO_Dynamic,North-South,0,2,5,0,0
3362,RL_PPO_Dynamic,North-South,4,7.4,6,0.0032,0
3363,RL_PPO_Dynamic,North-South,3,4.74,2,0.0024,0
3364,RL_PPO_Dynamic,North-South,0,2,3,0,0
3365,RL_PPO_Dynamic,North-South,5,7.01,4,0.004,0
3366,RL_PPO_Dynamic,North-South,2,4.75,3,0.0016,0
3367,RL_PPO_Dynamic,North-South,5,9.35,2,0.004,0
3368,RL_PPO_Dynamic,North-South,2,4.65,3,0.0016,0
3369,RL_PPO_Dynamic,North-South,3,4.19,3,0.0024,0
3370,RL_PPO_Dynamic,North-South,3,4.93,2,0.0024,0
3371,RL_PPO_Dynamic,North-South,4,6,4,0.0032,0
3372,RL_PPO_Dynamic,North-South,4,6.67,4,0.0032,0
3373,RL_PPO_Dynamic,North-South,3,5.83,4,0.0024,0
3374,RL_PPO_Dynamic,North-South,3,4.59,1,0.0024,0
3375,RL_PPO_Dynamic,East-West,4,6.98,2,0.0032,0
3376,RL_PPO_Dynamic,East-West,3,3.61,2,0.0024,0
3377,RL_PPO_Dynamic,East-West,1,2,1,0.0008,0
3378,RL_PPO_Dynamic,East-West,2,2.87,3,0.0016,0
3379,RL_PPO_Dynamic,East-West,1,3.29,5,0.0008,0
3380,RL_PPO_Dynamic,East-West,3,4.13,1,0.0024,0
3381,RL_PPO_Dynamic,East-West,5,8.44,5,0.004,0
3382,RL_PPO_Dynamic,East-West,5,6.74,4,0.004,0
3383,RL_PPO_Dynamic,East-West,6,8.06,6,0.0048,0
3384,RL_PPO_Dynamic,East-West,2,2.97,1,0.0016,0
3385,RL_PPO_Dynamic,East-West,4,7.08,6,0.0032,0
3386,RL_PPO_Dynamic,East-West,5,7.94,6,0.004,0
3387,RL_PPO_Dynamic,East-West,5,8.72,2,0.004,0
3388,RL_PPO_Dynamic,East-West,5,6.53,2,0.004,0
3389,RL_PPO_Dynamic,East-West,3,6.24,3,0.0024,0
3390,RL_PPO_Dynamic,East-West,3,4.3,4,0.0024,0
3391,RL_PPO_Dynamic,East-West,2,3.44,4,0.0016,0
3392,RL_PPO_Dynamic,East-West,5,8.27,3,0.004,0
3393,RL_PPO_Dynamic,East-West,6,8.88,2,0.0048,0
3394,RL_PPO_Dynamic,East-West,3,5.04,3,0.0024,0
3395,RL_PPO_Dynamic,East-West,2,2.04,3,0.0016,0
3396,RL_PPO_Dynamic,East-West,7,10.52,1,0.0056,0
3397,RL_PPO_Dynamic,East-West,2,2.26,1,0.0016,0
3398,RL_PPO_Dynamic,East-West,6,9.17,6,0.0048,0
3399,RL_PPO_Dynamic,East-West,6,9.38,5,0.0048,0
3400,RL_PPO_Dynamic,East-West,3,3.55,1,0.0024,0
3401,RL_PPO_Dynamic,East-West,3,3.76,1,0.0024,0
3402,RL_PPO_Dynamic,East-West,0,2,4,0,0
3403,RL_PPO_Dynamic,East-West,4,5.2,5,0.0032,0
3404,RL_PPO_Dynamic,East-West,3,6.41,1,0.0024,0
3405,RL_PPO_Dynamic,East-West,2,3.38,3,0.0016,0
3406,RL_PPO_Dynamic,East-West,3,5.51,4,0.0024,0
3407,RL_PPO_Dynamic,East-West,4,7.89,4,0.0032,0
3408,RL_PPO_Dynamic,East-West,6,9.57,5,0.0048,0
3409,RL_PPO_Dynamic,East-West,4,7.76,5,0.0032,0
3410,RL_PPO_Dynamic,East-West,4,7.99,4,0.0032,0
3411,RL_PPO_Dynamic,East-West,2,4.71,4,0.0016,0
3412,RL_PPO_Dynamic,East-West,4,6.08,1,0.0032,0
3413,RL_PPO_Dynamic,East-West,5,6.78,1,0.004,0
3414,RL_PPO_Dynamic,East-West,6,9.43,1,0.0048,0
3415,RL_PPO_Dynamic,East-West,5,6.9,3,0.004,0
3416,RL_PPO_Dynamic,East-West,1,3.13,5,0.0008,0
3417,RL_PPO_Dynamic,East-West,5,8.09,5,0.004,0
3418,RL_PPO_Dynamic,East-West,6,8.74,4,0.0048,0
3419,RL_PPO_Dynamic,East-West,2,3.89,4,0.0016,0
3420,RL_PPO_Dynamic,North-South,2,4.15,5,0.0016,0
3421,RL_PPO_Dynamic,North-South,4,6.79,2,0.0032,0
3422,RL_PPO_Dynamic,North-South,4,7.04,2,0.0032,0
3423,RL_PPO_Dynamic,North-South,3,4.63,4,0.0024,0
3424,RL_PPO_Dynamic,North-South,5,7.36,2,0.004,0
3425,RL_PPO_Dynamic,North-South,3,5.3,4,0.0024,0
3426,RL_PPO_Dynamic,North-South,1,2.63,5,0.0008,0
3427,RL_PPO_Dynamic,North-South,5,8.95,3,0.004,0
3428,RL_PPO_Dynamic,North-South,5,6.53,1,0.004,0
3429,RL_PPO_Dynamic,North-South,2,3.44,3,0.0016,0
3430,RL_PPO_Dynamic,North-South,3,3.96,1,0.0024,0
3431,RL_PPO_Dynamic,North-South,4,7.65,4,0.0032,0
3432,RL_PPO_Dynamic,North-South,3,6.34,2,0.0024,0
3433,RL_PPO_Dynamic,North-South,5,6.53,3,0.004,0
3434,RL_PPO_Dynamic,North-South,3,4.12,4,0.0024,0
3435,RL_PPO_Dynamic,North-South,4,6.33,6,0.0032,0
3436,RL_PPO_Dynamic,North-South,1,3.1,4,0.0008,0
3437,RL_PPO_Dynamic,North-South,7,10.13,3,0.0056,0
3438,RL_PPO_Dynamic,North-South,3,4.01,4,0.0024,0
3439,RL_PPO_Dynamic,North-South,5,8.35,5,0.004,0
3440,RL_PPO_Dynamic,North-South,6,8.88,5,0.0048,0
3441,RL_PPO_Dynamic,North-South,6,9.78,2,0.0048,0
3442,RL_PPO_Dynamic,North-South,6,8.06,6,0.0048,0
3443,RL_PPO_Dynamic,North-South,3,4.61,3,0.0024,0
3444,RL_PPO_Dynamic,North-South,2,2.75,4,0.0016,0
3445,RL_PPO_Dynamic,North-South,3,5.96,3,0.0024,0
3446,RL_PPO_Dynamic,North-South,4,6.25,4,0.0032,0
3447,RL_PPO_Dynamic,North-South,4,5.62,5,0.0032,0
3448,RL_PPO_Dynamic,North-South,6,10.35,3,0.0048,0
3449,RL_PPO_Dynamic,North-South,5,8.08,1,0.004,0
3450,RL_PPO_Dynamic,North-South,6,8.01,4,0.0048,0
3451,RL_PPO_Dynamic,North-South,4,6.6,6,0.0032,0
3452,RL_PPO_Dynamic,North-South,3,6.25,1,0.0024,0
3453,RL_PPO_Dynamic,North-South,1,2,3,0.0008,0
3454,RL_PPO_Dynamic,North-South,6,8.25,1,0.0048,0
3455,RL_PPO_Dynamic,North-South,4,7.84,2,0.0032,0
3456,RL_PPO_Dynamic,North-South,4,7.83,2,0.0032,0
3457,RL_PPO_Dynamic,North-South,7,11.43,3,0.0056,0
3458,RL_PPO_Dynamic,North-South,4,7.84,1,0.0032,0
3459,RL_PPO_Dynamic,North-South,6,9.13,6,0.0048,0
3460,RL_PPO_Dynamic,North-South,3,4.79,3,0.0024,0
3461,RL_PPO_Dynamic,North-South,4,5.57,5,0.0032,0
3462,RL_PPO_Dynamic,North-South,7,10,6,0.0056,0
3463,RL_PPO_Dynamic,North-South,3,4.16,6,0.0024,0
3464,RL_PPO_Dynamic,North-South,6,10.3,2,0.0048,0
3465,RL_PPO_Dynamic,East-West,4,7.92,6,0.0032,0
3466,RL_PPO_Dynamic,East-West,7,11,1,0.0056,0
3467,RL_PPO_Dynamic,East-West,4,5.16,2,0.0032,0
3468,RL_PPO_Dynamic,East-West,4,6.89,3,0.0032,0
3469,RL_PPO_Dynamic,East-West,4,5.5,6,0.0032,0
3470,RL_PPO_Dynamic,East-West,6,9.12,5,0.0048,0
3471,RL_PPO_Dynamic,East-West,9,13.08,1,0.0072,0
3472,RL_PPO_Dynamic,East-West,8,11.77,6,0.0064,0
3473,RL_PPO_Dynamic,East-West,8,13.38,6,0.0064,0
3474,RL_PPO_Dynamic,East-West,3,5.94,6,0.0024,0
3475,RL_PPO_Dynamic,East-West,4,5.22,3,0.0032,0
3476,RL_PPO_Dynamic,East-West,5,8.34,1,0.004,0
3477,RL_PPO_Dynamic,East-West,4,7.12,6,0.0032,0
3478,RL_PPO_Dynamic,East-West,5,8.62,4,0.004,0
3479,RL_PPO_Dynamic,East-West,5,7.11,3,0.004,0
3480,RL_PPO_Dynamic,East-West,4,7.99,2,0.0032,0
3481,RL_PPO_Dynamic,East-West,5,9.35,6,0.004,0
3482,RL_PPO_Dynamic,East-West,7,9.99,5,0.0056,0
3483,RL_PPO_Dynamic,East-West,7,12.45,5,0.0056,0
3484,RL_PPO_Dynamic,East-West,4,6.72,2,0.0032,0
3485,RL_PPO_Dynamic,East-West,4,7.57,3,0.0032,0
3486,RL_PPO_Dynamic,East-West,5,6.64,2,0.004,0
3487,RL_PPO_Dynamic,East-West,6,10.86,3,0.0048,0
3488,RL_PPO_Dynamic,East-West,5,6.96,2,0.004,0
3489,RL_PPO_Dynamic,East-West,4,6.32,5,0.0032,0
3490,RL_PPO_Dynamic,East-West,5,7.35,3,0.004,0
3491,RL_PPO_Dynamic,East-West,4,6.66,3,0.0032,0
3492,RL_PPO_Dynamic,East-West,6,9.11,1,0.0048,0
3493,RL_PPO_Dynamic,East-West,7,12.34,5,0.0056,0
3494,RL_PPO_Dynamic,East-West,3,5.97,4,0.0024,0
3495,RL_PPO_Dynamic,East-West,4,7.34,2,0.0032,0
3496,RL_PPO_Dynamic,East-West,5,9.17,1,0.004,0
3497,RL_PPO_Dynamic,East-West,3,4.08,5,0.0024,0
3498,RL_PPO_Dynamic,East-West,3,4.22,3,0.0024,0
3499,RL_PPO_Dynamic,East-West,5,8.34,5,0.004,0
3500,RL_PPO_Dynamic,East-West,6,9.65,5,0.0048,0
3501,RL_PPO_Dynamic,East-West,5,7.23,5,0.004,0
3502,RL_PPO_Dynamic,East-West,7,9.59,4,0.0056,0
3503,RL_PPO_Dynamic,East-West,5,7.61,6,0.004,0
3504,RL_PPO_Dynamic,East-West,4,7.91,3,0.0032,0
3505,RL_PPO_Dynamic,East-West,3,4.5,4,0.0024,0
3506,RL_PPO_Dynamic,East-West,4,5.87,3,0.0032,0
3507,RL_PPO_Dynamic,East-West,6,9.54,6,0.0048,0
3508,RL_PPO_Dynamic,East-West,4,7.77,4,0.0032,0
3509,RL_PPO_Dynamic,East-West,7,10.4,4,0.0056,0
3510,RL_PPO_Dynamic,North-South,6,10.7,1,0.0048,0
3511,RL_PPO_Dynamic,North-South,5,7.17,5,0.004,0
3512,RL_PPO_Dynamic,North-South,4,6.3,4,0.0032,0
3513,RL_PPO_Dynamic,North-South,3,4.21,4,0.0024,0
3514,RL_PPO_Dynamic,North-South,4,7.85,6,0.0032,0
3515,RL_PPO_Dynamic,North-South,3,3.51,4,0.0024,0
3516,RL_PPO_Dynamic,North-South,1,3.17,3,0.0008,0
3517,RL_PPO_Dynamic,North-South,3,4.53,5,0.0024,0
3518,RL_PPO_Dynamic,North-South,7,9.83,4,0.0056,0
3519,RL_PPO_Dynamic,North-South,5,8.14,2,0.004,0
3520,RL_PPO_Dynamic,North-South,6,9.33,6,0.0048,0
3521,RL_PPO_Dynamic,North-South,6,8.46,5,0.0048,0
3522,RL_PPO_Dynamic,North-South,4,6.35,4,0.0032,0
3523,RL_PPO_Dynamic,North-South,6,9.53,4,0.0048,0
3524,RL_PPO_Dynamic,North-South,2,2.25,5,0.0016,0
3525,RL_PPO_Dynamic,North-South,7,10.19,3,0.0056,0
3526,RL_PPO_Dynamic,North-South,6,10.49,6,0.0048,0
3527,RL_PPO_Dynamic,North-South,6,8.25,1,0.0048,0
3528,RL_PPO_Dynamic,North-South,4,5.64,1,0.0032,0
3529,RL_PPO_Dynamic,North-South,6,10.6,5,0.0048,0
3530,RL_PPO_Dynamic,North-South,9,12.76,6,0.0072,0
3531,RL_PPO_Dynamic,North-South,6,8.02,2,0.0048,0
3532,RL_PPO_Dynamic,North-South,4,5.64,2,0.0032,0
3533,RL_PPO_Dynamic,North-South,6,9.79,1,0.0048,0
3534,RL_PPO_Dynamic,North-South,7,12.36,4,0.0056,0
3535,RL_PPO_Dynamic,North-South,5,7.55,3,0.004,0
3536,RL_PPO_Dynamic,North-South,6,10.33,4,0.0048,0
3537,RL_PPO_Dynamic,North-South,2,4.6,5,0.0016,0
3538,RL_PPO_Dynamic,North-South,6,9,2,0.0048,0
3539,RL_PPO_Dynamic,North-South,5,9,3,0.004,0
3540,RL_PPO_Dynamic,North-South,5,7.19,4,0.004,0
3541,RL_PPO_Dynamic,North-South,8,12.81,4,0.0064,0
3542,RL_PPO_Dynamic,North-South,5,7.99,4,0.004,0
3543,RL_PPO_Dynamic,North-South,3,5.92,6,0.0024,0
3544,RL_PPO_Dynamic,North-South,6,9.52,1,0.0048,0
3545,RL_PPO_Dynamic,North-South,7,10.73,2,0.0056,0
3546,RL_PPO_Dynamic,North-South,6,10.31,5,0.0048,0
3547,RL_PPO_Dynamic,North-South,7,11.98,1,0.0056,0
3548,RL_PPO_Dynamic,North-South,5,9.23,5,0.004,0
3549,RL_PPO_Dynamic,North-South,5,7.28,6,0.004,0
3550,RL_PPO_Dynamic,North-South,5,7.25,6,0.004,0
3551,RL_PPO_Dynamic,North-South,7,11.73,2,0.0056,0
3552,RL_PPO_Dynamic,North-South,6,10.78,4,0.0048,0
3553,RL_PPO_Dynamic,North-South,4,6.86,5,0.0032,0
3554,RL_PPO_Dynamic,North-South,5,6.56,5,0.004,0
3555,RL_PPO_Dynamic,East-West,5,7,4,0.004,0
3556,RL_PPO_Dynamic,East-West,4,6.06,1,0.0032,0
3557,RL_PPO_Dynamic,East-West,7,11.45,6,0.0056,0
3558,RL_PPO_Dynamic,East-West,7,9.81,2,0.0056,0
3559,RL_PPO_Dynamic,East-West,5,8.53,1,0.004,0
3560,RL_PPO_Dynamic,East-West,3,4.22,2,0.0024,0
3561,RL_PPO_Dynamic,East-West,7,11,6,0.0056,0
3562,RL_PPO_Dynamic,East-West,6,9.86,3,0.0048,0
3563,RL_PPO_Dynamic,East-West,6,9.63,3,0.0048,0
3564,RL_PPO_Dynamic,East-West,7,10.83,4,0.0056,0
3565,RL_PPO_Dynamic,East-West,8,11.86,6,0.0064,0
3566,RL_PPO_Dynamic,East-West,3,4.03,3,0.0024,0
3567,RL_PPO_Dynamic,East-West,6,9.18,1,0.0048,0
3568,RL_PPO_Dynamic,East-West,6,9.8,1,0.0048,0
3569,RL_PPO_Dynamic,East-West,8,12.46,1,0.0064,0
3570,RL_PPO_Dynamic,East-West,7,9.88,3,0.0056,0
3571,RL_PPO_Dynamic,East-West,7,11.18,4,0.0056,0
3572,RL_PPO_Dynamic,East-West,5,8.27,4,0.004,0
3573,RL_PPO_Dynamic,East-West,3,4.47,4,0.0024,0
3574,RL_PPO_Dynamic,East-West,5,7.32,5,0.004,0
3575,RL_PPO_Dynamic,East-West,4,5.78,5,0.0032,0
3576,RL_PPO_Dynamic,East-West,4,6.9,1,0.0032,0
3577,RL_PPO_Dynamic,East-West,6,8.77,5,0.0048,0
3578,RL_PPO_Dynamic,East-West,3,5.88,4,0.0024,0
3579,RL_PPO_Dynamic,East-West,7,12.15,3,0.0056,0
3580,RL_PPO_Dynamic,East-West,8,13.33,5,0.0064,0
3581,RL_PPO_Dynamic,East-West,7,12.23,6,0.0056,0
3582,RL_PPO_Dynamic,East-West,5,7.91,4,0.004,0
3583,RL_PPO_Dynamic,East-West,8,13.99,3,0.0064,0
3584,RL_PPO_Dynamic,East-West,6,9.02,3,0.0048,0
3585,RL_PPO_Dynamic,East-West,6,9.85,6,0.0048,0
3586,RL_PPO_Dynamic,East-West,6,9.07,1,0.0048,0
3587,RL_PPO_Dynamic,East-West,6,10.46,6,0.0048,0
3588,RL_PPO_Dynamic,East-West,7,11.02,2,0.0056,0
3589,RL_PPO_Dynamic,East-West,4,6.46,6,0.0032,0
3590,RL_PPO_Dynamic,East-West,5,8.78,5,0.004,0
3591,RL_PPO_Dynamic,East-West,7,12.29,3,0.0056,0
3592,RL_PPO_Dynamic,East-West,8,13.58,3,0.0064,0
3593,RL_PPO_Dynamic,East-West,6,8.87,3,0.0048,0
3594,RL_PPO_Dynamic,East-West,7,10.52,5,0.0056,0
3595,RL_PPO_Dynamic,East-West,3,3.6,3,0.0024,0
3596,RL_PPO_Dynamic,East-West,7,10.57,1,0.0056,0
3597,RL_PPO_Dynamic,East-West,6,8.06,2,0.0048,0
3598,RL_PPO_Dynamic,East-West,7,11.82,6,0.0056,0
3599,RL_PPO_Dynamic,East-West,7,11.04,6,0.0056,0
3600,RL_PPO_Dynamic,North-South,7,10.46,3,0.0056,0
