detection_id,timestamp,camera_id,frame_id,vehicle_class,confidence_score,bbox_area_pixels,lane_id,estimated_speed_kmh,is_emergency_vehicle
1001,2026-08-06 18:55:03,CAM_JUNCTION_01,1,Motorcycle,0.889,1617,Northbound_Lane1,50.4,0
1002,2026-08-06 18:55:03,CAM_JUNCTION_01,1,Car,0.789,8715,Westbound_Lane1,41.6,0
1003,2026-08-06 18:55:03,CAM_JUNCTION_01,1,Car,0.892,13374,Westbound_Lane1,3.2,0
1004,2026-08-06 18:55:04,CAM_JUNCTION_01,2,Car,0.808,15064,Northbound_Lane2,2.8,0
1005,2026-08-06 18:55:04,CAM_JUNCTION_01,2,Car,0.896,3064,Eastbound_Lane1,48.0,0
1006,2026-08-06 18:55:04,CAM_JUNCTION_01,2,Motorcycle,0.789,16833,Northbound_Lane2,20.5,0
1007,2026-08-06 18:55:04,CAM_JUNCTION_01,3,Car,0.811,10138,Southbound_Lane1,1.4,0
1008,2026-08-06 18:55:04,CAM_JUNCTION_01,3,Car,0.92,14389,Westbound_Lane1,47.5,0
1009,2026-08-06 18:55:04,CAM_JUNCTION_01,3,Car,0.881,13601,Eastbound_Lane1,13.3,0
1010,2026-08-06 18:55:04,CAM_JUNCTION_01,3,Car,0.967,4532,Eastbound_Lane1,50.8,0
1011,2026-08-06 18:55:04,CAM_JUNCTION_01,3,Motorcycle,0.905,9880,Westbound_Lane1,29.8,0
1012,2026-08-06 18:55:04,CAM_JUNCTION_01,3,Rickshaw,0.928,10733,Westbound_Lane1,26.3,0
1013,2026-08-06 18:55:05,CAM_JUNCTION_01,4,Car,0.862,17692,Westbound_Lane1,54.6,0
1014,2026-08-06 18:55:05,CAM_JUNCTION_01,4,Car,0.872,16784,Westbound_Lane1,31.8,0
1015,2026-08-06 18:55:05,CAM_JUNCTION_01,4,Car,0.883,8488,Eastbound_Lane1,53.3,0
1016,2026-08-06 18:55:05,CAM_JUNCTION_01,4,Truck,0.822,11418,Southbound_Lane1,1.8,0
1017,2026-08-06 18:55:05,CAM_JUNCTION_01,4,Car,0.96,11686,Northbound_Lane2,48.5,0
1018,2026-08-06 18:55:05,CAM_JUNCTION_01,5,Car,0.937,11558,Southbound_Lane1,20.3,0
1019,2026-08-06 18:55:05,CAM_JUNCTION_01,5,Car,0.82,8785,Northbound_Lane2,8.4,0
1020,2026-08-06 18:55:05,CAM_JUNCTION_01,5,Bus,0.83,11163,Southbound_Lane1,32.9,0
1021,2026-08-06 18:55:05,CAM_JUNCTION_01,5,Truck,0.971,16803,Eastbound_Lane1,48.5,0
1022,2026-08-06 18:55:05,CAM_JUNCTION_01,5,Car,0.876,2126,Northbound_Lane1,42.3,0
1023,2026-08-06 18:55:06,CAM_JUNCTION_01,6,Rickshaw,0.812,1362,Northbound_Lane1,32.2,0
1024,2026-08-06 18:55:06,CAM_JUNCTION_01,6,Car,0.955,9118,Eastbound_Lane1,4.5,0
1025,2026-08-06 18:55:06,CAM_JUNCTION_01,6,Car,0.803,14531,Northbound_Lane2,52.7,0
1026,2026-08-06 18:55:06,CAM_JUNCTION_01,6,Car,0.804,9687,Eastbound_Lane1,48.8,0
1027,2026-08-06 18:55:06,CAM_JUNCTION_01,7,Car,0.945,2734,Eastbound_Lane1,21.9,0
1028,2026-08-06 18:55:06,CAM_JUNCTION_01,7,Car,0.973,13511,Southbound_Lane1,20.3,0
1029,2026-08-06 18:55:06,CAM_JUNCTION_01,7,Car,0.861,4085,Westbound_Lane1,15.1,0
1030,2026-08-06 18:55:07,CAM_JUNCTION_01,8,Car,0.784,11097,Southbound_Lane1,22.3,0
1031,2026-08-06 18:55:07,CAM_JUNCTION_01,8,Car,0.97,14736,Westbound_Lane1,3.8,0
1032,2026-08-06 18:55:07,CAM_JUNCTION_01,8,Car,0.935,17004,Southbound_Lane1,14.3,0
1033,2026-08-06 18:55:07,CAM_JUNCTION_01,9,Car,0.973,11336,Eastbound_Lane1,34.5,0
1034,2026-08-06 18:55:07,CAM_JUNCTION_01,9,Car,0.787,5915,Southbound_Lane1,52.6,0
1035,2026-08-06 18:55:07,CAM_JUNCTION_01,9,Car,0.825,6664,Southbound_Lane1,24.0,0
1036,2026-08-06 18:55:07,CAM_JUNCTION_01,9,Car,0.956,9497,Northbound_Lane2,15.2,0
1037,2026-08-06 18:55:07,CAM_JUNCTION_01,9,Car,0.876,10459,Northbound_Lane2,0.2,0
1038,2026-08-06 18:55:08,CAM_JUNCTION_01,10,Car,0.784,11067,Eastbound_Lane1,11.8,0
1039,2026-08-06 18:55:08,CAM_JUNCTION_01,10,Car,0.885,14514,Eastbound_Lane1,23.9,0
1040,2026-08-06 18:55:08,CAM_JUNCTION_01,10,Car,0.873,10501,Northbound_Lane1,24.1,0
1041,2026-08-06 18:55:08,CAM_JUNCTION_01,10,Car,0.877,5170,Westbound_Lane1,28.9,0
1042,2026-08-06 18:55:08,CAM_JUNCTION_01,11,Car,0.852,9041,Westbound_Lane1,46.3,0
1043,2026-08-06 18:55:08,CAM_JUNCTION_01,11,Motorcycle,0.793,16487,Eastbound_Lane1,42.3,0
1044,2026-08-06 18:55:08,CAM_JUNCTION_01,11,Truck,0.866,5911,Southbound_Lane1,31.7,0
1045,2026-08-06 18:55:08,CAM_JUNCTION_01,11,Car,0.884,3342,Eastbound_Lane1,20.5,0
1046,2026-08-06 18:55:09,CAM_JUNCTION_01,12,Car,0.869,3875,Southbound_Lane1,19.2,0
1047,2026-08-06 18:55:09,CAM_JUNCTION_01,12,Car,0.962,1856,Northbound_Lane1,45.7,0
1048,2026-08-06 18:55:09,CAM_JUNCTION_01,12,Car,0.922,11201,Eastbound_Lane1,19.0,0
1049,2026-08-06 18:55:09,CAM_JUNCTION_01,12,Motorcycle,0.84,2802,Westbound_Lane1,14.4,0
1050,2026-08-06 18:55:09,CAM_JUNCTION_01,12,Bus,0.891,4310,Northbound_Lane1,7.6,0
1051,2026-08-06 18:55:09,CAM_JUNCTION_01,13,Car,0.823,6935,Eastbound_Lane1,14.8,0
1052,2026-08-06 18:55:09,CAM_JUNCTION_01,13,Car,0.98,14175,Northbound_Lane1,30.5,0
1053,2026-08-06 18:55:09,CAM_JUNCTION_01,13,Car,0.838,7748,Northbound_Lane1,26.4,0
1054,2026-08-06 18:55:09,CAM_JUNCTION_01,13,Car,0.825,12206,Southbound_Lane1,26.4,0
1055,2026-08-06 18:55:09,CAM_JUNCTION_01,13,Truck,0.92,15094,Eastbound_Lane1,4.2,0
1056,2026-08-06 18:55:10,CAM_JUNCTION_01,14,Car,0.884,7665,Eastbound_Lane1,16.1,0
1057,2026-08-06 18:55:10,CAM_JUNCTION_01,14,Car,0.891,10900,Westbound_Lane1,42.0,0
1058,2026-08-06 18:55:10,CAM_JUNCTION_01,14,Car,0.961,15439,Northbound_Lane1,47.5,0
1059,2026-08-06 18:55:10,CAM_JUNCTION_01,14,Car,0.871,13640,Westbound_Lane1,44.6,0
1060,2026-08-06 18:55:10,CAM_JUNCTION_01,14,Car,0.824,8517,Westbound_Lane1,36.9,0
1061,2026-08-06 18:55:10,CAM_JUNCTION_01,14,Car,0.943,10405,Southbound_Lane1,42.3,0
1062,2026-08-06 18:55:10,CAM_JUNCTION_01,15,Car,0.881,11233,Eastbound_Lane1,42.9,0
1063,2026-08-06 18:55:10,CAM_JUNCTION_01,15,Bus,0.944,14620,Northbound_Lane2,47.0,0
1064,2026-08-06 18:55:10,CAM_JUNCTION_01,15,Car,0.946,15804,Eastbound_Lane1,17.7,0
1065,2026-08-06 18:55:11,CAM_JUNCTION_01,16,Truck,0.96,6014,Westbound_Lane1,4.2,0
1066,2026-08-06 18:55:11,CAM_JUNCTION_01,16,Car,0.866,10606,Eastbound_Lane1,0.2,0
1067,2026-08-06 18:55:11,CAM_JUNCTION_01,16,Car,0.974,13611,Eastbound_Lane1,2.8,0
1068,2026-08-06 18:55:11,CAM_JUNCTION_01,16,Car,0.908,14431,Westbound_Lane1,39.8,0
1069,2026-08-06 18:55:11,CAM_JUNCTION_01,16,Car,0.941,10066,Eastbound_Lane1,1.5,0
1070,2026-08-06 18:55:11,CAM_JUNCTION_01,17,Car,0.835,10888,Northbound_Lane2,2.2,0
1071,2026-08-06 18:55:11,CAM_JUNCTION_01,17,Car,0.79,16622,Northbound_Lane2,39.6,0
1072,2026-08-06 18:55:11,CAM_JUNCTION_01,17,Car,0.924,13628,Southbound_Lane1,32.3,0
1073,2026-08-06 18:55:11,CAM_JUNCTION_01,17,Motorcycle,0.979,10899,Southbound_Lane1,21.3,0
1074,2026-08-06 18:55:11,CAM_JUNCTION_01,17,Car,0.863,8290,Southbound_Lane1,12.6,0
1075,2026-08-06 18:55:12,CAM_JUNCTION_01,18,Car,0.806,12929,Westbound_Lane1,38.9,0
1076,2026-08-06 18:55:12,CAM_JUNCTION_01,18,Car,0.865,15163,Northbound_Lane1,21.4,0
1077,2026-08-06 18:55:12,CAM_JUNCTION_01,18,Car,0.882,13808,Southbound_Lane1,48.1,0
1078,2026-08-06 18:55:12,CAM_JUNCTION_01,18,Car,0.964,10956,Westbound_Lane1,4.4,0
1079,2026-08-06 18:55:12,CAM_JUNCTION_01,18,Car,0.924,12088,Northbound_Lane1,35.7,0
1080,2026-08-06 18:55:12,CAM_JUNCTION_01,19,Bus,0.828,8865,Eastbound_Lane1,10.7,0
1081,2026-08-06 18:55:12,CAM_JUNCTION_01,19,Car,0.921,5201,Westbound_Lane1,34.5,0
1082,2026-08-06 18:55:13,CAM_JUNCTION_01,20,Car,0.895,5486,Westbound_Lane1,1.3,0
1083,2026-08-06 18:55:13,CAM_JUNCTION_01,20,Motorcycle,0.913,15381,Eastbound_Lane1,23.0,0
1084,2026-08-06 18:55:13,CAM_JUNCTION_01,20,Car,0.825,12883,Westbound_Lane1,32.4,0
1085,2026-08-06 18:55:13,CAM_JUNCTION_01,21,Car,0.864,2924,Northbound_Lane2,37.8,0
1086,2026-08-06 18:55:13,CAM_JUNCTION_01,21,Car,0.897,14028,Southbound_Lane1,48.1,0
1087,2026-08-06 18:55:13,CAM_JUNCTION_01,21,Car,0.842,15494,Eastbound_Lane1,0.3,0
1088,2026-08-06 18:55:14,CAM_JUNCTION_01,22,Bus,0.807,3342,Eastbound_Lane1,11.9,0
1089,2026-08-06 18:55:14,CAM_JUNCTION_01,22,Bus,0.903,14482,Northbound_Lane2,7.1,0
1090,2026-08-06 18:55:14,CAM_JUNCTION_01,22,Bus,0.978,3351,Southbound_Lane1,23.8,0
1091,2026-08-06 18:55:14,CAM_JUNCTION_01,22,Car,0.957,16466,Eastbound_Lane1,32.9,0
1092,2026-08-06 18:55:14,CAM_JUNCTION_01,22,Car,0.786,8443,Southbound_Lane1,38.6,0
1093,2026-08-06 18:55:14,CAM_JUNCTION_01,22,Car,0.967,7570,Northbound_Lane2,16.9,0
1094,2026-08-06 18:55:14,CAM_JUNCTION_01,23,Car,0.887,17914,Northbound_Lane1,42.8,0
1095,2026-08-06 18:55:14,CAM_JUNCTION_01,23,Car,0.88,17338,Eastbound_Lane1,31.9,0
1096,2026-08-06 18:55:14,CAM_JUNCTION_01,23,Car,0.882,5722,Northbound_Lane2,37.4,0
1097,2026-08-06 18:55:14,CAM_JUNCTION_01,23,Car,0.806,15663,Northbound_Lane1,2.3,0
1098,2026-08-06 18:55:14,CAM_JUNCTION_01,23,Car,0.816,9081,Westbound_Lane1,33.2,0
1099,2026-08-06 18:55:14,CAM_JUNCTION_01,23,Car,0.874,3223,Northbound_Lane2,10.3,0
1100,2026-08-06 18:55:15,CAM_JUNCTION_01,24,Car,0.975,5585,Southbound_Lane1,52.3,0
1101,2026-08-06 18:55:15,CAM_JUNCTION_01,24,Car,0.862,17572,Westbound_Lane1,35.4,0
1102,2026-08-06 18:55:15,CAM_JUNCTION_01,24,Car,0.813,7876,Southbound_Lane1,26.7,0
1103,2026-08-06 18:55:15,CAM_JUNCTION_01,25,Car,0.841,4037,Southbound_Lane1,22.5,0
1104,2026-08-06 18:55:15,CAM_JUNCTION_01,25,Car,0.951,1315,Eastbound_Lane1,43.8,0
1105,2026-08-06 18:55:15,CAM_JUNCTION_01,25,Car,0.914,13977,Eastbound_Lane1,51.7,0
1106,2026-08-06 18:55:15,CAM_JUNCTION_01,25,Car,0.902,4194,Southbound_Lane1,40.2,0
1107,2026-08-06 18:55:15,CAM_JUNCTION_01,25,Car,0.79,6030,Northbound_Lane1,16.9,0
1108,2026-08-06 18:55:16,CAM_JUNCTION_01,26,Car,0.888,9787,Westbound_Lane1,8.6,0
1109,2026-08-06 18:55:16,CAM_JUNCTION_01,26,Motorcycle,0.874,15691,Eastbound_Lane1,31.7,0
1110,2026-08-06 18:55:16,CAM_JUNCTION_01,26,Car,0.964,7007,Southbound_Lane1,3.6,0
1111,2026-08-06 18:55:16,CAM_JUNCTION_01,26,Car,0.948,6762,Northbound_Lane2,37.5,0
1112,2026-08-06 18:55:16,CAM_JUNCTION_01,26,Car,0.875,9852,Eastbound_Lane1,44.6,0
1113,2026-08-06 18:55:16,CAM_JUNCTION_01,26,Car,0.801,12301,Southbound_Lane1,36.9,0
1114,2026-08-06 18:55:16,CAM_JUNCTION_01,27,Car,0.979,8620,Eastbound_Lane1,53.1,0
1115,2026-08-06 18:55:16,CAM_JUNCTION_01,27,Car,0.931,5212,Southbound_Lane1,52.5,0
1116,2026-08-06 18:55:16,CAM_JUNCTION_01,27,Motorcycle,0.905,13348,Eastbound_Lane1,0.4,0
1117,2026-08-06 18:55:17,CAM_JUNCTION_01,28,Car,0.966,11576,Westbound_Lane1,4.2,0
1118,2026-08-06 18:55:17,CAM_JUNCTION_01,28,Car,0.947,13292,Southbound_Lane1,19.0,0
1119,2026-08-06 18:55:17,CAM_JUNCTION_01,28,Car,0.893,3041,Westbound_Lane1,45.3,0
1120,2026-08-06 18:55:17,CAM_JUNCTION_01,28,Car,0.912,6925,Northbound_Lane1,49.9,0
1121,2026-08-06 18:55:17,CAM_JUNCTION_01,29,Car,0.837,10449,Northbound_Lane1,2.9,0
1122,2026-08-06 18:55:17,CAM_JUNCTION_01,29,Car,0.945,5442,Northbound_Lane1,33.9,0
1123,2026-08-06 18:55:17,CAM_JUNCTION_01,29,Car,0.869,3720,Eastbound_Lane1,48.9,0
1124,2026-08-06 18:55:17,CAM_JUNCTION_01,29,Car,0.857,8201,Eastbound_Lane1,9.6,0
1125,2026-08-06 18:55:18,CAM_JUNCTION_01,30,Car,0.932,2696,Northbound_Lane1,47.7,0
1126,2026-08-06 18:55:18,CAM_JUNCTION_01,30,Motorcycle,0.938,10218,Southbound_Lane1,33.3,0
1127,2026-08-06 18:55:18,CAM_JUNCTION_01,31,Car,0.914,3364,Southbound_Lane1,41.0,0
1128,2026-08-06 18:55:18,CAM_JUNCTION_01,31,Car,0.918,9299,Southbound_Lane1,38.7,0
1129,2026-08-06 18:55:18,CAM_JUNCTION_01,31,Car,0.794,14478,Northbound_Lane1,6.4,0
1130,2026-08-06 18:55:19,CAM_JUNCTION_01,32,Car,0.815,12940,Southbound_Lane1,20.9,0
1131,2026-08-06 18:55:19,CAM_JUNCTION_01,32,Car,0.939,9193,Eastbound_Lane1,6.8,0
1132,2026-08-06 18:55:19,CAM_JUNCTION_01,33,Car,0.832,10001,Northbound_Lane1,41.9,0
1133,2026-08-06 18:55:19,CAM_JUNCTION_01,33,Car,0.931,2511,Eastbound_Lane1,6.2,0
1134,2026-08-06 18:55:19,CAM_JUNCTION_01,33,Bus,0.788,2297,Eastbound_Lane1,3.4,0
1135,2026-08-06 18:55:19,CAM_JUNCTION_01,33,Car,0.905,12250,Eastbound_Lane1,35.1,0
1136,2026-08-06 18:55:19,CAM_JUNCTION_01,33,Car,0.92,14883,Southbound_Lane1,17.7,0
1137,2026-08-06 18:55:19,CAM_JUNCTION_01,33,Car,0.888,2573,Westbound_Lane1,27.8,0
1138,2026-08-06 18:55:20,CAM_JUNCTION_01,34,Car,0.879,15505,Westbound_Lane1,21.3,0
1139,2026-08-06 18:55:20,CAM_JUNCTION_01,34,Car,0.949,16143,Northbound_Lane1,34.4,0
1140,2026-08-06 18:55:20,CAM_JUNCTION_01,34,Car,0.937,6958,Northbound_Lane1,44.0,0
1141,2026-08-06 18:55:20,CAM_JUNCTION_01,34,Car,0.895,11189,Southbound_Lane1,41.1,0
1142,2026-08-06 18:55:20,CAM_JUNCTION_01,35,Car,0.951,1342,Northbound_Lane1,35.3,0
1143,2026-08-06 18:55:20,CAM_JUNCTION_01,35,Car,0.827,3410,Northbound_Lane2,34.1,0
1144,2026-08-06 18:55:20,CAM_JUNCTION_01,35,Car,0.975,1691,Southbound_Lane1,18.4,0
1145,2026-08-06 18:55:20,CAM_JUNCTION_01,35,Motorcycle,0.893,16203,Westbound_Lane1,24.7,0
1146,2026-08-06 18:55:20,CAM_JUNCTION_01,35,Car,0.826,13410,Westbound_Lane1,23.1,0
1147,2026-08-06 18:55:20,CAM_JUNCTION_01,35,Car,0.94,9335,Southbound_Lane1,35.2,0
1148,2026-08-06 18:55:21,CAM_JUNCTION_01,36,Car,0.935,1848,Northbound_Lane1,5.4,0
1149,2026-08-06 18:55:21,CAM_JUNCTION_01,36,Car,0.948,13110,Southbound_Lane1,48.9,0
1150,2026-08-06 18:55:21,CAM_JUNCTION_01,36,Car,0.901,10354,Eastbound_Lane1,25.2,0
1151,2026-08-06 18:55:21,CAM_JUNCTION_01,36,Bus,0.866,16221,Eastbound_Lane1,6.7,0
1152,2026-08-06 18:55:21,CAM_JUNCTION_01,37,Car,0.915,12831,Eastbound_Lane1,16.5,0
1153,2026-08-06 18:55:21,CAM_JUNCTION_01,37,Motorcycle,0.784,2884,Eastbound_Lane1,16.3,0
1154,2026-08-06 18:55:22,CAM_JUNCTION_01,38,Motorcycle,0.894,15615,Eastbound_Lane1,7.0,0
1155,2026-08-06 18:55:22,CAM_JUNCTION_01,38,Car,0.858,15236,Northbound_Lane1,30.6,0
1156,2026-08-06 18:55:22,CAM_JUNCTION_01,38,Car,0.923,12024,Northbound_Lane1,38.3,0
1157,2026-08-06 18:55:22,CAM_JUNCTION_01,39,Car,0.838,2110,Northbound_Lane1,52.3,0
1158,2026-08-06 18:55:22,CAM_JUNCTION_01,39,Car,0.887,1658,Eastbound_Lane1,52.0,0
1159,2026-08-06 18:55:22,CAM_JUNCTION_01,39,Car,0.958,15961,Westbound_Lane1,16.1,0
1160,2026-08-06 18:55:22,CAM_JUNCTION_01,39,Car,0.972,5887,Northbound_Lane1,44.3,0
1161,2026-08-06 18:55:23,CAM_JUNCTION_01,40,Car,0.887,16720,Southbound_Lane1,37.3,0
1162,2026-08-06 18:55:23,CAM_JUNCTION_01,40,Car,0.931,10197,Northbound_Lane1,51.1,0
1163,2026-08-06 18:55:23,CAM_JUNCTION_01,40,Car,0.947,10285,Westbound_Lane1,16.1,0
1164,2026-08-06 18:55:23,CAM_JUNCTION_01,41,Car,0.823,17069,Northbound_Lane2,25.0,0
1165,2026-08-06 18:55:23,CAM_JUNCTION_01,41,Motorcycle,0.955,11018,Northbound_Lane2,29.3,0
1166,2026-08-06 18:55:23,CAM_JUNCTION_01,41,Car,0.881,7063,Southbound_Lane1,26.4,0
1167,2026-08-06 18:55:23,CAM_JUNCTION_01,41,Car,0.849,14461,Southbound_Lane1,30.9,0
1168,2026-08-06 18:55:24,CAM_JUNCTION_01,42,Car,0.911,12724,Eastbound_Lane1,15.0,0
1169,2026-08-06 18:55:24,CAM_JUNCTION_01,42,Truck,0.78,5553,Northbound_Lane2,7.3,0
1170,2026-08-06 18:55:24,CAM_JUNCTION_01,42,Car,0.973,4464,Westbound_Lane1,27.1,0
1171,2026-08-06 18:55:24,CAM_JUNCTION_01,42,Car,0.874,1240,Southbound_Lane1,36.5,0
1172,2026-08-06 18:55:24,CAM_JUNCTION_01,43,Motorcycle,0.896,11828,Westbound_Lane1,17.7,0
1173,2026-08-06 18:55:24,CAM_JUNCTION_01,43,Car,0.876,15017,Southbound_Lane1,49.4,0
1174,2026-08-06 18:55:24,CAM_JUNCTION_01,43,Car,0.847,15814,Northbound_Lane1,42.5,0
1175,2026-08-06 18:55:24,CAM_JUNCTION_01,43,Motorcycle,0.933,8398,Southbound_Lane1,51.1,0
1176,2026-08-06 18:55:25,CAM_JUNCTION_01,44,Car,0.857,9331,Northbound_Lane2,21.4,0
1177,2026-08-06 18:55:25,CAM_JUNCTION_01,44,Car,0.803,9279,Southbound_Lane1,54.5,0
1178,2026-08-06 18:55:25,CAM_JUNCTION_01,44,Car,0.809,1460,Northbound_Lane1,46.9,0
1179,2026-08-06 18:55:25,CAM_JUNCTION_01,44,Car,0.913,5796,Westbound_Lane1,3.1,0
1180,2026-08-06 18:55:25,CAM_JUNCTION_01,44,Car,0.787,16818,Northbound_Lane1,15.8,0
1181,2026-08-06 18:55:25,CAM_JUNCTION_01,45,Car,0.935,11787,Eastbound_Lane1,40.7,0
1182,2026-08-06 18:55:25,CAM_JUNCTION_01,45,Car,0.919,14364,Southbound_Lane1,37.2,0
1183,2026-08-06 18:55:25,CAM_JUNCTION_01,45,Car,0.829,17972,Eastbound_Lane1,5.5,0
1184,2026-08-06 18:55:25,CAM_JUNCTION_01,45,Car,0.94,1637,Northbound_Lane1,46.6,0
1185,2026-08-06 18:55:26,CAM_JUNCTION_01,46,Car,0.98,14437,Eastbound_Lane1,22.3,0
1186,2026-08-06 18:55:26,CAM_JUNCTION_01,46,Car,0.78,4198,Eastbound_Lane1,12.4,0
1187,2026-08-06 18:55:26,CAM_JUNCTION_01,46,Car,0.808,9288,Southbound_Lane1,7.2,0
1188,2026-08-06 18:55:26,CAM_JUNCTION_01,46,Car,0.835,17523,Westbound_Lane1,0.5,0
1189,2026-08-06 18:55:26,CAM_JUNCTION_01,47,Car,0.953,5971,Westbound_Lane1,47.3,0
1190,2026-08-06 18:55:26,CAM_JUNCTION_01,47,Car,0.854,11747,Westbound_Lane1,49.3,0
1191,2026-08-06 18:55:26,CAM_JUNCTION_01,47,Car,0.945,3351,Northbound_Lane2,38.5,0
1192,2026-08-06 18:55:26,CAM_JUNCTION_01,47,Car,0.847,2946,Northbound_Lane1,33.9,0
1193,2026-08-06 18:55:26,CAM_JUNCTION_01,47,Car,0.84,3314,Northbound_Lane2,52.5,0
1194,2026-08-06 18:55:27,CAM_JUNCTION_01,48,Car,0.79,2143,Northbound_Lane2,34.1,0
1195,2026-08-06 18:55:27,CAM_JUNCTION_01,48,Car,0.872,13903,Eastbound_Lane1,11.7,0
1196,2026-08-06 18:55:27,CAM_JUNCTION_01,48,Car,0.898,14336,Southbound_Lane1,47.3,0
1197,2026-08-06 18:55:27,CAM_JUNCTION_01,48,Car,0.804,15207,Southbound_Lane1,11.7,0
1198,2026-08-06 18:55:27,CAM_JUNCTION_01,49,Car,0.852,12821,Northbound_Lane1,49.4,0
1199,2026-08-06 18:55:27,CAM_JUNCTION_01,49,Motorcycle,0.953,5278,Westbound_Lane1,49.5,0
1200,2026-08-06 18:55:27,CAM_JUNCTION_01,49,Rickshaw,0.939,8746,Eastbound_Lane1,15.4,0
1201,2026-08-06 18:55:27,CAM_JUNCTION_01,49,Motorcycle,0.911,15244,Southbound_Lane1,50.8,0
1202,2026-08-06 18:55:27,CAM_JUNCTION_01,49,Car,0.959,2517,Eastbound_Lane1,11.0,0
1203,2026-08-06 18:55:28,CAM_JUNCTION_01,50,Bus,0.899,9332,Northbound_Lane1,10.3,0
1204,2026-08-06 18:55:28,CAM_JUNCTION_01,50,Car,0.953,6632,Southbound_Lane1,24.7,0
1205,2026-08-06 18:55:28,CAM_JUNCTION_01,50,Car,0.896,11464,Southbound_Lane1,34.1,0
1206,2026-08-06 18:55:28,CAM_JUNCTION_01,50,Car,0.977,6411,Northbound_Lane1,2.6,0
1207,2026-08-06 18:55:28,CAM_JUNCTION_01,50,Car,0.837,10327,Southbound_Lane1,39.1,0
1208,2026-08-06 18:55:28,CAM_JUNCTION_01,51,Bus,0.874,4334,Northbound_Lane2,20.4,0
1209,2026-08-06 18:55:28,CAM_JUNCTION_01,51,Car,0.805,14865,Westbound_Lane1,52.1,0
1210,2026-08-06 18:55:28,CAM_JUNCTION_01,51,Car,0.946,10553,Northbound_Lane2,29.6,0
1211,2026-08-06 18:55:28,CAM_JUNCTION_01,51,Car,0.871,8818,Westbound_Lane1,32.2,0
1212,2026-08-06 18:55:29,CAM_JUNCTION_01,52,Car,0.94,7693,Northbound_Lane2,23.7,0
1213,2026-08-06 18:55:29,CAM_JUNCTION_01,52,Car,0.903,16302,Northbound_Lane2,13.7,0
1214,2026-08-06 18:55:29,CAM_JUNCTION_01,52,Car,0.972,14928,Eastbound_Lane1,13.2,0
1215,2026-08-06 18:55:29,CAM_JUNCTION_01,52,Bus,0.934,12122,Northbound_Lane2,4.7,0
1216,2026-08-06 18:55:29,CAM_JUNCTION_01,53,Car,0.85,6201,Southbound_Lane1,6.8,0
1217,2026-08-06 18:55:29,CAM_JUNCTION_01,53,Car,0.833,13054,Eastbound_Lane1,34.7,0
1218,2026-08-06 18:55:29,CAM_JUNCTION_01,53,Car,0.828,15165,Westbound_Lane1,8.7,0
1219,2026-08-06 18:55:29,CAM_JUNCTION_01,53,Car,0.823,10150,Northbound_Lane1,51.6,0
1220,2026-08-06 18:55:29,CAM_JUNCTION_01,53,Car,0.852,17604,Northbound_Lane2,37.8,0
1221,2026-08-06 18:55:29,CAM_JUNCTION_01,53,Car,0.782,11169,Eastbound_Lane1,42.2,0
1222,2026-08-06 18:55:30,CAM_JUNCTION_01,54,Car,0.874,16652,Northbound_Lane2,1.9,0
1223,2026-08-06 18:55:30,CAM_JUNCTION_01,54,Motorcycle,0.832,1867,Northbound_Lane2,42.4,0
1224,2026-08-06 18:55:30,CAM_JUNCTION_01,54,Car,0.924,10555,Eastbound_Lane1,22.6,0
1225,2026-08-06 18:55:30,CAM_JUNCTION_01,54,Car,0.866,13377,Eastbound_Lane1,53.3,0
1226,2026-08-06 18:55:30,CAM_JUNCTION_01,55,Car,0.908,17991,Eastbound_Lane1,41.1,0
1227,2026-08-06 18:55:30,CAM_JUNCTION_01,55,Bus,0.862,16295,Northbound_Lane2,24.8,0
1228,2026-08-06 18:55:30,CAM_JUNCTION_01,55,Truck,0.806,7254,Northbound_Lane2,17.9,0
1229,2026-08-06 18:55:30,CAM_JUNCTION_01,55,Car,0.944,5356,Northbound_Lane2,51.1,0
1230,2026-08-06 18:55:30,CAM_JUNCTION_01,55,Car,0.899,6645,Southbound_Lane1,3.2,0
1231,2026-08-06 18:55:31,CAM_JUNCTION_01,56,Car,0.92,7464,Southbound_Lane1,41.6,0
1232,2026-08-06 18:55:31,CAM_JUNCTION_01,56,Car,0.857,6715,Southbound_Lane1,30.2,0
1233,2026-08-06 18:55:31,CAM_JUNCTION_01,56,Car,0.866,16601,Westbound_Lane1,1.4,0
1234,2026-08-06 18:55:31,CAM_JUNCTION_01,56,Truck,0.955,7499,Eastbound_Lane1,35.5,0
1235,2026-08-06 18:55:31,CAM_JUNCTION_01,56,Car,0.964,16784,Northbound_Lane2,5.3,0
1236,2026-08-06 18:55:31,CAM_JUNCTION_01,57,Car,0.855,11727,Southbound_Lane1,45.1,0
1237,2026-08-06 18:55:31,CAM_JUNCTION_01,57,Car,0.944,11360,Northbound_Lane1,28.7,0
1238,2026-08-06 18:55:32,CAM_JUNCTION_01,58,Motorcycle,0.836,10538,Eastbound_Lane1,35.4,0
1239,2026-08-06 18:55:32,CAM_JUNCTION_01,58,Car,0.859,1309,Northbound_Lane1,26.3,0
1240,2026-08-06 18:55:32,CAM_JUNCTION_01,58,Car,0.81,8257,Northbound_Lane1,27.8,0
1241,2026-08-06 18:55:32,CAM_JUNCTION_01,59,Car,0.964,12702,Northbound_Lane1,23.9,0
1242,2026-08-06 18:55:32,CAM_JUNCTION_01,59,Car,0.872,3263,Northbound_Lane1,31.5,0
1243,2026-08-06 18:55:32,CAM_JUNCTION_01,59,Car,0.978,5597,Northbound_Lane2,45.1,0
1244,2026-08-06 18:55:32,CAM_JUNCTION_01,59,Car,0.806,9551,Eastbound_Lane1,21.3,0
1245,2026-08-06 18:55:33,CAM_JUNCTION_01,60,Car,0.94,5966,Northbound_Lane2,40.6,0
1246,2026-08-06 18:55:33,CAM_JUNCTION_01,60,Car,0.805,5092,Southbound_Lane1,51.6,0
1247,2026-08-06 18:55:33,CAM_JUNCTION_01,61,Motorcycle,0.817,15420,Westbound_Lane1,8.2,0
1248,2026-08-06 18:55:33,CAM_JUNCTION_01,61,Car,0.979,10612,Eastbound_Lane1,33.9,0
1249,2026-08-06 18:55:33,CAM_JUNCTION_01,61,Motorcycle,0.923,4724,Eastbound_Lane1,49.3,0
1250,2026-08-06 18:55:33,CAM_JUNCTION_01,61,Car,0.803,8256,Eastbound_Lane1,48.6,0
1251,2026-08-06 18:55:33,CAM_JUNCTION_01,61,Motorcycle,0.94,16627,Eastbound_Lane1,13.8,0
1252,2026-08-06 18:55:34,CAM_JUNCTION_01,62,Motorcycle,0.833,14054,Westbound_Lane1,29.3,0
1253,2026-08-06 18:55:34,CAM_JUNCTION_01,62,Car,0.84,9403,Southbound_Lane1,8.4,0
1254,2026-08-06 18:55:34,CAM_JUNCTION_01,62,Car,0.977,16276,Northbound_Lane1,51.2,0
1255,2026-08-06 18:55:34,CAM_JUNCTION_01,63,Car,0.906,4233,Northbound_Lane1,16.0,0
1256,2026-08-06 18:55:34,CAM_JUNCTION_01,63,Car,0.837,13076,Eastbound_Lane1,26.9,0
1257,2026-08-06 18:55:35,CAM_JUNCTION_01,64,Car,0.969,11291,Northbound_Lane1,21.0,0
1258,2026-08-06 18:55:35,CAM_JUNCTION_01,64,Car,0.889,12920,Eastbound_Lane1,13.6,0
1259,2026-08-06 18:55:35,CAM_JUNCTION_01,64,Car,0.878,9677,Westbound_Lane1,0.8,0
1260,2026-08-06 18:55:35,CAM_JUNCTION_01,64,Car,0.924,3464,Westbound_Lane1,6.0,0
1261,2026-08-06 18:55:35,CAM_JUNCTION_01,64,Car,0.908,10037,Northbound_Lane1,50.3,0
1262,2026-08-06 18:55:35,CAM_JUNCTION_01,64,Car,0.92,17822,Westbound_Lane1,47.8,0
1263,2026-08-06 18:55:35,CAM_JUNCTION_01,65,Car,0.873,10431,Northbound_Lane1,40.3,0
1264,2026-08-06 18:55:35,CAM_JUNCTION_01,65,Car,0.919,4486,Southbound_Lane1,9.8,0
1265,2026-08-06 18:55:35,CAM_JUNCTION_01,65,Car,0.804,13814,Northbound_Lane1,53.9,0
1266,2026-08-06 18:55:35,CAM_JUNCTION_01,65,Rickshaw,0.936,8851,Northbound_Lane1,14.3,0
1267,2026-08-06 18:55:36,CAM_JUNCTION_01,66,Car,0.879,4753,Northbound_Lane2,12.0,0
1268,2026-08-06 18:55:36,CAM_JUNCTION_01,66,Car,0.837,7385,Eastbound_Lane1,39.9,0
1269,2026-08-06 18:55:36,CAM_JUNCTION_01,66,Car,0.853,2742,Westbound_Lane1,11.0,0
1270,2026-08-06 18:55:36,CAM_JUNCTION_01,67,Car,0.8,9662,Westbound_Lane1,6.0,0
1271,2026-08-06 18:55:36,CAM_JUNCTION_01,67,Rickshaw,0.831,13975,Southbound_Lane1,30.6,0
1272,2026-08-06 18:55:36,CAM_JUNCTION_01,67,Car,0.793,15447,Westbound_Lane1,5.8,0
1273,2026-08-06 18:55:36,CAM_JUNCTION_01,67,Car,0.816,5357,Westbound_Lane1,35.0,0
1274,2026-08-06 18:55:36,CAM_JUNCTION_01,67,Motorcycle,0.955,2707,Northbound_Lane2,50.8,0
1275,2026-08-06 18:55:37,CAM_JUNCTION_01,68,Car,0.807,10351,Southbound_Lane1,1.0,0
1276,2026-08-06 18:55:37,CAM_JUNCTION_01,68,Car,0.805,4952,Southbound_Lane1,19.1,0
1277,2026-08-06 18:55:37,CAM_JUNCTION_01,68,Car,0.869,8885,Northbound_Lane2,22.4,0
1278,2026-08-06 18:55:37,CAM_JUNCTION_01,69,Car,0.957,15614,Northbound_Lane1,50.2,0
1279,2026-08-06 18:55:37,CAM_JUNCTION_01,69,Car,0.87,10069,Northbound_Lane2,13.8,0
1280,2026-08-06 18:55:37,CAM_JUNCTION_01,69,Car,0.905,13884,Westbound_Lane1,52.9,0
1281,2026-08-06 18:55:37,CAM_JUNCTION_01,69,Car,0.783,13745,Southbound_Lane1,38.9,0
1282,2026-08-06 18:55:37,CAM_JUNCTION_01,69,Car,0.95,16818,Northbound_Lane1,51.6,0
1283,2026-08-06 18:55:38,CAM_JUNCTION_01,70,Car,0.821,17330,Westbound_Lane1,15.0,0
1284,2026-08-06 18:55:38,CAM_JUNCTION_01,70,Motorcycle,0.943,1383,Northbound_Lane1,3.7,0
1285,2026-08-06 18:55:38,CAM_JUNCTION_01,70,Car,0.932,13774,Westbound_Lane1,46.3,0
1286,2026-08-06 18:55:38,CAM_JUNCTION_01,71,Car,0.822,14909,Eastbound_Lane1,50.5,0
1287,2026-08-06 18:55:38,CAM_JUNCTION_01,71,Car,0.824,14667,Southbound_Lane1,8.6,0
1288,2026-08-06 18:55:38,CAM_JUNCTION_01,71,Car,0.926,9581,Eastbound_Lane1,37.1,0
1289,2026-08-06 18:55:39,CAM_JUNCTION_01,72,Rickshaw,0.905,6484,Northbound_Lane2,13.3,0
1290,2026-08-06 18:55:39,CAM_JUNCTION_01,72,Motorcycle,0.796,8483,Westbound_Lane1,31.8,0
1291,2026-08-06 18:55:39,CAM_JUNCTION_01,72,Car,0.949,9017,Westbound_Lane1,51.6,0
1292,2026-08-06 18:55:39,CAM_JUNCTION_01,72,Car,0.876,14459,Northbound_Lane1,50.2,0
1293,2026-08-06 18:55:39,CAM_JUNCTION_01,73,Car,0.892,11490,Northbound_Lane2,0.7,0
1294,2026-08-06 18:55:39,CAM_JUNCTION_01,73,Car,0.82,12800,Eastbound_Lane1,9.6,0
1295,2026-08-06 18:55:40,CAM_JUNCTION_01,74,Car,0.92,13320,Northbound_Lane2,36.6,0
1296,2026-08-06 18:55:40,CAM_JUNCTION_01,74,Car,0.818,5118,Eastbound_Lane1,50.3,0
1297,2026-08-06 18:55:40,CAM_JUNCTION_01,74,Car,0.843,7691,Eastbound_Lane1,18.6,0
1298,2026-08-06 18:55:40,CAM_JUNCTION_01,74,Bus,0.864,16994,Northbound_Lane2,37.0,0
1299,2026-08-06 18:55:40,CAM_JUNCTION_01,75,Bus,0.817,7831,Northbound_Lane2,47.1,0
1300,2026-08-06 18:55:40,CAM_JUNCTION_01,75,Truck,0.811,7495,Northbound_Lane2,25.7,0
1301,2026-08-06 18:55:40,CAM_JUNCTION_01,75,Motorcycle,0.83,14887,Southbound_Lane1,52.3,0
1302,2026-08-06 18:55:41,CAM_JUNCTION_01,76,Car,0.789,9809,Northbound_Lane1,24.1,0
1303,2026-08-06 18:55:41,CAM_JUNCTION_01,76,Car,0.864,15524,Southbound_Lane1,6.2,0
1304,2026-08-06 18:55:41,CAM_JUNCTION_01,76,Car,0.782,8996,Westbound_Lane1,6.0,0
1305,2026-08-06 18:55:41,CAM_JUNCTION_01,77,Car,0.809,15798,Eastbound_Lane1,35.1,0
1306,2026-08-06 18:55:41,CAM_JUNCTION_01,77,Car,0.933,4297,Northbound_Lane2,22.0,0
1307,2026-08-06 18:55:41,CAM_JUNCTION_01,77,Car,0.927,17775,Eastbound_Lane1,23.3,0
1308,2026-08-06 18:55:42,CAM_JUNCTION_01,78,Car,0.824,9226,Southbound_Lane1,8.6,0
1309,2026-08-06 18:55:42,CAM_JUNCTION_01,78,Car,0.935,11464,Northbound_Lane1,52.5,0
1310,2026-08-06 18:55:42,CAM_JUNCTION_01,78,Car,0.855,12393,Eastbound_Lane1,47.5,0
1311,2026-08-06 18:55:42,CAM_JUNCTION_01,78,Car,0.873,7019,Eastbound_Lane1,51.5,0
1312,2026-08-06 18:55:42,CAM_JUNCTION_01,78,Car,0.808,7056,Northbound_Lane1,32.5,0
1313,2026-08-06 18:55:42,CAM_JUNCTION_01,78,Bus,0.815,9618,Westbound_Lane1,47.3,0
1314,2026-08-06 18:55:42,CAM_JUNCTION_01,79,Motorcycle,0.952,2457,Northbound_Lane1,25.3,0
1315,2026-08-06 18:55:42,CAM_JUNCTION_01,79,Car,0.961,9300,Northbound_Lane2,46.0,0
1316,2026-08-06 18:55:43,CAM_JUNCTION_01,80,Car,0.841,9396,Northbound_Lane2,22.4,0
1317,2026-08-06 18:55:43,CAM_JUNCTION_01,80,Car,0.864,3351,Northbound_Lane2,30.1,0
1318,2026-08-06 18:55:43,CAM_JUNCTION_01,80,Bus,0.895,7165,Westbound_Lane1,42.6,0
1319,2026-08-06 18:55:43,CAM_JUNCTION_01,81,Car,0.963,15197,Southbound_Lane1,4.9,0
1320,2026-08-06 18:55:43,CAM_JUNCTION_01,81,Car,0.822,3574,Eastbound_Lane1,49.1,0
1321,2026-08-06 18:55:43,CAM_JUNCTION_01,81,Bus,0.874,10831,Westbound_Lane1,3.9,0
1322,2026-08-06 18:55:44,CAM_JUNCTION_01,82,Car,0.891,1826,Westbound_Lane1,20.7,0
1323,2026-08-06 18:55:44,CAM_JUNCTION_01,82,Car,0.815,15648,Southbound_Lane1,52.6,0
1324,2026-08-06 18:55:44,CAM_JUNCTION_01,82,Motorcycle,0.831,11650,Northbound_Lane1,26.8,0
1325,2026-08-06 18:55:44,CAM_JUNCTION_01,82,Car,0.79,4428,Southbound_Lane1,50.3,0
1326,2026-08-06 18:55:44,CAM_JUNCTION_01,82,Car,0.874,4557,Northbound_Lane2,21.5,0
1327,2026-08-06 18:55:44,CAM_JUNCTION_01,82,Car,0.821,1888,Northbound_Lane2,39.8,0
1328,2026-08-06 18:55:44,CAM_JUNCTION_01,83,Bus,0.824,7988,Southbound_Lane1,8.6,0
1329,2026-08-06 18:55:44,CAM_JUNCTION_01,83,Motorcycle,0.794,5170,Eastbound_Lane1,38.2,0
1330,2026-08-06 18:55:44,CAM_JUNCTION_01,83,Car,0.798,10881,Northbound_Lane2,52.3,0
1331,2026-08-06 18:55:44,CAM_JUNCTION_01,83,Car,0.837,11129,Westbound_Lane1,18.0,0
1332,2026-08-06 18:55:44,CAM_JUNCTION_01,83,Car,0.935,3697,Northbound_Lane1,0.8,0
1333,2026-08-06 18:55:44,CAM_JUNCTION_01,83,Car,0.934,10224,Northbound_Lane1,27.3,0
1334,2026-08-06 18:55:45,CAM_JUNCTION_01,84,Car,0.919,12957,Westbound_Lane1,35.2,0
1335,2026-08-06 18:55:45,CAM_JUNCTION_01,84,Car,0.816,10807,Northbound_Lane1,3.4,0
1336,2026-08-06 18:55:45,CAM_JUNCTION_01,85,Car,0.866,8614,Westbound_Lane1,46.7,0
1337,2026-08-06 18:55:45,CAM_JUNCTION_01,85,Car,0.966,12423,Southbound_Lane1,10.2,0
1338,2026-08-06 18:55:45,CAM_JUNCTION_01,85,Truck,0.838,11783,Northbound_Lane2,14.9,0
1339,2026-08-06 18:55:46,CAM_JUNCTION_01,86,Bus,0.804,1735,Westbound_Lane1,5.9,0
1340,2026-08-06 18:55:46,CAM_JUNCTION_01,86,Truck,0.891,14785,Northbound_Lane1,47.7,0
1341,2026-08-06 18:55:46,CAM_JUNCTION_01,87,Car,0.922,12508,Westbound_Lane1,3.0,0
1342,2026-08-06 18:55:46,CAM_JUNCTION_01,87,Car,0.904,16431,Northbound_Lane1,19.3,0
1343,2026-08-06 18:55:46,CAM_JUNCTION_01,87,Car,0.88,7409,Northbound_Lane2,22.1,0
1344,2026-08-06 18:55:46,CAM_JUNCTION_01,87,Car,0.798,3422,Northbound_Lane2,13.3,0
1345,2026-08-06 18:55:46,CAM_JUNCTION_01,87,Car,0.785,11126,Eastbound_Lane1,51.7,0
1346,2026-08-06 18:55:46,CAM_JUNCTION_01,87,Car,0.904,7790,Northbound_Lane2,25.7,0
1347,2026-08-06 18:55:47,CAM_JUNCTION_01,88,Car,0.841,16159,Northbound_Lane1,26.3,0
1348,2026-08-06 18:55:47,CAM_JUNCTION_01,88,Car,0.968,12346,Southbound_Lane1,4.2,0
1349,2026-08-06 18:55:47,CAM_JUNCTION_01,88,Car,0.808,8866,Northbound_Lane2,13.0,0
1350,2026-08-06 18:55:47,CAM_JUNCTION_01,88,Car,0.922,8459,Northbound_Lane2,34.4,0
1351,2026-08-06 18:55:47,CAM_JUNCTION_01,88,Car,0.915,1740,Westbound_Lane1,30.3,0
1352,2026-08-06 18:55:47,CAM_JUNCTION_01,88,Car,0.826,12439,Eastbound_Lane1,23.4,0
1353,2026-08-06 18:55:47,CAM_JUNCTION_01,89,Car,0.825,6888,Westbound_Lane1,5.3,0
1354,2026-08-06 18:55:47,CAM_JUNCTION_01,89,Car,0.847,15951,Northbound_Lane1,35.5,0
1355,2026-08-06 18:55:47,CAM_JUNCTION_01,89,Car,0.936,10052,Northbound_Lane2,53.0,0
1356,2026-08-06 18:55:47,CAM_JUNCTION_01,89,Bus,0.92,3441,Westbound_Lane1,52.6,0
1357,2026-08-06 18:55:47,CAM_JUNCTION_01,89,Car,0.812,16478,Northbound_Lane2,19.1,0
1358,2026-08-06 18:55:48,CAM_JUNCTION_01,90,Car,0.956,16064,Eastbound_Lane1,25.1,0
1359,2026-08-06 18:55:48,CAM_JUNCTION_01,90,Car,0.797,6424,Northbound_Lane2,45.9,0
1360,2026-08-06 18:55:48,CAM_JUNCTION_01,90,Car,0.848,13771,Westbound_Lane1,27.6,0
1361,2026-08-06 18:55:48,CAM_JUNCTION_01,90,Car,0.92,15681,Northbound_Lane1,35.7,0
1362,2026-08-06 18:55:48,CAM_JUNCTION_01,91,Car,0.838,6542,Northbound_Lane1,52.4,0
1363,2026-08-06 18:55:48,CAM_JUNCTION_01,91,Car,0.918,16419,Northbound_Lane2,16.1,0
1364,2026-08-06 18:55:49,CAM_JUNCTION_01,92,Bus,0.976,9581,Northbound_Lane1,5.1,0
1365,2026-08-06 18:55:49,CAM_JUNCTION_01,92,Car,0.827,9414,Eastbound_Lane1,35.7,0
1366,2026-08-06 18:55:49,CAM_JUNCTION_01,92,Car,0.924,11002,Northbound_Lane1,41.6,0
1367,2026-08-06 18:55:49,CAM_JUNCTION_01,92,Car,0.883,6444,Southbound_Lane1,9.6,0
1368,2026-08-06 18:55:49,CAM_JUNCTION_01,92,Car,0.916,17669,Northbound_Lane1,44.4,0
1369,2026-08-06 18:55:49,CAM_JUNCTION_01,93,Car,0.806,8269,Northbound_Lane1,6.5,0
1370,2026-08-06 18:55:49,CAM_JUNCTION_01,93,Car,0.874,7234,Southbound_Lane1,18.9,0
1371,2026-08-06 18:55:49,CAM_JUNCTION_01,93,Car,0.906,6278,Northbound_Lane2,22.1,0
1372,2026-08-06 18:55:49,CAM_JUNCTION_01,93,Car,0.856,2767,Northbound_Lane2,11.8,0
1373,2026-08-06 18:55:49,CAM_JUNCTION_01,93,Car,0.967,11409,Westbound_Lane1,52.3,0
1374,2026-08-06 18:55:49,CAM_JUNCTION_01,93,Car,0.832,6133,Westbound_Lane1,53.8,0
1375,2026-08-06 18:55:50,CAM_JUNCTION_01,94,Bus,0.931,17568,Southbound_Lane1,43.6,0
1376,2026-08-06 18:55:50,CAM_JUNCTION_01,94,Car,0.97,9124,Northbound_Lane1,41.8,0
1377,2026-08-06 18:55:50,CAM_JUNCTION_01,94,Car,0.785,8774,Eastbound_Lane1,23.8,0
1378,2026-08-06 18:55:50,CAM_JUNCTION_01,94,Car,0.867,4050,Southbound_Lane1,24.3,0
1379,2026-08-06 18:55:50,CAM_JUNCTION_01,95,Car,0.947,14735,Northbound_Lane1,40.9,0
1380,2026-08-06 18:55:50,CAM_JUNCTION_01,95,Car,0.932,4103,Northbound_Lane1,39.8,0
1381,2026-08-06 18:55:51,CAM_JUNCTION_01,96,Motorcycle,0.864,10519,Southbound_Lane1,20.4,0
1382,2026-08-06 18:55:51,CAM_JUNCTION_01,96,Car,0.782,3019,Westbound_Lane1,42.2,0
1383,2026-08-06 18:55:51,CAM_JUNCTION_01,96,Car,0.794,15573,Southbound_Lane1,19.1,0
1384,2026-08-06 18:55:51,CAM_JUNCTION_01,96,Bus,0.942,14421,Westbound_Lane1,22.1,0
1385,2026-08-06 18:55:51,CAM_JUNCTION_01,96,Truck,0.884,3080,Northbound_Lane1,3.0,0
1386,2026-08-06 18:55:51,CAM_JUNCTION_01,97,Car,0.895,1682,Northbound_Lane2,23.0,0
1387,2026-08-06 18:55:51,CAM_JUNCTION_01,97,Car,0.901,2912,Northbound_Lane2,0.4,0
1388,2026-08-06 18:55:52,CAM_JUNCTION_01,98,Truck,0.934,3982,Southbound_Lane1,13.1,0
1389,2026-08-06 18:55:52,CAM_JUNCTION_01,98,Car,0.878,12493,Eastbound_Lane1,34.0,0
1390,2026-08-06 18:55:52,CAM_JUNCTION_01,98,Car,0.94,10558,Westbound_Lane1,27.2,0
1391,2026-08-06 18:55:52,CAM_JUNCTION_01,98,Car,0.928,14561,Northbound_Lane2,15.5,0
1392,2026-08-06 18:55:52,CAM_JUNCTION_01,99,Truck,0.866,13508,Northbound_Lane2,50.1,0
1393,2026-08-06 18:55:52,CAM_JUNCTION_01,99,Car,0.941,6011,Northbound_Lane2,47.3,0
1394,2026-08-06 18:55:52,CAM_JUNCTION_01,99,Car,0.807,2870,Westbound_Lane1,19.1,0
1395,2026-08-06 18:55:52,CAM_JUNCTION_01,99,Car,0.88,3640,Northbound_Lane2,35.6,0
1396,2026-08-06 18:55:52,CAM_JUNCTION_01,99,Car,0.828,7314,Northbound_Lane1,3.2,0
1397,2026-08-06 18:55:53,CAM_JUNCTION_01,100,Car,0.927,14899,Northbound_Lane1,3.9,0
1398,2026-08-06 18:55:53,CAM_JUNCTION_01,100,Car,0.931,16091,Northbound_Lane2,4.0,0
1399,2026-08-06 18:55:53,CAM_JUNCTION_01,100,Car,0.941,12283,Westbound_Lane1,29.8,0
1400,2026-08-06 18:55:53,CAM_JUNCTION_01,100,Motorcycle,0.952,11021,Northbound_Lane1,1.9,0
1401,2026-08-06 18:55:53,CAM_JUNCTION_01,100,Car,0.874,12214,Southbound_Lane1,4.1,0
1402,2026-08-06 18:55:53,CAM_JUNCTION_01,100,Car,0.819,17049,Northbound_Lane1,32.0,0
1403,2026-08-06 18:55:53,CAM_JUNCTION_01,101,Car,0.787,14903,Southbound_Lane1,27.0,0
1404,2026-08-06 18:55:53,CAM_JUNCTION_01,101,Motorcycle,0.869,6671,Northbound_Lane2,0.2,0
1405,2026-08-06 18:55:53,CAM_JUNCTION_01,101,Car,0.937,8102,Westbound_Lane1,51.8,0
1406,2026-08-06 18:55:54,CAM_JUNCTION_01,102,Car,0.945,16914,Westbound_Lane1,48.3,0
1407,2026-08-06 18:55:54,CAM_JUNCTION_01,102,Bus,0.972,9755,Southbound_Lane1,0.6,0
1408,2026-08-06 18:55:54,CAM_JUNCTION_01,102,Car,0.903,2047,Eastbound_Lane1,1.7,0
1409,2026-08-06 18:55:54,CAM_JUNCTION_01,102,Truck,0.901,1588,Southbound_Lane1,14.1,0
1410,2026-08-06 18:55:54,CAM_JUNCTION_01,102,Ambulance,0.824,3501,Eastbound_Lane1,43.9,1
1411,2026-08-06 18:55:54,CAM_JUNCTION_01,103,Motorcycle,0.943,8617,Eastbound_Lane1,30.2,0
1412,2026-08-06 18:55:54,CAM_JUNCTION_01,103,Car,0.899,9689,Northbound_Lane2,38.4,0
1413,2026-08-06 18:55:55,CAM_JUNCTION_01,104,Bus,0.919,11662,Southbound_Lane1,21.3,0
1414,2026-08-06 18:55:55,CAM_JUNCTION_01,104,Car,0.953,10921,Northbound_Lane2,33.6,0
1415,2026-08-06 18:55:55,CAM_JUNCTION_01,104,Car,0.914,9968,Westbound_Lane1,8.0,0
1416,2026-08-06 18:55:55,CAM_JUNCTION_01,104,Car,0.798,6523,Northbound_Lane2,40.3,0
1417,2026-08-06 18:55:55,CAM_JUNCTION_01,105,Bus,0.921,9812,Westbound_Lane1,47.2,0
1418,2026-08-06 18:55:55,CAM_JUNCTION_01,105,Car,0.898,2452,Southbound_Lane1,25.0,0
1419,2026-08-06 18:55:55,CAM_JUNCTION_01,105,Rickshaw,0.865,2942,Northbound_Lane1,8.0,0
1420,2026-08-06 18:55:55,CAM_JUNCTION_01,105,Car,0.87,8630,Westbound_Lane1,40.3,0
1421,2026-08-06 18:55:55,CAM_JUNCTION_01,105,Car,0.977,1525,Southbound_Lane1,31.4,0
1422,2026-08-06 18:55:56,CAM_JUNCTION_01,106,Bus,0.815,4974,Southbound_Lane1,6.8,0
1423,2026-08-06 18:55:56,CAM_JUNCTION_01,106,Car,0.978,11099,Northbound_Lane1,54.2,0
1424,2026-08-06 18:55:56,CAM_JUNCTION_01,106,Car,0.9,17451,Eastbound_Lane1,48.4,0
1425,2026-08-06 18:55:56,CAM_JUNCTION_01,106,Car,0.907,14084,Southbound_Lane1,6.1,0
1426,2026-08-06 18:55:56,CAM_JUNCTION_01,106,Car,0.895,4610,Westbound_Lane1,52.6,0
1427,2026-08-06 18:55:56,CAM_JUNCTION_01,107,Car,0.924,6198,Eastbound_Lane1,21.6,0
1428,2026-08-06 18:55:56,CAM_JUNCTION_01,107,Car,0.782,2688,Westbound_Lane1,0.3,0
1429,2026-08-06 18:55:56,CAM_JUNCTION_01,107,Car,0.799,13838,Northbound_Lane2,5.8,0
1430,2026-08-06 18:55:56,CAM_JUNCTION_01,107,Motorcycle,0.887,10088,Eastbound_Lane1,43.0,0
1431,2026-08-06 18:55:57,CAM_JUNCTION_01,108,Motorcycle,0.8,3616,Westbound_Lane1,42.9,0
1432,2026-08-06 18:55:57,CAM_JUNCTION_01,108,Car,0.823,9912,Eastbound_Lane1,22.5,0
1433,2026-08-06 18:55:57,CAM_JUNCTION_01,108,Car,0.928,11356,Southbound_Lane1,48.4,0
1434,2026-08-06 18:55:57,CAM_JUNCTION_01,108,Car,0.934,12310,Southbound_Lane1,41.9,0
1435,2026-08-06 18:55:57,CAM_JUNCTION_01,108,Car,0.853,12799,Northbound_Lane1,29.1,0
1436,2026-08-06 18:55:57,CAM_JUNCTION_01,109,Motorcycle,0.909,9523,Northbound_Lane2,2.2,0
1437,2026-08-06 18:55:57,CAM_JUNCTION_01,109,Rickshaw,0.896,11178,Southbound_Lane1,2.7,0
1438,2026-08-06 18:55:57,CAM_JUNCTION_01,109,Car,0.943,7685,Westbound_Lane1,39.9,0
1439,2026-08-06 18:55:57,CAM_JUNCTION_01,109,Car,0.781,2880,Northbound_Lane2,14.5,0
1440,2026-08-06 18:55:58,CAM_JUNCTION_01,110,Car,0.835,2685,Southbound_Lane1,13.3,0
1441,2026-08-06 18:55:58,CAM_JUNCTION_01,110,Car,0.781,1500,Northbound_Lane2,25.9,0
1442,2026-08-06 18:55:58,CAM_JUNCTION_01,110,Car,0.97,11688,Northbound_Lane2,29.9,0
1443,2026-08-06 18:55:58,CAM_JUNCTION_01,110,Truck,0.914,5937,Northbound_Lane1,38.0,0
1444,2026-08-06 18:55:58,CAM_JUNCTION_01,110,Motorcycle,0.855,1672,Northbound_Lane2,36.5,0
1445,2026-08-06 18:55:58,CAM_JUNCTION_01,110,Motorcycle,0.902,15874,Southbound_Lane1,26.6,0
1446,2026-08-06 18:55:58,CAM_JUNCTION_01,111,Car,0.877,3270,Northbound_Lane1,26.6,0
1447,2026-08-06 18:55:58,CAM_JUNCTION_01,111,Motorcycle,0.84,10287,Southbound_Lane1,1.4,0
1448,2026-08-06 18:55:58,CAM_JUNCTION_01,111,Car,0.852,3092,Eastbound_Lane1,20.5,0
1449,2026-08-06 18:55:58,CAM_JUNCTION_01,111,Car,0.805,17913,Northbound_Lane1,22.8,0
1450,2026-08-06 18:55:58,CAM_JUNCTION_01,111,Car,0.879,16808,Southbound_Lane1,3.1,0
1451,2026-08-06 18:55:58,CAM_JUNCTION_01,111,Car,0.929,6423,Northbound_Lane1,4.7,0
1452,2026-08-06 18:55:59,CAM_JUNCTION_01,112,Car,0.863,6645,Eastbound_Lane1,29.4,0
1453,2026-08-06 18:55:59,CAM_JUNCTION_01,112,Rickshaw,0.822,12573,Northbound_Lane1,18.9,0
1454,2026-08-06 18:55:59,CAM_JUNCTION_01,112,Car,0.926,7896,Eastbound_Lane1,16.4,0
1455,2026-08-06 18:55:59,CAM_JUNCTION_01,113,Car,0.919,5943,Northbound_Lane1,46.3,0
1456,2026-08-06 18:55:59,CAM_JUNCTION_01,113,Car,0.915,3233,Northbound_Lane2,8.0,0
1457,2026-08-06 18:55:59,CAM_JUNCTION_01,113,Car,0.878,16975,Eastbound_Lane1,44.2,0
1458,2026-08-06 18:56:00,CAM_JUNCTION_01,114,Car,0.967,4933,Northbound_Lane1,32.6,0
1459,2026-08-06 18:56:00,CAM_JUNCTION_01,114,Car,0.928,2637,Northbound_Lane1,10.3,0
1460,2026-08-06 18:56:00,CAM_JUNCTION_01,114,Car,0.97,4349,Southbound_Lane1,5.7,0
1461,2026-08-06 18:56:00,CAM_JUNCTION_01,115,Car,0.851,4025,Westbound_Lane1,19.5,0
1462,2026-08-06 18:56:00,CAM_JUNCTION_01,115,Car,0.816,8839,Westbound_Lane1,16.9,0
1463,2026-08-06 18:56:00,CAM_JUNCTION_01,115,Car,0.975,11439,Northbound_Lane1,19.4,0
1464,2026-08-06 18:56:00,CAM_JUNCTION_01,115,Car,0.838,2674,Southbound_Lane1,38.6,0
1465,2026-08-06 18:56:00,CAM_JUNCTION_01,115,Car,0.813,1692,Southbound_Lane1,11.3,0
1466,2026-08-06 18:56:01,CAM_JUNCTION_01,116,Car,0.897,10527,Eastbound_Lane1,3.0,0
1467,2026-08-06 18:56:01,CAM_JUNCTION_01,116,Car,0.933,16660,Westbound_Lane1,9.8,0
1468,2026-08-06 18:56:01,CAM_JUNCTION_01,116,Car,0.875,2844,Northbound_Lane2,25.9,0
1469,2026-08-06 18:56:01,CAM_JUNCTION_01,116,Car,0.818,8343,Eastbound_Lane1,4.7,0
1470,2026-08-06 18:56:01,CAM_JUNCTION_01,116,Car,0.921,2902,Northbound_Lane2,48.1,0
1471,2026-08-06 18:56:01,CAM_JUNCTION_01,116,Truck,0.785,1528,Westbound_Lane1,15.9,0
1472,2026-08-06 18:56:01,CAM_JUNCTION_01,117,Car,0.881,2618,Southbound_Lane1,34.1,0
1473,2026-08-06 18:56:01,CAM_JUNCTION_01,117,Car,0.876,14422,Northbound_Lane2,49.6,0
1474,2026-08-06 18:56:01,CAM_JUNCTION_01,117,Motorcycle,0.794,7796,Northbound_Lane1,49.2,0
1475,2026-08-06 18:56:02,CAM_JUNCTION_01,118,Car,0.804,9611,Southbound_Lane1,46.6,0
1476,2026-08-06 18:56:02,CAM_JUNCTION_01,118,Ambulance,0.833,1510,Northbound_Lane1,63.9,1
1477,2026-08-06 18:56:02,CAM_JUNCTION_01,118,Car,0.83,6581,Southbound_Lane1,52.5,0
1478,2026-08-06 18:56:02,CAM_JUNCTION_01,119,Car,0.968,17024,Eastbound_Lane1,1.8,0
1479,2026-08-06 18:56:02,CAM_JUNCTION_01,119,Car,0.937,15191,Northbound_Lane2,3.8,0
1480,2026-08-06 18:56:03,CAM_JUNCTION_01,120,Motorcycle,0.846,1504,Northbound_Lane2,32.6,0
1481,2026-08-06 18:56:03,CAM_JUNCTION_01,120,Car,0.963,13649,Westbound_Lane1,48.0,0
1482,2026-08-06 18:56:03,CAM_JUNCTION_01,120,Rickshaw,0.829,13932,Southbound_Lane1,45.6,0
1483,2026-08-06 18:56:03,CAM_JUNCTION_01,120,Car,0.976,15153,Northbound_Lane1,52.3,0
1484,2026-08-06 18:56:03,CAM_JUNCTION_01,120,Car,0.794,11718,Northbound_Lane2,5.6,0
1485,2026-08-06 18:56:03,CAM_JUNCTION_01,121,Motorcycle,0.95,12945,Northbound_Lane1,53.4,0
1486,2026-08-06 18:56:03,CAM_JUNCTION_01,121,Motorcycle,0.833,16706,Northbound_Lane1,39.0,0
1487,2026-08-06 18:56:03,CAM_JUNCTION_01,121,Bus,0.881,9213,Southbound_Lane1,49.8,0
1488,2026-08-06 18:56:03,CAM_JUNCTION_01,121,Car,0.857,5901,Eastbound_Lane1,27.6,0
1489,2026-08-06 18:56:03,CAM_JUNCTION_01,121,Car,0.854,17998,Northbound_Lane1,21.9,0
1490,2026-08-06 18:56:04,CAM_JUNCTION_01,122,Motorcycle,0.933,8391,Southbound_Lane1,18.8,0
1491,2026-08-06 18:56:04,CAM_JUNCTION_01,122,Car,0.907,12246,Northbound_Lane1,44.8,0
1492,2026-08-06 18:56:04,CAM_JUNCTION_01,122,Motorcycle,0.808,3071,Westbound_Lane1,54.9,0
1493,2026-08-06 18:56:04,CAM_JUNCTION_01,122,Car,0.919,16768,Eastbound_Lane1,18.8,0
1494,2026-08-06 18:56:04,CAM_JUNCTION_01,122,Car,0.831,1724,Northbound_Lane2,52.8,0
1495,2026-08-06 18:56:04,CAM_JUNCTION_01,122,Bus,0.936,9306,Eastbound_Lane1,32.0,0
1496,2026-08-06 18:56:04,CAM_JUNCTION_01,123,Car,0.954,9957,Northbound_Lane1,9.3,0
1497,2026-08-06 18:56:04,CAM_JUNCTION_01,123,Car,0.824,14851,Northbound_Lane1,35.2,0
1498,2026-08-06 18:56:04,CAM_JUNCTION_01,123,Car,0.951,16270,Westbound_Lane1,18.4,0
1499,2026-08-06 18:56:04,CAM_JUNCTION_01,123,Car,0.961,4391,Southbound_Lane1,9.4,0
1500,2026-08-06 18:56:05,CAM_JUNCTION_01,124,Car,0.791,16462,Northbound_Lane2,3.5,0
1501,2026-08-06 18:56:05,CAM_JUNCTION_01,124,Car,0.827,16201,Eastbound_Lane1,54.2,0
1502,2026-08-06 18:56:05,CAM_JUNCTION_01,124,Car,0.791,16367,Westbound_Lane1,5.8,0
1503,2026-08-06 18:56:05,CAM_JUNCTION_01,124,Car,0.811,14024,Southbound_Lane1,11.2,0
1504,2026-08-06 18:56:05,CAM_JUNCTION_01,125,Rickshaw,0.883,14036,Southbound_Lane1,34.2,0
1505,2026-08-06 18:56:05,CAM_JUNCTION_01,125,Car,0.863,8226,Westbound_Lane1,31.7,0
1506,2026-08-06 18:56:06,CAM_JUNCTION_01,126,Bus,0.978,5867,Northbound_Lane1,24.2,0
1507,2026-08-06 18:56:06,CAM_JUNCTION_01,126,Motorcycle,0.921,8933,Eastbound_Lane1,28.1,0
1508,2026-08-06 18:56:06,CAM_JUNCTION_01,126,Car,0.93,9130,Northbound_Lane2,43.6,0
1509,2026-08-06 18:56:06,CAM_JUNCTION_01,126,Car,0.846,5316,Eastbound_Lane1,50.3,0
1510,2026-08-06 18:56:06,CAM_JUNCTION_01,126,Motorcycle,0.791,13781,Eastbound_Lane1,44.7,0
1511,2026-08-06 18:56:06,CAM_JUNCTION_01,127,Car,0.815,12439,Northbound_Lane1,38.8,0
1512,2026-08-06 18:56:06,CAM_JUNCTION_01,127,Car,0.789,5253,Westbound_Lane1,52.6,0
1513,2026-08-06 18:56:06,CAM_JUNCTION_01,127,Car,0.969,17274,Eastbound_Lane1,18.5,0
1514,2026-08-06 18:56:06,CAM_JUNCTION_01,127,Car,0.938,11151,Eastbound_Lane1,27.2,0
1515,2026-08-06 18:56:06,CAM_JUNCTION_01,127,Car,0.841,4859,Northbound_Lane1,36.4,0
1516,2026-08-06 18:56:06,CAM_JUNCTION_01,127,Car,0.834,15372,Northbound_Lane2,2.4,0
1517,2026-08-06 18:56:07,CAM_JUNCTION_01,128,Ambulance,0.913,1277,Westbound_Lane1,54.6,1
1518,2026-08-06 18:56:07,CAM_JUNCTION_01,128,Car,0.796,1769,Eastbound_Lane1,2.3,0
1519,2026-08-06 18:56:07,CAM_JUNCTION_01,128,Car,0.909,6731,Northbound_Lane2,29.5,0
1520,2026-08-06 18:56:07,CAM_JUNCTION_01,128,Motorcycle,0.857,3953,Southbound_Lane1,9.2,0
1521,2026-08-06 18:56:07,CAM_JUNCTION_01,129,Car,0.801,10460,Eastbound_Lane1,6.8,0
1522,2026-08-06 18:56:07,CAM_JUNCTION_01,129,Car,0.951,15102,Southbound_Lane1,42.3,0
1523,2026-08-06 18:56:07,CAM_JUNCTION_01,129,Motorcycle,0.945,16792,Westbound_Lane1,32.2,0
1524,2026-08-06 18:56:07,CAM_JUNCTION_01,129,Car,0.92,17990,Eastbound_Lane1,30.3,0
1525,2026-08-06 18:56:08,CAM_JUNCTION_01,130,Motorcycle,0.819,9298,Westbound_Lane1,31.4,0
1526,2026-08-06 18:56:08,CAM_JUNCTION_01,130,Car,0.795,1286,Northbound_Lane1,13.8,0
1527,2026-08-06 18:56:08,CAM_JUNCTION_01,130,Car,0.857,9408,Northbound_Lane2,37.5,0
1528,2026-08-06 18:56:08,CAM_JUNCTION_01,130,Car,0.782,1202,Northbound_Lane1,0.2,0
1529,2026-08-06 18:56:08,CAM_JUNCTION_01,131,Rickshaw,0.929,4599,Eastbound_Lane1,1.9,0
1530,2026-08-06 18:56:08,CAM_JUNCTION_01,131,Motorcycle,0.944,7730,Northbound_Lane2,53.6,0
1531,2026-08-06 18:56:09,CAM_JUNCTION_01,132,Rickshaw,0.903,8988,Northbound_Lane1,15.5,0
1532,2026-08-06 18:56:09,CAM_JUNCTION_01,132,Car,0.968,5555,Westbound_Lane1,6.5,0
1533,2026-08-06 18:56:09,CAM_JUNCTION_01,133,Car,0.958,8884,Northbound_Lane2,40.6,0
1534,2026-08-06 18:56:09,CAM_JUNCTION_01,133,Car,0.882,4552,Southbound_Lane1,49.6,0
1535,2026-08-06 18:56:10,CAM_JUNCTION_01,134,Car,0.81,17043,Westbound_Lane1,48.5,0
1536,2026-08-06 18:56:10,CAM_JUNCTION_01,134,Motorcycle,0.933,10346,Eastbound_Lane1,24.1,0
1537,2026-08-06 18:56:10,CAM_JUNCTION_01,134,Car,0.877,13686,Northbound_Lane2,22.4,0
1538,2026-08-06 18:56:10,CAM_JUNCTION_01,134,Car,0.909,8010,Eastbound_Lane1,15.4,0
1539,2026-08-06 18:56:10,CAM_JUNCTION_01,134,Car,0.896,14704,Southbound_Lane1,31.6,0
1540,2026-08-06 18:56:10,CAM_JUNCTION_01,135,Car,0.875,17880,Westbound_Lane1,27.0,0
1541,2026-08-06 18:56:10,CAM_JUNCTION_01,135,Car,0.937,15513,Westbound_Lane1,8.9,0
1542,2026-08-06 18:56:10,CAM_JUNCTION_01,135,Car,0.786,9426,Westbound_Lane1,35.8,0
1543,2026-08-06 18:56:10,CAM_JUNCTION_01,135,Car,0.879,6520,Eastbound_Lane1,17.6,0
1544,2026-08-06 18:56:10,CAM_JUNCTION_01,135,Car,0.904,7149,Southbound_Lane1,45.5,0
1545,2026-08-06 18:56:10,CAM_JUNCTION_01,135,Car,0.812,17533,Northbound_Lane1,54.9,0
1546,2026-08-06 18:56:11,CAM_JUNCTION_01,136,Car,0.915,13792,Northbound_Lane2,40.5,0
1547,2026-08-06 18:56:11,CAM_JUNCTION_01,136,Car,0.956,4149,Southbound_Lane1,42.4,0
1548,2026-08-06 18:56:11,CAM_JUNCTION_01,136,Car,0.966,4840,Northbound_Lane2,7.2,0
1549,2026-08-06 18:56:11,CAM_JUNCTION_01,136,Car,0.822,12327,Eastbound_Lane1,26.4,0
1550,2026-08-06 18:56:11,CAM_JUNCTION_01,137,Car,0.93,15007,Eastbound_Lane1,24.6,0
1551,2026-08-06 18:56:11,CAM_JUNCTION_01,137,Rickshaw,0.843,3880,Westbound_Lane1,23.4,0
1552,2026-08-06 18:56:11,CAM_JUNCTION_01,137,Car,0.816,16091,Westbound_Lane1,5.0,0
1553,2026-08-06 18:56:11,CAM_JUNCTION_01,137,Car,0.928,11686,Eastbound_Lane1,18.0,0
1554,2026-08-06 18:56:12,CAM_JUNCTION_01,138,Motorcycle,0.805,13554,Southbound_Lane1,47.1,0
1555,2026-08-06 18:56:12,CAM_JUNCTION_01,138,Car,0.789,8038,Northbound_Lane1,4.2,0
1556,2026-08-06 18:56:12,CAM_JUNCTION_01,138,Truck,0.821,7211,Northbound_Lane2,37.2,0
1557,2026-08-06 18:56:12,CAM_JUNCTION_01,138,Car,0.916,4314,Southbound_Lane1,20.4,0
1558,2026-08-06 18:56:12,CAM_JUNCTION_01,138,Car,0.908,11068,Westbound_Lane1,6.1,0
1559,2026-08-06 18:56:12,CAM_JUNCTION_01,138,Motorcycle,0.892,7419,Eastbound_Lane1,40.3,0
1560,2026-08-06 18:56:12,CAM_JUNCTION_01,139,Car,0.93,17434,Northbound_Lane1,49.1,0
1561,2026-08-06 18:56:12,CAM_JUNCTION_01,139,Car,0.844,13447,Eastbound_Lane1,45.8,0
1562,2026-08-06 18:56:13,CAM_JUNCTION_01,140,Car,0.976,13054,Westbound_Lane1,52.9,0
1563,2026-08-06 18:56:13,CAM_JUNCTION_01,140,Car,0.965,17359,Westbound_Lane1,29.2,0
1564,2026-08-06 18:56:13,CAM_JUNCTION_01,140,Car,0.945,15598,Westbound_Lane1,7.7,0
1565,2026-08-06 18:56:13,CAM_JUNCTION_01,141,Car,0.796,11554,Southbound_Lane1,1.5,0
1566,2026-08-06 18:56:13,CAM_JUNCTION_01,141,Car,0.972,7877,Eastbound_Lane1,29.6,0
1567,2026-08-06 18:56:13,CAM_JUNCTION_01,141,Car,0.865,4103,Northbound_Lane1,47.9,0
1568,2026-08-06 18:56:13,CAM_JUNCTION_01,141,Motorcycle,0.782,10729,Eastbound_Lane1,27.3,0
1569,2026-08-06 18:56:13,CAM_JUNCTION_01,141,Car,0.841,16259,Westbound_Lane1,7.5,0
1570,2026-08-06 18:56:13,CAM_JUNCTION_01,141,Car,0.922,6847,Northbound_Lane1,34.0,0
1571,2026-08-06 18:56:14,CAM_JUNCTION_01,142,Car,0.897,15290,Northbound_Lane2,20.9,0
1572,2026-08-06 18:56:14,CAM_JUNCTION_01,142,Motorcycle,0.814,2889,Northbound_Lane2,46.1,0
1573,2026-08-06 18:56:14,CAM_JUNCTION_01,143,Car,0.86,7352,Eastbound_Lane1,3.2,0
1574,2026-08-06 18:56:14,CAM_JUNCTION_01,143,Car,0.795,17643,Northbound_Lane1,2.0,0
1575,2026-08-06 18:56:14,CAM_JUNCTION_01,143,Car,0.958,12692,Westbound_Lane1,6.6,0
1576,2026-08-06 18:56:14,CAM_JUNCTION_01,143,Car,0.83,9216,Northbound_Lane2,45.5,0
1577,2026-08-06 18:56:14,CAM_JUNCTION_01,143,Truck,0.87,17580,Westbound_Lane1,4.1,0
1578,2026-08-06 18:56:14,CAM_JUNCTION_01,143,Motorcycle,0.846,17336,Southbound_Lane1,13.8,0
1579,2026-08-06 18:56:15,CAM_JUNCTION_01,144,Car,0.838,10022,Eastbound_Lane1,19.9,0
1580,2026-08-06 18:56:15,CAM_JUNCTION_01,144,Car,0.978,13287,Northbound_Lane2,34.0,0
1581,2026-08-06 18:56:15,CAM_JUNCTION_01,144,Truck,0.883,16135,Southbound_Lane1,1.9,0
1582,2026-08-06 18:56:15,CAM_JUNCTION_01,144,Car,0.793,11631,Eastbound_Lane1,44.5,0
1583,2026-08-06 18:56:15,CAM_JUNCTION_01,145,Car,0.975,12096,Northbound_Lane1,45.4,0
1584,2026-08-06 18:56:15,CAM_JUNCTION_01,145,Car,0.872,3312,Northbound_Lane2,16.8,0
1585,2026-08-06 18:56:15,CAM_JUNCTION_01,145,Car,0.883,13625,Westbound_Lane1,31.8,0
1586,2026-08-06 18:56:15,CAM_JUNCTION_01,145,Car,0.965,12164,Northbound_Lane1,30.8,0
1587,2026-08-06 18:56:16,CAM_JUNCTION_01,146,Car,0.826,4856,Westbound_Lane1,42.0,0
1588,2026-08-06 18:56:16,CAM_JUNCTION_01,146,Rickshaw,0.957,1632,Westbound_Lane1,30.8,0
1589,2026-08-06 18:56:16,CAM_JUNCTION_01,146,Car,0.812,7806,Southbound_Lane1,34.5,0
1590,2026-08-06 18:56:16,CAM_JUNCTION_01,146,Car,0.915,15615,Westbound_Lane1,3.8,0
1591,2026-08-06 18:56:16,CAM_JUNCTION_01,147,Car,0.934,7824,Southbound_Lane1,47.0,0
1592,2026-08-06 18:56:16,CAM_JUNCTION_01,147,Car,0.949,5185,Northbound_Lane2,2.9,0
1593,2026-08-06 18:56:16,CAM_JUNCTION_01,147,Car,0.869,6783,Westbound_Lane1,47.3,0
1594,2026-08-06 18:56:16,CAM_JUNCTION_01,147,Car,0.95,16915,Northbound_Lane2,51.9,0
1595,2026-08-06 18:56:16,CAM_JUNCTION_01,147,Car,0.836,17009,Southbound_Lane1,33.6,0
1596,2026-08-06 18:56:17,CAM_JUNCTION_01,148,Car,0.974,12731,Northbound_Lane1,49.9,0
1597,2026-08-06 18:56:17,CAM_JUNCTION_01,148,Car,0.79,3084,Eastbound_Lane1,7.2,0
1598,2026-08-06 18:56:17,CAM_JUNCTION_01,148,Car,0.841,10502,Northbound_Lane2,1.5,0
1599,2026-08-06 18:56:17,CAM_JUNCTION_01,148,Motorcycle,0.833,7111,Southbound_Lane1,32.6,0
1600,2026-08-06 18:56:17,CAM_JUNCTION_01,149,Car,0.912,3414,Northbound_Lane1,8.2,0
1601,2026-08-06 18:56:17,CAM_JUNCTION_01,149,Car,0.907,15447,Southbound_Lane1,46.3,0
1602,2026-08-06 18:56:17,CAM_JUNCTION_01,149,Motorcycle,0.86,13848,Westbound_Lane1,10.0,0
1603,2026-08-06 18:56:18,CAM_JUNCTION_01,150,Car,0.791,16399,Northbound_Lane2,5.4,0
1604,2026-08-06 18:56:18,CAM_JUNCTION_01,150,Car,0.896,5655,Northbound_Lane2,12.0,0
1605,2026-08-06 18:56:18,CAM_JUNCTION_01,150,Car,0.882,15497,Westbound_Lane1,42.1,0
1606,2026-08-06 18:56:18,CAM_JUNCTION_01,151,Car,0.837,10802,Northbound_Lane1,33.4,0
1607,2026-08-06 18:56:18,CAM_JUNCTION_01,151,Car,0.839,11137,Northbound_Lane2,28.1,0
1608,2026-08-06 18:56:18,CAM_JUNCTION_01,151,Car,0.882,6984,Southbound_Lane1,50.8,0
1609,2026-08-06 18:56:18,CAM_JUNCTION_01,151,Bus,0.797,6221,Southbound_Lane1,26.5,0
1610,2026-08-06 18:56:18,CAM_JUNCTION_01,151,Car,0.783,4835,Westbound_Lane1,8.3,0
1611,2026-08-06 18:56:18,CAM_JUNCTION_01,151,Car,0.946,3713,Eastbound_Lane1,2.2,0
1612,2026-08-06 18:56:19,CAM_JUNCTION_01,152,Car,0.965,13099,Southbound_Lane1,34.9,0
1613,2026-08-06 18:56:19,CAM_JUNCTION_01,152,Motorcycle,0.912,7213,Westbound_Lane1,24.8,0
1614,2026-08-06 18:56:19,CAM_JUNCTION_01,153,Car,0.911,10473,Eastbound_Lane1,28.5,0
1615,2026-08-06 18:56:19,CAM_JUNCTION_01,153,Car,0.9,13396,Southbound_Lane1,19.1,0
1616,2026-08-06 18:56:19,CAM_JUNCTION_01,153,Car,0.808,16406,Northbound_Lane1,27.6,0
1617,2026-08-06 18:56:19,CAM_JUNCTION_01,153,Car,0.861,5567,Westbound_Lane1,14.1,0
1618,2026-08-06 18:56:19,CAM_JUNCTION_01,153,Car,0.84,11763,Southbound_Lane1,18.5,0
1619,2026-08-06 18:56:20,CAM_JUNCTION_01,154,Car,0.797,7751,Northbound_Lane1,43.3,0
1620,2026-08-06 18:56:20,CAM_JUNCTION_01,154,Truck,0.888,13631,Westbound_Lane1,19.9,0
1621,2026-08-06 18:56:20,CAM_JUNCTION_01,155,Car,0.888,16074,Southbound_Lane1,24.9,0
1622,2026-08-06 18:56:20,CAM_JUNCTION_01,155,Car,0.961,10597,Southbound_Lane1,1.1,0
1623,2026-08-06 18:56:20,CAM_JUNCTION_01,155,Car,0.942,4142,Northbound_Lane2,5.8,0
1624,2026-08-06 18:56:20,CAM_JUNCTION_01,155,Car,0.861,14386,Westbound_Lane1,25.5,0
1625,2026-08-06 18:56:20,CAM_JUNCTION_01,155,Car,0.882,17821,Westbound_Lane1,19.4,0
1626,2026-08-06 18:56:20,CAM_JUNCTION_01,155,Car,0.823,5742,Southbound_Lane1,16.4,0
1627,2026-08-06 18:56:21,CAM_JUNCTION_01,156,Car,0.896,13391,Southbound_Lane1,31.9,0
1628,2026-08-06 18:56:21,CAM_JUNCTION_01,156,Car,0.949,13076,Northbound_Lane2,16.7,0
1629,2026-08-06 18:56:21,CAM_JUNCTION_01,156,Car,0.865,6618,Northbound_Lane2,14.1,0
1630,2026-08-06 18:56:21,CAM_JUNCTION_01,156,Car,0.875,11946,Eastbound_Lane1,25.8,0
1631,2026-08-06 18:56:21,CAM_JUNCTION_01,156,Car,0.863,8411,Northbound_Lane1,33.8,0
1632,2026-08-06 18:56:21,CAM_JUNCTION_01,157,Car,0.834,9738,Northbound_Lane2,0.3,0
1633,2026-08-06 18:56:21,CAM_JUNCTION_01,157,Motorcycle,0.904,9584,Northbound_Lane1,24.8,0
1634,2026-08-06 18:56:21,CAM_JUNCTION_01,157,Car,0.846,13226,Northbound_Lane1,44.8,0
1635,2026-08-06 18:56:21,CAM_JUNCTION_01,157,Car,0.852,7491,Westbound_Lane1,26.2,0
1636,2026-08-06 18:56:22,CAM_JUNCTION_01,158,Car,0.796,17529,Northbound_Lane1,32.4,0
1637,2026-08-06 18:56:22,CAM_JUNCTION_01,158,Car,0.813,9401,Westbound_Lane1,15.7,0
1638,2026-08-06 18:56:22,CAM_JUNCTION_01,159,Car,0.899,3749,Westbound_Lane1,35.1,0
1639,2026-08-06 18:56:22,CAM_JUNCTION_01,159,Car,0.874,17636,Northbound_Lane1,0.9,0
1640,2026-08-06 18:56:22,CAM_JUNCTION_01,159,Car,0.98,12363,Northbound_Lane2,46.2,0
1641,2026-08-06 18:56:22,CAM_JUNCTION_01,159,Car,0.909,12712,Westbound_Lane1,21.8,0
1642,2026-08-06 18:56:22,CAM_JUNCTION_01,159,Car,0.862,17559,Eastbound_Lane1,31.9,0
1643,2026-08-06 18:56:22,CAM_JUNCTION_01,159,Car,0.787,4041,Southbound_Lane1,37.5,0
1644,2026-08-06 18:56:23,CAM_JUNCTION_01,160,Car,0.919,2028,Northbound_Lane1,35.9,0
1645,2026-08-06 18:56:23,CAM_JUNCTION_01,160,Car,0.916,5209,Southbound_Lane1,27.1,0
1646,2026-08-06 18:56:23,CAM_JUNCTION_01,160,Bus,0.813,6348,Northbound_Lane1,3.9,0
1647,2026-08-06 18:56:23,CAM_JUNCTION_01,161,Bus,0.893,3166,Westbound_Lane1,42.7,0
1648,2026-08-06 18:56:23,CAM_JUNCTION_01,161,Car,0.964,14645,Northbound_Lane1,42.7,0
1649,2026-08-06 18:56:23,CAM_JUNCTION_01,161,Bus,0.881,14906,Northbound_Lane2,47.9,0
1650,2026-08-06 18:56:23,CAM_JUNCTION_01,161,Motorcycle,0.943,4075,Northbound_Lane2,9.6,0
1651,2026-08-06 18:56:23,CAM_JUNCTION_01,161,Car,0.931,17083,Northbound_Lane2,47.6,0
1652,2026-08-06 18:56:23,CAM_JUNCTION_01,161,Motorcycle,0.821,1764,Northbound_Lane1,14.2,0
1653,2026-08-06 18:56:24,CAM_JUNCTION_01,162,Car,0.924,6263,Eastbound_Lane1,30.9,0
1654,2026-08-06 18:56:24,CAM_JUNCTION_01,162,Car,0.872,17095,Southbound_Lane1,24.4,0
1655,2026-08-06 18:56:24,CAM_JUNCTION_01,162,Car,0.893,17888,Northbound_Lane2,2.6,0
1656,2026-08-06 18:56:24,CAM_JUNCTION_01,162,Car,0.807,7589,Westbound_Lane1,38.9,0
1657,2026-08-06 18:56:24,CAM_JUNCTION_01,162,Car,0.801,8097,Westbound_Lane1,25.5,0
1658,2026-08-06 18:56:24,CAM_JUNCTION_01,163,Car,0.885,16280,Northbound_Lane2,47.1,0
1659,2026-08-06 18:56:24,CAM_JUNCTION_01,163,Bus,0.902,6120,Westbound_Lane1,15.9,0
1660,2026-08-06 18:56:25,CAM_JUNCTION_01,164,Car,0.824,7940,Westbound_Lane1,26.6,0
1661,2026-08-06 18:56:25,CAM_JUNCTION_01,164,Car,0.905,14885,Northbound_Lane2,36.6,0
1662,2026-08-06 18:56:25,CAM_JUNCTION_01,164,Truck,0.862,11441,Southbound_Lane1,37.7,0
1663,2026-08-06 18:56:25,CAM_JUNCTION_01,165,Car,0.851,13000,Westbound_Lane1,40.6,0
1664,2026-08-06 18:56:25,CAM_JUNCTION_01,165,Car,0.846,3983,Northbound_Lane2,45.9,0
1665,2026-08-06 18:56:25,CAM_JUNCTION_01,165,Car,0.89,12164,Westbound_Lane1,34.7,0
1666,2026-08-06 18:56:26,CAM_JUNCTION_01,166,Car,0.855,16567,Northbound_Lane1,27.3,0
1667,2026-08-06 18:56:26,CAM_JUNCTION_01,166,Truck,0.945,15871,Northbound_Lane2,52.8,0
1668,2026-08-06 18:56:26,CAM_JUNCTION_01,166,Car,0.839,5701,Westbound_Lane1,37.3,0
1669,2026-08-06 18:56:26,CAM_JUNCTION_01,167,Motorcycle,0.944,1999,Eastbound_Lane1,3.9,0
1670,2026-08-06 18:56:26,CAM_JUNCTION_01,167,Motorcycle,0.856,17534,Southbound_Lane1,22.5,0
1671,2026-08-06 18:56:26,CAM_JUNCTION_01,167,Car,0.877,1432,Westbound_Lane1,10.4,0
1672,2026-08-06 18:56:26,CAM_JUNCTION_01,167,Car,0.943,13395,Northbound_Lane2,25.3,0
1673,2026-08-06 18:56:27,CAM_JUNCTION_01,168,Car,0.941,15174,Eastbound_Lane1,38.4,0
1674,2026-08-06 18:56:27,CAM_JUNCTION_01,168,Car,0.977,3171,Northbound_Lane1,38.5,0
1675,2026-08-06 18:56:27,CAM_JUNCTION_01,168,Car,0.883,1694,Southbound_Lane1,14.1,0
1676,2026-08-06 18:56:27,CAM_JUNCTION_01,168,Car,0.789,15019,Eastbound_Lane1,16.1,0
1677,2026-08-06 18:56:27,CAM_JUNCTION_01,169,Car,0.809,14713,Northbound_Lane1,3.0,0
1678,2026-08-06 18:56:27,CAM_JUNCTION_01,169,Car,0.816,10599,Eastbound_Lane1,10.5,0
1679,2026-08-06 18:56:27,CAM_JUNCTION_01,169,Car,0.799,13845,Northbound_Lane2,1.7,0
1680,2026-08-06 18:56:28,CAM_JUNCTION_01,170,Car,0.96,10570,Westbound_Lane1,37.3,0
1681,2026-08-06 18:56:28,CAM_JUNCTION_01,170,Car,0.953,13241,Southbound_Lane1,15.2,0
1682,2026-08-06 18:56:28,CAM_JUNCTION_01,170,Car,0.898,14374,Northbound_Lane2,47.6,0
1683,2026-08-06 18:56:28,CAM_JUNCTION_01,170,Car,0.833,7205,Southbound_Lane1,47.0,0
1684,2026-08-06 18:56:28,CAM_JUNCTION_01,170,Car,0.839,6037,Southbound_Lane1,49.4,0
1685,2026-08-06 18:56:28,CAM_JUNCTION_01,171,Car,0.82,7495,Westbound_Lane1,2.5,0
1686,2026-08-06 18:56:28,CAM_JUNCTION_01,171,Car,0.863,16687,Eastbound_Lane1,11.4,0
1687,2026-08-06 18:56:29,CAM_JUNCTION_01,172,Car,0.975,15720,Northbound_Lane2,27.4,0
1688,2026-08-06 18:56:29,CAM_JUNCTION_01,172,Car,0.78,13290,Northbound_Lane1,37.9,0
1689,2026-08-06 18:56:29,CAM_JUNCTION_01,173,Motorcycle,0.957,6393,Northbound_Lane2,10.2,0
1690,2026-08-06 18:56:29,CAM_JUNCTION_01,173,Car,0.913,8707,Northbound_Lane1,13.8,0
1691,2026-08-06 18:56:29,CAM_JUNCTION_01,173,Car,0.79,10353,Southbound_Lane1,51.9,0
1692,2026-08-06 18:56:29,CAM_JUNCTION_01,173,Car,0.86,13949,Southbound_Lane1,32.6,0
1693,2026-08-06 18:56:30,CAM_JUNCTION_01,174,Car,0.864,13933,Northbound_Lane1,54.6,0
1694,2026-08-06 18:56:30,CAM_JUNCTION_01,174,Car,0.928,15363,Eastbound_Lane1,47.6,0
1695,2026-08-06 18:56:30,CAM_JUNCTION_01,175,Car,0.873,15219,Northbound_Lane2,1.3,0
1696,2026-08-06 18:56:30,CAM_JUNCTION_01,175,Car,0.963,4862,Eastbound_Lane1,13.7,0
1697,2026-08-06 18:56:30,CAM_JUNCTION_01,175,Car,0.915,3944,Eastbound_Lane1,25.7,0
1698,2026-08-06 18:56:30,CAM_JUNCTION_01,175,Truck,0.895,9354,Southbound_Lane1,17.6,0
1699,2026-08-06 18:56:31,CAM_JUNCTION_01,176,Car,0.855,16557,Northbound_Lane2,24.6,0
1700,2026-08-06 18:56:31,CAM_JUNCTION_01,176,Car,0.892,7849,Westbound_Lane1,36.0,0
1701,2026-08-06 18:56:31,CAM_JUNCTION_01,176,Ambulance,0.868,3755,Northbound_Lane2,48.9,1
1702,2026-08-06 18:56:31,CAM_JUNCTION_01,176,Car,0.873,14228,Eastbound_Lane1,42.5,0
1703,2026-08-06 18:56:31,CAM_JUNCTION_01,176,Car,0.847,13942,Northbound_Lane1,20.4,0
1704,2026-08-06 18:56:31,CAM_JUNCTION_01,177,Car,0.949,16430,Southbound_Lane1,48.6,0
1705,2026-08-06 18:56:31,CAM_JUNCTION_01,177,Car,0.851,5660,Southbound_Lane1,4.5,0
1706,2026-08-06 18:56:31,CAM_JUNCTION_01,177,Car,0.897,13270,Eastbound_Lane1,30.2,0
1707,2026-08-06 18:56:31,CAM_JUNCTION_01,177,Car,0.877,6206,Southbound_Lane1,35.6,0
1708,2026-08-06 18:56:31,CAM_JUNCTION_01,177,Car,0.924,7522,Northbound_Lane1,28.9,0
1709,2026-08-06 18:56:32,CAM_JUNCTION_01,178,Motorcycle,0.855,16091,Westbound_Lane1,42.0,0
1710,2026-08-06 18:56:32,CAM_JUNCTION_01,178,Car,0.918,13871,Southbound_Lane1,28.2,0
1711,2026-08-06 18:56:32,CAM_JUNCTION_01,178,Car,0.885,14763,Southbound_Lane1,53.3,0
1712,2026-08-06 18:56:32,CAM_JUNCTION_01,178,Car,0.86,14355,Northbound_Lane1,30.3,0
1713,2026-08-06 18:56:32,CAM_JUNCTION_01,179,Car,0.924,9654,Northbound_Lane1,19.3,0
1714,2026-08-06 18:56:32,CAM_JUNCTION_01,179,Car,0.942,10838,Southbound_Lane1,51.4,0
1715,2026-08-06 18:56:33,CAM_JUNCTION_01,180,Car,0.888,10103,Southbound_Lane1,13.0,0
1716,2026-08-06 18:56:33,CAM_JUNCTION_01,180,Motorcycle,0.891,9239,Northbound_Lane1,7.8,0
1717,2026-08-06 18:56:33,CAM_JUNCTION_01,180,Car,0.925,14854,Eastbound_Lane1,13.7,0
1718,2026-08-06 18:56:33,CAM_JUNCTION_01,180,Car,0.817,11336,Eastbound_Lane1,49.5,0
1719,2026-08-06 18:56:33,CAM_JUNCTION_01,180,Car,0.946,1663,Westbound_Lane1,3.0,0
1720,2026-08-06 18:56:33,CAM_JUNCTION_01,181,Car,0.862,3815,Southbound_Lane1,28.0,0
1721,2026-08-06 18:56:33,CAM_JUNCTION_01,181,Bus,0.892,16529,Eastbound_Lane1,13.2,0
1722,2026-08-06 18:56:33,CAM_JUNCTION_01,181,Car,0.797,5545,Northbound_Lane1,10.7,0
1723,2026-08-06 18:56:33,CAM_JUNCTION_01,181,Car,0.866,7635,Westbound_Lane1,30.2,0
1724,2026-08-06 18:56:34,CAM_JUNCTION_01,182,Car,0.936,17329,Westbound_Lane1,42.7,0
1725,2026-08-06 18:56:34,CAM_JUNCTION_01,182,Car,0.917,13731,Westbound_Lane1,33.2,0
1726,2026-08-06 18:56:34,CAM_JUNCTION_01,182,Car,0.905,11201,Northbound_Lane1,7.0,0
1727,2026-08-06 18:56:34,CAM_JUNCTION_01,182,Car,0.937,4680,Westbound_Lane1,29.3,0
1728,2026-08-06 18:56:34,CAM_JUNCTION_01,182,Car,0.86,6495,Southbound_Lane1,29.2,0
1729,2026-08-06 18:56:34,CAM_JUNCTION_01,183,Car,0.889,11749,Northbound_Lane1,2.0,0
1730,2026-08-06 18:56:34,CAM_JUNCTION_01,183,Car,0.832,9094,Eastbound_Lane1,14.1,0
1731,2026-08-06 18:56:34,CAM_JUNCTION_01,183,Car,0.975,14237,Westbound_Lane1,50.8,0
1732,2026-08-06 18:56:35,CAM_JUNCTION_01,184,Car,0.915,11183,Westbound_Lane1,40.7,0
1733,2026-08-06 18:56:35,CAM_JUNCTION_01,184,Car,0.806,16026,Northbound_Lane1,21.4,0
1734,2026-08-06 18:56:35,CAM_JUNCTION_01,184,Car,0.793,12155,Westbound_Lane1,42.3,0
1735,2026-08-06 18:56:35,CAM_JUNCTION_01,184,Car,0.818,11158,Northbound_Lane1,49.8,0
1736,2026-08-06 18:56:35,CAM_JUNCTION_01,185,Car,0.903,16802,Southbound_Lane1,41.1,0
1737,2026-08-06 18:56:35,CAM_JUNCTION_01,185,Motorcycle,0.865,10721,Southbound_Lane1,35.3,0
1738,2026-08-06 18:56:35,CAM_JUNCTION_01,185,Motorcycle,0.831,8460,Northbound_Lane1,41.8,0
1739,2026-08-06 18:56:35,CAM_JUNCTION_01,185,Car,0.895,13910,Eastbound_Lane1,40.1,0
1740,2026-08-06 18:56:35,CAM_JUNCTION_01,185,Car,0.947,2705,Northbound_Lane1,11.3,0
1741,2026-08-06 18:56:36,CAM_JUNCTION_01,186,Car,0.957,9376,Southbound_Lane1,48.6,0
1742,2026-08-06 18:56:36,CAM_JUNCTION_01,186,Bus,0.874,15211,Northbound_Lane1,50.6,0
1743,2026-08-06 18:56:36,CAM_JUNCTION_01,187,Car,0.784,11771,Eastbound_Lane1,47.3,0
1744,2026-08-06 18:56:36,CAM_JUNCTION_01,187,Car,0.884,13786,Northbound_Lane2,33.0,0
1745,2026-08-06 18:56:36,CAM_JUNCTION_01,187,Motorcycle,0.783,2304,Southbound_Lane1,1.0,0
1746,2026-08-06 18:56:37,CAM_JUNCTION_01,188,Car,0.945,17009,Southbound_Lane1,2.9,0
1747,2026-08-06 18:56:37,CAM_JUNCTION_01,188,Car,0.937,9692,Southbound_Lane1,5.2,0
1748,2026-08-06 18:56:37,CAM_JUNCTION_01,188,Car,0.953,14553,Northbound_Lane1,39.0,0
1749,2026-08-06 18:56:37,CAM_JUNCTION_01,188,Car,0.902,15175,Northbound_Lane1,36.5,0
1750,2026-08-06 18:56:37,CAM_JUNCTION_01,189,Car,0.979,15387,Northbound_Lane1,17.4,0
1751,2026-08-06 18:56:37,CAM_JUNCTION_01,189,Car,0.82,3920,Northbound_Lane1,47.9,0
1752,2026-08-06 18:56:37,CAM_JUNCTION_01,189,Bus,0.916,15108,Eastbound_Lane1,40.7,0
1753,2026-08-06 18:56:37,CAM_JUNCTION_01,189,Car,0.841,13939,Westbound_Lane1,44.9,0
1754,2026-08-06 18:56:38,CAM_JUNCTION_01,190,Car,0.875,12995,Eastbound_Lane1,51.2,0
1755,2026-08-06 18:56:38,CAM_JUNCTION_01,190,Car,0.884,14926,Westbound_Lane1,40.6,0
1756,2026-08-06 18:56:38,CAM_JUNCTION_01,190,Car,0.93,11881,Westbound_Lane1,5.6,0
1757,2026-08-06 18:56:38,CAM_JUNCTION_01,191,Car,0.925,14628,Westbound_Lane1,13.5,0
1758,2026-08-06 18:56:38,CAM_JUNCTION_01,191,Car,0.914,12311,Northbound_Lane1,7.6,0
1759,2026-08-06 18:56:38,CAM_JUNCTION_01,191,Car,0.924,12901,Westbound_Lane1,15.5,0
1760,2026-08-06 18:56:38,CAM_JUNCTION_01,191,Rickshaw,0.947,16953,Northbound_Lane2,2.0,0
1761,2026-08-06 18:56:38,CAM_JUNCTION_01,191,Car,0.877,17229,Northbound_Lane2,43.4,0
1762,2026-08-06 18:56:38,CAM_JUNCTION_01,191,Car,0.845,3896,Southbound_Lane1,29.5,0
1763,2026-08-06 18:56:39,CAM_JUNCTION_01,192,Car,0.933,4694,Northbound_Lane2,44.1,0
1764,2026-08-06 18:56:39,CAM_JUNCTION_01,192,Car,0.822,8961,Eastbound_Lane1,20.7,0
1765,2026-08-06 18:56:39,CAM_JUNCTION_01,192,Car,0.83,8705,Southbound_Lane1,19.3,0
1766,2026-08-06 18:56:39,CAM_JUNCTION_01,192,Truck,0.851,16296,Westbound_Lane1,26.9,0
1767,2026-08-06 18:56:39,CAM_JUNCTION_01,193,Motorcycle,0.816,6468,Westbound_Lane1,16.4,0
1768,2026-08-06 18:56:39,CAM_JUNCTION_01,193,Car,0.862,17407,Eastbound_Lane1,25.1,0
1769,2026-08-06 18:56:39,CAM_JUNCTION_01,193,Motorcycle,0.822,3017,Eastbound_Lane1,24.9,0
1770,2026-08-06 18:56:39,CAM_JUNCTION_01,193,Truck,0.884,4330,Eastbound_Lane1,32.8,0
1771,2026-08-06 18:56:40,CAM_JUNCTION_01,194,Car,0.835,17041,Northbound_Lane1,33.4,0
1772,2026-08-06 18:56:40,CAM_JUNCTION_01,194,Car,0.949,8629,Northbound_Lane1,3.9,0
1773,2026-08-06 18:56:40,CAM_JUNCTION_01,194,Car,0.912,2614,Northbound_Lane1,2.7,0
1774,2026-08-06 18:56:40,CAM_JUNCTION_01,195,Car,0.938,7813,Northbound_Lane1,53.5,0
1775,2026-08-06 18:56:40,CAM_JUNCTION_01,195,Car,0.979,4600,Northbound_Lane1,41.3,0
1776,2026-08-06 18:56:41,CAM_JUNCTION_01,196,Bus,0.926,6842,Eastbound_Lane1,3.8,0
1777,2026-08-06 18:56:41,CAM_JUNCTION_01,196,Car,0.914,9174,Northbound_Lane2,49.0,0
1778,2026-08-06 18:56:41,CAM_JUNCTION_01,196,Car,0.887,2518,Northbound_Lane2,50.4,0
1779,2026-08-06 18:56:41,CAM_JUNCTION_01,196,Car,0.935,4817,Westbound_Lane1,10.7,0
1780,2026-08-06 18:56:41,CAM_JUNCTION_01,197,Car,0.886,8751,Eastbound_Lane1,12.7,0
1781,2026-08-06 18:56:41,CAM_JUNCTION_01,197,Car,0.816,16930,Southbound_Lane1,17.2,0
1782,2026-08-06 18:56:42,CAM_JUNCTION_01,198,Car,0.946,5040,Westbound_Lane1,51.9,0
1783,2026-08-06 18:56:42,CAM_JUNCTION_01,198,Car,0.875,2829,Westbound_Lane1,45.0,0
1784,2026-08-06 18:56:42,CAM_JUNCTION_01,198,Car,0.905,3820,Westbound_Lane1,24.2,0
1785,2026-08-06 18:56:42,CAM_JUNCTION_01,198,Car,0.844,12887,Southbound_Lane1,34.0,0
1786,2026-08-06 18:56:42,CAM_JUNCTION_01,199,Motorcycle,0.867,4235,Northbound_Lane1,15.0,0
1787,2026-08-06 18:56:42,CAM_JUNCTION_01,199,Car,0.963,17596,Southbound_Lane1,28.9,0
1788,2026-08-06 18:56:42,CAM_JUNCTION_01,199,Car,0.79,13234,Westbound_Lane1,9.8,0
1789,2026-08-06 18:56:43,CAM_JUNCTION_01,200,Bus,0.978,12410,Northbound_Lane1,31.4,0
1790,2026-08-06 18:56:43,CAM_JUNCTION_01,200,Car,0.853,4976,Southbound_Lane1,40.0,0
1791,2026-08-06 18:56:43,CAM_JUNCTION_01,200,Bus,0.916,9362,Southbound_Lane1,1.2,0
1792,2026-08-06 18:56:43,CAM_JUNCTION_01,201,Car,0.805,17290,Westbound_Lane1,8.0,0
1793,2026-08-06 18:56:43,CAM_JUNCTION_01,201,Truck,0.837,6064,Eastbound_Lane1,37.9,0
1794,2026-08-06 18:56:43,CAM_JUNCTION_01,201,Car,0.918,17897,Westbound_Lane1,21.9,0
1795,2026-08-06 18:56:44,CAM_JUNCTION_01,202,Car,0.803,8669,Eastbound_Lane1,5.1,0
1796,2026-08-06 18:56:44,CAM_JUNCTION_01,202,Motorcycle,0.911,17976,Southbound_Lane1,30.2,0
1797,2026-08-06 18:56:44,CAM_JUNCTION_01,202,Car,0.926,12822,Northbound_Lane1,17.2,0
1798,2026-08-06 18:56:44,CAM_JUNCTION_01,202,Car,0.818,8618,Southbound_Lane1,6.8,0
1799,2026-08-06 18:56:44,CAM_JUNCTION_01,203,Car,0.853,14746,Northbound_Lane1,32.5,0
1800,2026-08-06 18:56:44,CAM_JUNCTION_01,203,Car,0.936,9272,Northbound_Lane2,32.3,0
1801,2026-08-06 18:56:44,CAM_JUNCTION_01,203,Car,0.952,15319,Northbound_Lane2,49.1,0
1802,2026-08-06 18:56:44,CAM_JUNCTION_01,203,Car,0.934,5918,Southbound_Lane1,47.8,0
1803,2026-08-06 18:56:44,CAM_JUNCTION_01,203,Car,0.967,6063,Southbound_Lane1,31.6,0
1804,2026-08-06 18:56:44,CAM_JUNCTION_01,203,Car,0.913,8770,Northbound_Lane2,27.3,0
1805,2026-08-06 18:56:45,CAM_JUNCTION_01,204,Car,0.818,5591,Northbound_Lane1,36.2,0
1806,2026-08-06 18:56:45,CAM_JUNCTION_01,204,Car,0.797,5071,Northbound_Lane2,17.6,0
1807,2026-08-06 18:56:45,CAM_JUNCTION_01,204,Motorcycle,0.855,3267,Northbound_Lane1,2.3,0
1808,2026-08-06 18:56:45,CAM_JUNCTION_01,205,Car,0.969,7730,Westbound_Lane1,3.5,0
1809,2026-08-06 18:56:45,CAM_JUNCTION_01,205,Car,0.865,8499,Northbound_Lane2,39.7,0
1810,2026-08-06 18:56:46,CAM_JUNCTION_01,206,Car,0.831,10882,Northbound_Lane2,43.1,0
1811,2026-08-06 18:56:46,CAM_JUNCTION_01,206,Bus,0.92,9033,Westbound_Lane1,23.9,0
1812,2026-08-06 18:56:46,CAM_JUNCTION_01,206,Car,0.888,15979,Southbound_Lane1,40.6,0
1813,2026-08-06 18:56:46,CAM_JUNCTION_01,206,Car,0.908,4519,Eastbound_Lane1,45.5,0
1814,2026-08-06 18:56:46,CAM_JUNCTION_01,206,Car,0.79,2794,Northbound_Lane2,41.2,0
1815,2026-08-06 18:56:46,CAM_JUNCTION_01,206,Car,0.872,15467,Southbound_Lane1,5.5,0
1816,2026-08-06 18:56:46,CAM_JUNCTION_01,207,Car,0.833,8927,Westbound_Lane1,49.1,0
1817,2026-08-06 18:56:46,CAM_JUNCTION_01,207,Car,0.901,5831,Southbound_Lane1,17.9,0
1818,2026-08-06 18:56:46,CAM_JUNCTION_01,207,Car,0.943,6062,Northbound_Lane1,29.5,0
1819,2026-08-06 18:56:46,CAM_JUNCTION_01,207,Car,0.925,3927,Southbound_Lane1,49.0,0
1820,2026-08-06 18:56:46,CAM_JUNCTION_01,207,Motorcycle,0.786,17506,Northbound_Lane2,4.3,0
1821,2026-08-06 18:56:47,CAM_JUNCTION_01,208,Car,0.862,4741,Westbound_Lane1,53.2,0
1822,2026-08-06 18:56:47,CAM_JUNCTION_01,208,Car,0.787,16680,Westbound_Lane1,1.9,0
1823,2026-08-06 18:56:47,CAM_JUNCTION_01,208,Car,0.805,9944,Northbound_Lane2,17.9,0
1824,2026-08-06 18:56:47,CAM_JUNCTION_01,208,Car,0.866,5308,Westbound_Lane1,6.9,0
1825,2026-08-06 18:56:47,CAM_JUNCTION_01,208,Car,0.951,9852,Northbound_Lane2,32.9,0
1826,2026-08-06 18:56:47,CAM_JUNCTION_01,209,Car,0.801,15208,Southbound_Lane1,41.9,0
1827,2026-08-06 18:56:47,CAM_JUNCTION_01,209,Car,0.826,7020,Southbound_Lane1,28.3,0
1828,2026-08-06 18:56:47,CAM_JUNCTION_01,209,Bus,0.862,3115,Northbound_Lane2,2.3,0
1829,2026-08-06 18:56:48,CAM_JUNCTION_01,210,Car,0.88,2631,Southbound_Lane1,25.8,0
1830,2026-08-06 18:56:48,CAM_JUNCTION_01,210,Car,0.942,8349,Northbound_Lane1,49.1,0
1831,2026-08-06 18:56:48,CAM_JUNCTION_01,211,Motorcycle,0.901,1858,Southbound_Lane1,37.6,0
1832,2026-08-06 18:56:48,CAM_JUNCTION_01,211,Bus,0.935,11860,Westbound_Lane1,42.8,0
1833,2026-08-06 18:56:48,CAM_JUNCTION_01,211,Car,0.806,6046,Northbound_Lane1,23.9,0
1834,2026-08-06 18:56:49,CAM_JUNCTION_01,212,Car,0.877,11463,Westbound_Lane1,32.9,0
1835,2026-08-06 18:56:49,CAM_JUNCTION_01,212,Car,0.822,3761,Eastbound_Lane1,42.6,0
1836,2026-08-06 18:56:49,CAM_JUNCTION_01,212,Car,0.933,9010,Westbound_Lane1,50.4,0
1837,2026-08-06 18:56:49,CAM_JUNCTION_01,213,Truck,0.917,9402,Northbound_Lane2,9.9,0
1838,2026-08-06 18:56:49,CAM_JUNCTION_01,213,Rickshaw,0.865,18000,Northbound_Lane2,41.7,0
1839,2026-08-06 18:56:49,CAM_JUNCTION_01,213,Car,0.959,2014,Eastbound_Lane1,12.6,0
1840,2026-08-06 18:56:50,CAM_JUNCTION_01,214,Motorcycle,0.934,7469,Westbound_Lane1,50.6,0
1841,2026-08-06 18:56:50,CAM_JUNCTION_01,214,Car,0.942,17535,Northbound_Lane2,13.3,0
1842,2026-08-06 18:56:50,CAM_JUNCTION_01,214,Motorcycle,0.875,16198,Eastbound_Lane1,27.3,0
1843,2026-08-06 18:56:50,CAM_JUNCTION_01,214,Car,0.837,14645,Northbound_Lane2,43.4,0
1844,2026-08-06 18:56:50,CAM_JUNCTION_01,215,Car,0.828,4428,Northbound_Lane2,31.8,0
1845,2026-08-06 18:56:50,CAM_JUNCTION_01,215,Car,0.782,13314,Westbound_Lane1,25.5,0
1846,2026-08-06 18:56:50,CAM_JUNCTION_01,215,Car,0.802,17481,Northbound_Lane2,5.5,0
1847,2026-08-06 18:56:50,CAM_JUNCTION_01,215,Car,0.834,1440,Eastbound_Lane1,16.6,0
1848,2026-08-06 18:56:50,CAM_JUNCTION_01,215,Car,0.824,11977,Eastbound_Lane1,7.7,0
1849,2026-08-06 18:56:50,CAM_JUNCTION_01,215,Car,0.911,16563,Northbound_Lane2,19.4,0
1850,2026-08-06 18:56:51,CAM_JUNCTION_01,216,Car,0.966,8158,Northbound_Lane1,50.7,0
1851,2026-08-06 18:56:51,CAM_JUNCTION_01,216,Car,0.901,11184,Westbound_Lane1,10.4,0
1852,2026-08-06 18:56:51,CAM_JUNCTION_01,217,Car,0.963,15228,Westbound_Lane1,19.5,0
1853,2026-08-06 18:56:51,CAM_JUNCTION_01,217,Car,0.81,3690,Southbound_Lane1,25.3,0
1854,2026-08-06 18:56:51,CAM_JUNCTION_01,217,Car,0.865,3206,Westbound_Lane1,39.9,0
1855,2026-08-06 18:56:51,CAM_JUNCTION_01,217,Car,0.925,14715,Northbound_Lane1,47.7,0
1856,2026-08-06 18:56:51,CAM_JUNCTION_01,217,Car,0.87,15878,Southbound_Lane1,42.4,0
1857,2026-08-06 18:56:51,CAM_JUNCTION_01,217,Car,0.837,1832,Westbound_Lane1,41.5,0
1858,2026-08-06 18:56:52,CAM_JUNCTION_01,218,Car,0.785,11864,Northbound_Lane1,15.7,0
1859,2026-08-06 18:56:52,CAM_JUNCTION_01,218,Car,0.872,16791,Northbound_Lane2,0.9,0
1860,2026-08-06 18:56:52,CAM_JUNCTION_01,218,Car,0.974,12805,Eastbound_Lane1,31.8,0
1861,2026-08-06 18:56:52,CAM_JUNCTION_01,219,Car,0.948,2470,Southbound_Lane1,37.6,0
1862,2026-08-06 18:56:52,CAM_JUNCTION_01,219,Car,0.829,16160,Northbound_Lane1,39.4,0
1863,2026-08-06 18:56:53,CAM_JUNCTION_01,220,Car,0.952,4890,Southbound_Lane1,48.2,0
1864,2026-08-06 18:56:53,CAM_JUNCTION_01,220,Car,0.794,5716,Northbound_Lane1,15.1,0
1865,2026-08-06 18:56:53,CAM_JUNCTION_01,220,Car,0.954,11864,Southbound_Lane1,2.3,0
1866,2026-08-06 18:56:53,CAM_JUNCTION_01,220,Motorcycle,0.897,12481,Northbound_Lane2,50.8,0
1867,2026-08-06 18:56:53,CAM_JUNCTION_01,220,Bus,0.961,11637,Westbound_Lane1,41.5,0
1868,2026-08-06 18:56:53,CAM_JUNCTION_01,221,Motorcycle,0.872,7866,Eastbound_Lane1,10.3,0
1869,2026-08-06 18:56:53,CAM_JUNCTION_01,221,Car,0.973,7349,Northbound_Lane2,33.9,0
1870,2026-08-06 18:56:53,CAM_JUNCTION_01,221,Motorcycle,0.852,10611,Southbound_Lane1,26.8,0
1871,2026-08-06 18:56:53,CAM_JUNCTION_01,221,Car,0.914,11497,Westbound_Lane1,49.2,0
1872,2026-08-06 18:56:54,CAM_JUNCTION_01,222,Car,0.865,17253,Westbound_Lane1,37.7,0
1873,2026-08-06 18:56:54,CAM_JUNCTION_01,222,Car,0.853,3655,Eastbound_Lane1,23.4,0
1874,2026-08-06 18:56:54,CAM_JUNCTION_01,222,Ambulance,0.783,17612,Eastbound_Lane1,50.7,1
1875,2026-08-06 18:56:54,CAM_JUNCTION_01,222,Motorcycle,0.781,13686,Southbound_Lane1,17.7,0
1876,2026-08-06 18:56:54,CAM_JUNCTION_01,222,Car,0.88,4794,Westbound_Lane1,50.6,0
1877,2026-08-06 18:56:54,CAM_JUNCTION_01,222,Car,0.821,12121,Westbound_Lane1,10.8,0
1878,2026-08-06 18:56:54,CAM_JUNCTION_01,223,Car,0.893,6551,Southbound_Lane1,16.5,0
1879,2026-08-06 18:56:54,CAM_JUNCTION_01,223,Car,0.974,12959,Eastbound_Lane1,24.1,0
1880,2026-08-06 18:56:55,CAM_JUNCTION_01,224,Car,0.898,8902,Northbound_Lane1,41.1,0
1881,2026-08-06 18:56:55,CAM_JUNCTION_01,224,Car,0.956,3712,Southbound_Lane1,45.5,0
1882,2026-08-06 18:56:55,CAM_JUNCTION_01,224,Car,0.883,4522,Northbound_Lane1,33.8,0
1883,2026-08-06 18:56:55,CAM_JUNCTION_01,224,Car,0.896,5265,Northbound_Lane2,23.7,0
1884,2026-08-06 18:56:55,CAM_JUNCTION_01,225,Motorcycle,0.949,3835,Northbound_Lane2,50.7,0
1885,2026-08-06 18:56:55,CAM_JUNCTION_01,225,Car,0.94,9183,Westbound_Lane1,30.1,0
1886,2026-08-06 18:56:56,CAM_JUNCTION_01,226,Car,0.976,14891,Northbound_Lane2,33.2,0
1887,2026-08-06 18:56:56,CAM_JUNCTION_01,226,Car,0.804,10806,Northbound_Lane2,6.1,0
1888,2026-08-06 18:56:56,CAM_JUNCTION_01,226,Motorcycle,0.811,17756,Southbound_Lane1,45.2,0
1889,2026-08-06 18:56:56,CAM_JUNCTION_01,226,Car,0.852,6743,Northbound_Lane1,50.8,0
1890,2026-08-06 18:56:56,CAM_JUNCTION_01,226,Car,0.855,16093,Southbound_Lane1,21.4,0
1891,2026-08-06 18:56:56,CAM_JUNCTION_01,227,Motorcycle,0.885,5642,Westbound_Lane1,45.0,0
1892,2026-08-06 18:56:56,CAM_JUNCTION_01,227,Car,0.963,6332,Westbound_Lane1,44.9,0
1893,2026-08-06 18:56:56,CAM_JUNCTION_01,227,Car,0.92,11864,Eastbound_Lane1,19.0,0
1894,2026-08-06 18:56:56,CAM_JUNCTION_01,227,Car,0.784,4625,Westbound_Lane1,4.7,0
1895,2026-08-06 18:56:57,CAM_JUNCTION_01,228,Motorcycle,0.844,13617,Northbound_Lane1,22.0,0
1896,2026-08-06 18:56:57,CAM_JUNCTION_01,228,Car,0.792,10996,Northbound_Lane1,33.7,0
1897,2026-08-06 18:56:57,CAM_JUNCTION_01,229,Car,0.954,11894,Northbound_Lane1,36.1,0
1898,2026-08-06 18:56:57,CAM_JUNCTION_01,229,Car,0.837,8930,Northbound_Lane1,54.8,0
1899,2026-08-06 18:56:57,CAM_JUNCTION_01,229,Rickshaw,0.853,6022,Southbound_Lane1,16.2,0
1900,2026-08-06 18:56:57,CAM_JUNCTION_01,229,Car,0.807,17966,Northbound_Lane1,10.0,0
1901,2026-08-06 18:56:58,CAM_JUNCTION_01,230,Car,0.947,11329,Northbound_Lane2,27.3,0
1902,2026-08-06 18:56:58,CAM_JUNCTION_01,230,Car,0.88,14770,Northbound_Lane2,17.2,0
1903,2026-08-06 18:56:58,CAM_JUNCTION_01,230,Car,0.821,2547,Northbound_Lane2,1.9,0
1904,2026-08-06 18:56:58,CAM_JUNCTION_01,230,Car,0.872,13473,Northbound_Lane2,41.2,0
1905,2026-08-06 18:56:58,CAM_JUNCTION_01,231,Car,0.974,14852,Eastbound_Lane1,33.8,0
1906,2026-08-06 18:56:58,CAM_JUNCTION_01,231,Car,0.933,5264,Westbound_Lane1,29.7,0
1907,2026-08-06 18:56:58,CAM_JUNCTION_01,231,Motorcycle,0.866,1925,Northbound_Lane1,53.4,0
1908,2026-08-06 18:56:59,CAM_JUNCTION_01,232,Car,0.902,11969,Southbound_Lane1,6.9,0
1909,2026-08-06 18:56:59,CAM_JUNCTION_01,232,Motorcycle,0.877,7762,Southbound_Lane1,49.0,0
1910,2026-08-06 18:56:59,CAM_JUNCTION_01,232,Car,0.943,15932,Eastbound_Lane1,13.4,0
1911,2026-08-06 18:56:59,CAM_JUNCTION_01,232,Car,0.829,12799,Westbound_Lane1,33.7,0
1912,2026-08-06 18:56:59,CAM_JUNCTION_01,233,Car,0.79,8286,Northbound_Lane1,15.5,0
1913,2026-08-06 18:56:59,CAM_JUNCTION_01,233,Car,0.844,14761,Westbound_Lane1,49.9,0
1914,2026-08-06 18:56:59,CAM_JUNCTION_01,233,Car,0.948,10466,Eastbound_Lane1,4.1,0
1915,2026-08-06 18:56:59,CAM_JUNCTION_01,233,Car,0.857,7916,Westbound_Lane1,22.3,0
1916,2026-08-06 18:56:59,CAM_JUNCTION_01,233,Motorcycle,0.821,10365,Eastbound_Lane1,40.7,0
1917,2026-08-06 18:57:00,CAM_JUNCTION_01,234,Car,0.805,1839,Westbound_Lane1,34.8,0
1918,2026-08-06 18:57:00,CAM_JUNCTION_01,234,Car,0.865,5418,Westbound_Lane1,3.0,0
1919,2026-08-06 18:57:00,CAM_JUNCTION_01,234,Car,0.82,13742,Northbound_Lane1,54.9,0
1920,2026-08-06 18:57:00,CAM_JUNCTION_01,234,Car,0.848,11395,Southbound_Lane1,2.2,0
1921,2026-08-06 18:57:00,CAM_JUNCTION_01,234,Car,0.909,16576,Northbound_Lane1,37.3,0
1922,2026-08-06 18:57:00,CAM_JUNCTION_01,234,Car,0.956,2610,Northbound_Lane2,32.1,0
1923,2026-08-06 18:57:00,CAM_JUNCTION_01,235,Car,0.88,8055,Eastbound_Lane1,31.7,0
1924,2026-08-06 18:57:00,CAM_JUNCTION_01,235,Motorcycle,0.83,10136,Southbound_Lane1,3.9,0
1925,2026-08-06 18:57:00,CAM_JUNCTION_01,235,Car,0.97,10596,Westbound_Lane1,20.4,0
1926,2026-08-06 18:57:00,CAM_JUNCTION_01,235,Car,0.787,1462,Southbound_Lane1,11.0,0
1927,2026-08-06 18:57:01,CAM_JUNCTION_01,236,Car,0.951,17907,Northbound_Lane1,22.6,0
1928,2026-08-06 18:57:01,CAM_JUNCTION_01,236,Car,0.934,4137,Northbound_Lane1,37.9,0
1929,2026-08-06 18:57:01,CAM_JUNCTION_01,236,Car,0.849,8235,Southbound_Lane1,47.9,0
1930,2026-08-06 18:57:01,CAM_JUNCTION_01,236,Motorcycle,0.874,6174,Northbound_Lane2,22.4,0
1931,2026-08-06 18:57:01,CAM_JUNCTION_01,237,Car,0.883,16234,Northbound_Lane2,48.4,0
1932,2026-08-06 18:57:01,CAM_JUNCTION_01,237,Car,0.788,14695,Southbound_Lane1,31.1,0
1933,2026-08-06 18:57:01,CAM_JUNCTION_01,237,Car,0.94,8163,Northbound_Lane2,25.8,0
1934,2026-08-06 18:57:01,CAM_JUNCTION_01,237,Car,0.953,17797,Southbound_Lane1,11.1,0
1935,2026-08-06 18:57:02,CAM_JUNCTION_01,238,Car,0.824,8007,Northbound_Lane1,34.8,0
1936,2026-08-06 18:57:02,CAM_JUNCTION_01,238,Motorcycle,0.875,17177,Northbound_Lane1,19.5,0
1937,2026-08-06 18:57:02,CAM_JUNCTION_01,238,Car,0.83,13339,Northbound_Lane1,4.5,0
1938,2026-08-06 18:57:02,CAM_JUNCTION_01,238,Car,0.808,13047,Northbound_Lane2,6.2,0
1939,2026-08-06 18:57:02,CAM_JUNCTION_01,238,Car,0.851,16306,Northbound_Lane1,18.1,0
1940,2026-08-06 18:57:02,CAM_JUNCTION_01,238,Motorcycle,0.881,11476,Westbound_Lane1,15.5,0
1941,2026-08-06 18:57:02,CAM_JUNCTION_01,239,Motorcycle,0.896,8132,Westbound_Lane1,54.2,0
1942,2026-08-06 18:57:02,CAM_JUNCTION_01,239,Rickshaw,0.845,2495,Southbound_Lane1,51.6,0
1943,2026-08-06 18:57:02,CAM_JUNCTION_01,239,Car,0.911,10103,Westbound_Lane1,21.2,0
1944,2026-08-06 18:57:02,CAM_JUNCTION_01,239,Car,0.878,9763,Northbound_Lane2,28.1,0
1945,2026-08-06 18:57:03,CAM_JUNCTION_01,240,Car,0.943,13305,Westbound_Lane1,18.0,0
1946,2026-08-06 18:57:03,CAM_JUNCTION_01,240,Car,0.841,16384,Westbound_Lane1,48.1,0
1947,2026-08-06 18:57:03,CAM_JUNCTION_01,240,Car,0.975,14325,Eastbound_Lane1,39.0,0
1948,2026-08-06 18:57:03,CAM_JUNCTION_01,240,Car,0.843,6775,Westbound_Lane1,23.4,0
1949,2026-08-06 18:57:03,CAM_JUNCTION_01,240,Truck,0.931,4898,Eastbound_Lane1,15.4,0
1950,2026-08-06 18:57:03,CAM_JUNCTION_01,240,Car,0.874,6670,Westbound_Lane1,8.1,0
1951,2026-08-06 18:57:03,CAM_JUNCTION_01,241,Car,0.906,15544,Southbound_Lane1,46.6,0
1952,2026-08-06 18:57:03,CAM_JUNCTION_01,241,Car,0.847,8900,Southbound_Lane1,51.1,0
1953,2026-08-06 18:57:03,CAM_JUNCTION_01,241,Car,0.793,16007,Northbound_Lane1,51.3,0
1954,2026-08-06 18:57:04,CAM_JUNCTION_01,242,Car,0.932,2656,Eastbound_Lane1,14.6,0
1955,2026-08-06 18:57:04,CAM_JUNCTION_01,242,Car,0.977,14357,Southbound_Lane1,6.6,0
1956,2026-08-06 18:57:04,CAM_JUNCTION_01,243,Car,0.891,15452,Southbound_Lane1,13.7,0
1957,2026-08-06 18:57:04,CAM_JUNCTION_01,243,Car,0.951,10596,Northbound_Lane1,52.6,0
1958,2026-08-06 18:57:04,CAM_JUNCTION_01,243,Car,0.857,8715,Eastbound_Lane1,8.7,0
1959,2026-08-06 18:57:04,CAM_JUNCTION_01,243,Car,0.869,17819,Northbound_Lane2,20.9,0
1960,2026-08-06 18:57:05,CAM_JUNCTION_01,244,Car,0.834,16897,Northbound_Lane1,43.0,0
1961,2026-08-06 18:57:05,CAM_JUNCTION_01,244,Car,0.855,4453,Northbound_Lane1,41.4,0
1962,2026-08-06 18:57:05,CAM_JUNCTION_01,244,Car,0.831,13821,Southbound_Lane1,5.0,0
1963,2026-08-06 18:57:05,CAM_JUNCTION_01,244,Car,0.83,15799,Westbound_Lane1,51.2,0
1964,2026-08-06 18:57:05,CAM_JUNCTION_01,244,Bus,0.866,13910,Southbound_Lane1,47.9,0
1965,2026-08-06 18:57:05,CAM_JUNCTION_01,244,Motorcycle,0.938,2484,Southbound_Lane1,27.7,0
1966,2026-08-06 18:57:05,CAM_JUNCTION_01,245,Motorcycle,0.805,11402,Southbound_Lane1,44.2,0
1967,2026-08-06 18:57:05,CAM_JUNCTION_01,245,Car,0.835,5778,Eastbound_Lane1,10.3,0
1968,2026-08-06 18:57:05,CAM_JUNCTION_01,245,Car,0.91,14107,Northbound_Lane1,12.6,0
1969,2026-08-06 18:57:06,CAM_JUNCTION_01,246,Car,0.81,13736,Northbound_Lane2,13.7,0
1970,2026-08-06 18:57:06,CAM_JUNCTION_01,246,Car,0.949,13626,Southbound_Lane1,44.6,0
1971,2026-08-06 18:57:06,CAM_JUNCTION_01,246,Car,0.94,8785,Northbound_Lane2,47.1,0
1972,2026-08-06 18:57:06,CAM_JUNCTION_01,246,Car,0.868,7421,Westbound_Lane1,35.9,0
1973,2026-08-06 18:57:06,CAM_JUNCTION_01,246,Car,0.83,4930,Northbound_Lane2,25.1,0
1974,2026-08-06 18:57:06,CAM_JUNCTION_01,246,Car,0.812,12610,Northbound_Lane2,14.9,0
1975,2026-08-06 18:57:06,CAM_JUNCTION_01,247,Car,0.978,10939,Northbound_Lane2,51.7,0
1976,2026-08-06 18:57:06,CAM_JUNCTION_01,247,Car,0.855,10062,Northbound_Lane1,20.5,0
1977,2026-08-06 18:57:06,CAM_JUNCTION_01,247,Car,0.86,13890,Northbound_Lane2,43.4,0
1978,2026-08-06 18:57:06,CAM_JUNCTION_01,247,Car,0.965,13320,Northbound_Lane2,42.1,0
1979,2026-08-06 18:57:06,CAM_JUNCTION_01,247,Car,0.906,4519,Eastbound_Lane1,31.8,0
1980,2026-08-06 18:57:06,CAM_JUNCTION_01,247,Car,0.96,14677,Southbound_Lane1,25.7,0
1981,2026-08-06 18:57:07,CAM_JUNCTION_01,248,Car,0.934,13210,Eastbound_Lane1,30.3,0
1982,2026-08-06 18:57:07,CAM_JUNCTION_01,248,Car,0.803,8825,Westbound_Lane1,47.7,0
1983,2026-08-06 18:57:07,CAM_JUNCTION_01,248,Car,0.967,5410,Northbound_Lane2,40.6,0
1984,2026-08-06 18:57:07,CAM_JUNCTION_01,248,Car,0.849,14786,Northbound_Lane1,8.4,0
1985,2026-08-06 18:57:07,CAM_JUNCTION_01,249,Car,0.862,5060,Northbound_Lane1,34.8,0
1986,2026-08-06 18:57:07,CAM_JUNCTION_01,249,Car,0.848,4311,Southbound_Lane1,39.4,0
1987,2026-08-06 18:57:07,CAM_JUNCTION_01,249,Car,0.976,4092,Eastbound_Lane1,54.0,0
1988,2026-08-06 18:57:07,CAM_JUNCTION_01,249,Car,0.898,11747,Northbound_Lane2,40.4,0
1989,2026-08-06 18:57:07,CAM_JUNCTION_01,249,Car,0.922,2928,Eastbound_Lane1,6.3,0
1990,2026-08-06 18:57:07,CAM_JUNCTION_01,249,Car,0.933,4747,Westbound_Lane1,34.1,0
1991,2026-08-06 18:57:08,CAM_JUNCTION_01,250,Car,0.881,2138,Southbound_Lane1,44.4,0
1992,2026-08-06 18:57:08,CAM_JUNCTION_01,250,Motorcycle,0.832,1365,Northbound_Lane2,0.9,0
1993,2026-08-06 18:57:08,CAM_JUNCTION_01,250,Car,0.894,7761,Northbound_Lane2,4.2,0
1994,2026-08-06 18:57:08,CAM_JUNCTION_01,251,Car,0.95,1372,Southbound_Lane1,43.7,0
1995,2026-08-06 18:57:08,CAM_JUNCTION_01,251,Car,0.832,1623,Northbound_Lane1,52.4,0
1996,2026-08-06 18:57:09,CAM_JUNCTION_01,252,Car,0.955,4947,Westbound_Lane1,53.6,0
1997,2026-08-06 18:57:09,CAM_JUNCTION_01,252,Car,0.875,1780,Southbound_Lane1,36.7,0
1998,2026-08-06 18:57:09,CAM_JUNCTION_01,253,Car,0.817,11365,Eastbound_Lane1,49.3,0
1999,2026-08-06 18:57:09,CAM_JUNCTION_01,253,Car,0.796,11132,Northbound_Lane1,28.3,0
2000,2026-08-06 18:57:09,CAM_JUNCTION_01,253,Car,0.798,2591,Southbound_Lane1,22.5,0
2001,2026-08-06 18:57:09,CAM_JUNCTION_01,253,Car,0.877,14749,Southbound_Lane1,19.7,0
2002,2026-08-06 18:57:09,CAM_JUNCTION_01,253,Car,0.92,7056,Northbound_Lane2,13.2,0
2003,2026-08-06 18:57:10,CAM_JUNCTION_01,254,Rickshaw,0.783,15081,Northbound_Lane2,2.1,0
2004,2026-08-06 18:57:10,CAM_JUNCTION_01,254,Car,0.796,3185,Westbound_Lane1,43.3,0
2005,2026-08-06 18:57:10,CAM_JUNCTION_01,254,Car,0.879,8907,Eastbound_Lane1,30.4,0
2006,2026-08-06 18:57:10,CAM_JUNCTION_01,255,Car,0.9,13580,Southbound_Lane1,35.3,0
2007,2026-08-06 18:57:10,CAM_JUNCTION_01,255,Car,0.889,8151,Northbound_Lane2,8.2,0
2008,2026-08-06 18:57:10,CAM_JUNCTION_01,255,Car,0.938,2070,Westbound_Lane1,23.9,0
2009,2026-08-06 18:57:10,CAM_JUNCTION_01,255,Bus,0.86,3268,Southbound_Lane1,27.0,0
2010,2026-08-06 18:57:11,CAM_JUNCTION_01,256,Car,0.894,15178,Northbound_Lane1,48.2,0
2011,2026-08-06 18:57:11,CAM_JUNCTION_01,256,Car,0.871,13481,Eastbound_Lane1,21.8,0
2012,2026-08-06 18:57:11,CAM_JUNCTION_01,257,Car,0.862,5999,Southbound_Lane1,37.2,0
2013,2026-08-06 18:57:11,CAM_JUNCTION_01,257,Motorcycle,0.915,9403,Eastbound_Lane1,48.4,0
2014,2026-08-06 18:57:11,CAM_JUNCTION_01,257,Car,0.832,5677,Westbound_Lane1,20.3,0
2015,2026-08-06 18:57:11,CAM_JUNCTION_01,257,Car,0.873,1596,Westbound_Lane1,5.1,0
2016,2026-08-06 18:57:12,CAM_JUNCTION_01,258,Car,0.859,17825,Northbound_Lane1,44.4,0
2017,2026-08-06 18:57:12,CAM_JUNCTION_01,258,Motorcycle,0.852,4302,Eastbound_Lane1,40.8,0
2018,2026-08-06 18:57:12,CAM_JUNCTION_01,258,Car,0.83,8830,Northbound_Lane2,6.5,0
2019,2026-08-06 18:57:12,CAM_JUNCTION_01,258,Car,0.963,3719,Northbound_Lane1,50.2,0
2020,2026-08-06 18:57:12,CAM_JUNCTION_01,259,Car,0.845,8551,Northbound_Lane1,21.7,0
2021,2026-08-06 18:57:12,CAM_JUNCTION_01,259,Car,0.892,8914,Southbound_Lane1,43.2,0
2022,2026-08-06 18:57:12,CAM_JUNCTION_01,259,Car,0.838,14693,Eastbound_Lane1,41.1,0
2023,2026-08-06 18:57:12,CAM_JUNCTION_01,259,Car,0.872,13557,Eastbound_Lane1,23.0,0
2024,2026-08-06 18:57:12,CAM_JUNCTION_01,259,Car,0.821,6294,Eastbound_Lane1,6.3,0
2025,2026-08-06 18:57:13,CAM_JUNCTION_01,260,Car,0.963,9648,Southbound_Lane1,36.5,0
2026,2026-08-06 18:57:13,CAM_JUNCTION_01,260,Car,0.804,15117,Southbound_Lane1,19.4,0
2027,2026-08-06 18:57:13,CAM_JUNCTION_01,260,Car,0.818,12735,Northbound_Lane2,16.9,0
2028,2026-08-06 18:57:13,CAM_JUNCTION_01,260,Car,0.879,10308,Northbound_Lane2,14.6,0
2029,2026-08-06 18:57:13,CAM_JUNCTION_01,260,Car,0.87,8275,Southbound_Lane1,44.9,0
2030,2026-08-06 18:57:13,CAM_JUNCTION_01,260,Car,0.854,9254,Northbound_Lane1,28.7,0
2031,2026-08-06 18:57:13,CAM_JUNCTION_01,261,Bus,0.902,2101,Eastbound_Lane1,54.0,0
2032,2026-08-06 18:57:13,CAM_JUNCTION_01,261,Motorcycle,0.889,2109,Southbound_Lane1,28.4,0
2033,2026-08-06 18:57:13,CAM_JUNCTION_01,261,Car,0.937,7529,Westbound_Lane1,39.8,0
2034,2026-08-06 18:57:13,CAM_JUNCTION_01,261,Bus,0.785,6945,Westbound_Lane1,6.8,0
2035,2026-08-06 18:57:14,CAM_JUNCTION_01,262,Car,0.857,10886,Eastbound_Lane1,16.8,0
2036,2026-08-06 18:57:14,CAM_JUNCTION_01,262,Car,0.911,14675,Eastbound_Lane1,1.3,0
2037,2026-08-06 18:57:14,CAM_JUNCTION_01,263,Car,0.882,10735,Southbound_Lane1,5.7,0
2038,2026-08-06 18:57:14,CAM_JUNCTION_01,263,Car,0.861,13841,Southbound_Lane1,29.3,0
2039,2026-08-06 18:57:14,CAM_JUNCTION_01,263,Car,0.946,3793,Northbound_Lane2,30.0,0
2040,2026-08-06 18:57:15,CAM_JUNCTION_01,264,Car,0.862,3385,Southbound_Lane1,29.5,0
2041,2026-08-06 18:57:15,CAM_JUNCTION_01,264,Car,0.863,2245,Southbound_Lane1,39.4,0
2042,2026-08-06 18:57:15,CAM_JUNCTION_01,264,Car,0.892,6204,Eastbound_Lane1,51.6,0
2043,2026-08-06 18:57:15,CAM_JUNCTION_01,264,Bus,0.821,3950,Northbound_Lane1,18.8,0
2044,2026-08-06 18:57:15,CAM_JUNCTION_01,264,Car,0.925,8428,Eastbound_Lane1,49.8,0
2045,2026-08-06 18:57:15,CAM_JUNCTION_01,264,Car,0.962,12590,Northbound_Lane1,16.4,0
2046,2026-08-06 18:57:15,CAM_JUNCTION_01,265,Motorcycle,0.889,17901,Southbound_Lane1,45.0,0
2047,2026-08-06 18:57:15,CAM_JUNCTION_01,265,Car,0.793,12828,Westbound_Lane1,41.8,0
2048,2026-08-06 18:57:15,CAM_JUNCTION_01,265,Car,0.967,7564,Westbound_Lane1,32.0,0
2049,2026-08-06 18:57:15,CAM_JUNCTION_01,265,Car,0.803,10267,Northbound_Lane1,8.4,0
2050,2026-08-06 18:57:15,CAM_JUNCTION_01,265,Car,0.952,9474,Westbound_Lane1,16.2,0
2051,2026-08-06 18:57:15,CAM_JUNCTION_01,265,Car,0.966,2703,Southbound_Lane1,40.6,0
2052,2026-08-06 18:57:16,CAM_JUNCTION_01,266,Car,0.947,11562,Northbound_Lane2,36.9,0
2053,2026-08-06 18:57:16,CAM_JUNCTION_01,266,Car,0.868,11326,Westbound_Lane1,45.5,0
2054,2026-08-06 18:57:16,CAM_JUNCTION_01,266,Car,0.848,1916,Westbound_Lane1,35.3,0
2055,2026-08-06 18:57:16,CAM_JUNCTION_01,267,Car,0.969,14371,Eastbound_Lane1,37.8,0
2056,2026-08-06 18:57:16,CAM_JUNCTION_01,267,Car,0.926,8261,Southbound_Lane1,35.3,0
2057,2026-08-06 18:57:16,CAM_JUNCTION_01,267,Car,0.912,11749,Northbound_Lane1,52.4,0
2058,2026-08-06 18:57:16,CAM_JUNCTION_01,267,Car,0.819,2944,Westbound_Lane1,30.9,0
2059,2026-08-06 18:57:16,CAM_JUNCTION_01,267,Motorcycle,0.845,13665,Westbound_Lane1,14.5,0
2060,2026-08-06 18:57:17,CAM_JUNCTION_01,268,Car,0.844,3943,Southbound_Lane1,49.8,0
2061,2026-08-06 18:57:17,CAM_JUNCTION_01,268,Motorcycle,0.927,7221,Northbound_Lane1,6.1,0
2062,2026-08-06 18:57:17,CAM_JUNCTION_01,268,Car,0.949,13079,Westbound_Lane1,37.1,0
2063,2026-08-06 18:57:17,CAM_JUNCTION_01,268,Car,0.815,12092,Eastbound_Lane1,22.1,0
2064,2026-08-06 18:57:17,CAM_JUNCTION_01,268,Car,0.918,10637,Eastbound_Lane1,54.8,0
2065,2026-08-06 18:57:17,CAM_JUNCTION_01,268,Car,0.782,6370,Westbound_Lane1,37.9,0
2066,2026-08-06 18:57:17,CAM_JUNCTION_01,269,Car,0.832,6222,Northbound_Lane1,50.1,0
2067,2026-08-06 18:57:17,CAM_JUNCTION_01,269,Car,0.791,6437,Eastbound_Lane1,42.4,0
2068,2026-08-06 18:57:18,CAM_JUNCTION_01,270,Bus,0.866,1826,Northbound_Lane1,40.4,0
2069,2026-08-06 18:57:18,CAM_JUNCTION_01,270,Car,0.937,3664,Northbound_Lane2,26.8,0
2070,2026-08-06 18:57:18,CAM_JUNCTION_01,271,Car,0.827,10840,Southbound_Lane1,44.6,0
2071,2026-08-06 18:57:18,CAM_JUNCTION_01,271,Car,0.862,6439,Southbound_Lane1,28.7,0
2072,2026-08-06 18:57:18,CAM_JUNCTION_01,271,Motorcycle,0.956,13451,Northbound_Lane2,15.4,0
2073,2026-08-06 18:57:18,CAM_JUNCTION_01,271,Car,0.874,12746,Southbound_Lane1,6.4,0
2074,2026-08-06 18:57:19,CAM_JUNCTION_01,272,Car,0.951,1657,Northbound_Lane1,42.6,0
2075,2026-08-06 18:57:19,CAM_JUNCTION_01,272,Car,0.82,12250,Southbound_Lane1,44.0,0
2076,2026-08-06 18:57:19,CAM_JUNCTION_01,272,Car,0.835,17693,Westbound_Lane1,54.9,0
2077,2026-08-06 18:57:19,CAM_JUNCTION_01,272,Car,0.929,9555,Southbound_Lane1,22.1,0
2078,2026-08-06 18:57:19,CAM_JUNCTION_01,273,Car,0.818,2092,Northbound_Lane1,54.4,0
2079,2026-08-06 18:57:19,CAM_JUNCTION_01,273,Motorcycle,0.806,8195,Northbound_Lane1,1.6,0
2080,2026-08-06 18:57:19,CAM_JUNCTION_01,273,Motorcycle,0.851,11258,Northbound_Lane2,53.9,0
2081,2026-08-06 18:57:19,CAM_JUNCTION_01,273,Motorcycle,0.961,1329,Northbound_Lane1,44.6,0
2082,2026-08-06 18:57:19,CAM_JUNCTION_01,273,Car,0.903,10557,Eastbound_Lane1,41.3,0
2083,2026-08-06 18:57:19,CAM_JUNCTION_01,273,Car,0.963,6343,Southbound_Lane1,1.7,0
2084,2026-08-06 18:57:20,CAM_JUNCTION_01,274,Car,0.953,13184,Westbound_Lane1,8.4,0
2085,2026-08-06 18:57:20,CAM_JUNCTION_01,274,Motorcycle,0.972,13435,Eastbound_Lane1,49.8,0
2086,2026-08-06 18:57:20,CAM_JUNCTION_01,274,Car,0.787,4701,Eastbound_Lane1,30.0,0
2087,2026-08-06 18:57:20,CAM_JUNCTION_01,274,Car,0.947,11405,Northbound_Lane2,47.9,0
2088,2026-08-06 18:57:20,CAM_JUNCTION_01,275,Motorcycle,0.965,9003,Northbound_Lane2,19.6,0
2089,2026-08-06 18:57:20,CAM_JUNCTION_01,275,Car,0.969,8064,Westbound_Lane1,25.5,0
2090,2026-08-06 18:57:20,CAM_JUNCTION_01,275,Car,0.883,7440,Northbound_Lane1,14.0,0
2091,2026-08-06 18:57:20,CAM_JUNCTION_01,275,Car,0.83,8428,Eastbound_Lane1,37.7,0
2092,2026-08-06 18:57:20,CAM_JUNCTION_01,275,Car,0.797,10535,Northbound_Lane1,44.0,0
2093,2026-08-06 18:57:20,CAM_JUNCTION_01,275,Bus,0.84,17729,Northbound_Lane2,4.5,0
2094,2026-08-06 18:57:21,CAM_JUNCTION_01,276,Car,0.859,9014,Westbound_Lane1,46.6,0
2095,2026-08-06 18:57:21,CAM_JUNCTION_01,276,Car,0.909,17435,Southbound_Lane1,6.0,0
2096,2026-08-06 18:57:21,CAM_JUNCTION_01,276,Car,0.978,17540,Northbound_Lane1,36.2,0
2097,2026-08-06 18:57:21,CAM_JUNCTION_01,276,Motorcycle,0.865,2700,Southbound_Lane1,54.6,0
2098,2026-08-06 18:57:21,CAM_JUNCTION_01,276,Car,0.809,11894,Northbound_Lane2,45.8,0
2099,2026-08-06 18:57:21,CAM_JUNCTION_01,276,Car,0.891,2069,Eastbound_Lane1,40.9,0
2100,2026-08-06 18:57:21,CAM_JUNCTION_01,277,Car,0.823,4062,Southbound_Lane1,42.5,0
2101,2026-08-06 18:57:21,CAM_JUNCTION_01,277,Car,0.935,8516,Southbound_Lane1,6.6,0
2102,2026-08-06 18:57:21,CAM_JUNCTION_01,277,Car,0.802,7238,Westbound_Lane1,29.4,0
2103,2026-08-06 18:57:21,CAM_JUNCTION_01,277,Car,0.832,4291,Eastbound_Lane1,9.6,0
2104,2026-08-06 18:57:21,CAM_JUNCTION_01,277,Truck,0.913,14395,Northbound_Lane2,40.2,0
2105,2026-08-06 18:57:22,CAM_JUNCTION_01,278,Car,0.898,10929,Northbound_Lane1,30.6,0
2106,2026-08-06 18:57:22,CAM_JUNCTION_01,278,Car,0.914,4200,Westbound_Lane1,36.0,0
2107,2026-08-06 18:57:22,CAM_JUNCTION_01,278,Motorcycle,0.792,2664,Northbound_Lane1,17.7,0
2108,2026-08-06 18:57:22,CAM_JUNCTION_01,279,Car,0.795,3940,Eastbound_Lane1,17.1,0
2109,2026-08-06 18:57:22,CAM_JUNCTION_01,279,Car,0.861,14362,Northbound_Lane1,26.0,0
2110,2026-08-06 18:57:22,CAM_JUNCTION_01,279,Car,0.845,10824,Southbound_Lane1,50.2,0
2111,2026-08-06 18:57:22,CAM_JUNCTION_01,279,Car,0.828,10075,Westbound_Lane1,50.9,0
2112,2026-08-06 18:57:23,CAM_JUNCTION_01,280,Motorcycle,0.917,3774,Westbound_Lane1,29.5,0
2113,2026-08-06 18:57:23,CAM_JUNCTION_01,280,Bus,0.911,4751,Northbound_Lane1,48.9,0
2114,2026-08-06 18:57:23,CAM_JUNCTION_01,281,Car,0.851,15929,Westbound_Lane1,38.5,0
2115,2026-08-06 18:57:23,CAM_JUNCTION_01,281,Car,0.792,3781,Southbound_Lane1,41.1,0
2116,2026-08-06 18:57:23,CAM_JUNCTION_01,281,Car,0.891,11095,Eastbound_Lane1,37.7,0
2117,2026-08-06 18:57:23,CAM_JUNCTION_01,281,Car,0.931,10829,Northbound_Lane2,3.6,0
2118,2026-08-06 18:57:24,CAM_JUNCTION_01,282,Car,0.851,5921,Eastbound_Lane1,33.8,0
2119,2026-08-06 18:57:24,CAM_JUNCTION_01,282,Motorcycle,0.828,8441,Westbound_Lane1,13.5,0
2120,2026-08-06 18:57:24,CAM_JUNCTION_01,282,Car,0.83,1937,Southbound_Lane1,1.7,0
2121,2026-08-06 18:57:24,CAM_JUNCTION_01,282,Motorcycle,0.964,14293,Southbound_Lane1,54.4,0
2122,2026-08-06 18:57:24,CAM_JUNCTION_01,283,Car,0.948,16427,Westbound_Lane1,54.0,0
2123,2026-08-06 18:57:24,CAM_JUNCTION_01,283,Car,0.936,10955,Northbound_Lane1,4.3,0
2124,2026-08-06 18:57:24,CAM_JUNCTION_01,283,Car,0.931,5095,Westbound_Lane1,34.6,0
2125,2026-08-06 18:57:24,CAM_JUNCTION_01,283,Car,0.783,14758,Westbound_Lane1,49.4,0
2126,2026-08-06 18:57:24,CAM_JUNCTION_01,283,Car,0.914,4485,Westbound_Lane1,0.7,0
2127,2026-08-06 18:57:24,CAM_JUNCTION_01,283,Car,0.885,3888,Northbound_Lane2,38.3,0
2128,2026-08-06 18:57:25,CAM_JUNCTION_01,284,Car,0.968,14875,Southbound_Lane1,37.3,0
2129,2026-08-06 18:57:25,CAM_JUNCTION_01,284,Car,0.792,1494,Northbound_Lane1,25.2,0
2130,2026-08-06 18:57:25,CAM_JUNCTION_01,285,Truck,0.842,4132,Northbound_Lane1,39.3,0
2131,2026-08-06 18:57:25,CAM_JUNCTION_01,285,Car,0.911,6501,Northbound_Lane1,51.4,0
2132,2026-08-06 18:57:25,CAM_JUNCTION_01,285,Car,0.878,9618,Northbound_Lane1,42.7,0
2133,2026-08-06 18:57:25,CAM_JUNCTION_01,285,Car,0.92,17093,Westbound_Lane1,35.6,0
2134,2026-08-06 18:57:25,CAM_JUNCTION_01,285,Car,0.959,11287,Southbound_Lane1,3.7,0
2135,2026-08-06 18:57:25,CAM_JUNCTION_01,285,Car,0.977,12287,Southbound_Lane1,42.9,0
2136,2026-08-06 18:57:26,CAM_JUNCTION_01,286,Car,0.871,9472,Southbound_Lane1,7.5,0
2137,2026-08-06 18:57:26,CAM_JUNCTION_01,286,Truck,0.861,10591,Northbound_Lane1,23.1,0
2138,2026-08-06 18:57:26,CAM_JUNCTION_01,286,Truck,0.785,14520,Westbound_Lane1,1.6,0
2139,2026-08-06 18:57:26,CAM_JUNCTION_01,286,Car,0.933,2047,Northbound_Lane1,33.3,0
2140,2026-08-06 18:57:26,CAM_JUNCTION_01,286,Car,0.79,6690,Eastbound_Lane1,4.8,0
2141,2026-08-06 18:57:26,CAM_JUNCTION_01,286,Motorcycle,0.808,12385,Northbound_Lane1,32.2,0
2142,2026-08-06 18:57:26,CAM_JUNCTION_01,287,Car,0.863,4374,Eastbound_Lane1,45.6,0
2143,2026-08-06 18:57:26,CAM_JUNCTION_01,287,Car,0.863,12625,Eastbound_Lane1,14.0,0
2144,2026-08-06 18:57:27,CAM_JUNCTION_01,288,Car,0.841,13104,Northbound_Lane2,41.7,0
2145,2026-08-06 18:57:27,CAM_JUNCTION_01,288,Car,0.849,6562,Eastbound_Lane1,1.6,0
2146,2026-08-06 18:57:27,CAM_JUNCTION_01,288,Car,0.978,13012,Northbound_Lane2,45.1,0
2147,2026-08-06 18:57:27,CAM_JUNCTION_01,288,Car,0.823,1614,Southbound_Lane1,17.2,0
2148,2026-08-06 18:57:27,CAM_JUNCTION_01,289,Car,0.867,1279,Eastbound_Lane1,50.4,0
2149,2026-08-06 18:57:27,CAM_JUNCTION_01,289,Car,0.81,6089,Eastbound_Lane1,37.5,0
2150,2026-08-06 18:57:27,CAM_JUNCTION_01,289,Motorcycle,0.879,14291,Eastbound_Lane1,36.8,0
2151,2026-08-06 18:57:27,CAM_JUNCTION_01,289,Bus,0.818,4408,Northbound_Lane2,35.5,0
2152,2026-08-06 18:57:27,CAM_JUNCTION_01,289,Car,0.943,5352,Eastbound_Lane1,9.0,0
2153,2026-08-06 18:57:28,CAM_JUNCTION_01,290,Car,0.971,5263,Westbound_Lane1,42.3,0
2154,2026-08-06 18:57:28,CAM_JUNCTION_01,290,Car,0.831,9459,Southbound_Lane1,2.2,0
2155,2026-08-06 18:57:28,CAM_JUNCTION_01,290,Car,0.962,12598,Northbound_Lane1,47.0,0
2156,2026-08-06 18:57:28,CAM_JUNCTION_01,291,Car,0.914,8176,Southbound_Lane1,35.4,0
2157,2026-08-06 18:57:28,CAM_JUNCTION_01,291,Rickshaw,0.829,13508,Northbound_Lane2,36.3,0
2158,2026-08-06 18:57:28,CAM_JUNCTION_01,291,Motorcycle,0.88,2077,Southbound_Lane1,23.6,0
2159,2026-08-06 18:57:28,CAM_JUNCTION_01,291,Car,0.948,4827,Northbound_Lane1,49.0,0
2160,2026-08-06 18:57:29,CAM_JUNCTION_01,292,Car,0.9,6016,Eastbound_Lane1,28.6,0
2161,2026-08-06 18:57:29,CAM_JUNCTION_01,292,Car,0.903,13774,Eastbound_Lane1,31.9,0
2162,2026-08-06 18:57:29,CAM_JUNCTION_01,292,Car,0.972,13942,Northbound_Lane2,1.2,0
2163,2026-08-06 18:57:29,CAM_JUNCTION_01,292,Car,0.894,6530,Westbound_Lane1,54.5,0
2164,2026-08-06 18:57:29,CAM_JUNCTION_01,292,Car,0.807,3391,Northbound_Lane1,40.9,0
2165,2026-08-06 18:57:29,CAM_JUNCTION_01,293,Motorcycle,0.9,13624,Westbound_Lane1,9.2,0
2166,2026-08-06 18:57:29,CAM_JUNCTION_01,293,Car,0.827,8570,Northbound_Lane2,35.8,0
2167,2026-08-06 18:57:29,CAM_JUNCTION_01,293,Car,0.969,17841,Northbound_Lane2,53.8,0
2168,2026-08-06 18:57:30,CAM_JUNCTION_01,294,Car,0.946,14572,Southbound_Lane1,9.1,0
2169,2026-08-06 18:57:30,CAM_JUNCTION_01,294,Car,0.856,13416,Southbound_Lane1,49.6,0
2170,2026-08-06 18:57:30,CAM_JUNCTION_01,294,Car,0.817,12254,Northbound_Lane1,46.9,0
2171,2026-08-06 18:57:30,CAM_JUNCTION_01,294,Car,0.948,12890,Eastbound_Lane1,54.6,0
2172,2026-08-06 18:57:30,CAM_JUNCTION_01,294,Motorcycle,0.81,14323,Northbound_Lane1,49.9,0
2173,2026-08-06 18:57:30,CAM_JUNCTION_01,295,Motorcycle,0.897,5854,Northbound_Lane1,10.5,0
2174,2026-08-06 18:57:30,CAM_JUNCTION_01,295,Car,0.929,4474,Northbound_Lane1,33.2,0
2175,2026-08-06 18:57:30,CAM_JUNCTION_01,295,Car,0.836,8660,Westbound_Lane1,17.4,0
2176,2026-08-06 18:57:30,CAM_JUNCTION_01,295,Car,0.817,13812,Northbound_Lane1,7.8,0
2177,2026-08-06 18:57:30,CAM_JUNCTION_01,295,Car,0.803,9227,Northbound_Lane1,37.3,0
2178,2026-08-06 18:57:30,CAM_JUNCTION_01,295,Car,0.906,14998,Northbound_Lane1,42.9,0
2179,2026-08-06 18:57:31,CAM_JUNCTION_01,296,Car,0.819,13808,Southbound_Lane1,37.8,0
2180,2026-08-06 18:57:31,CAM_JUNCTION_01,296,Car,0.841,15306,Southbound_Lane1,10.9,0
2181,2026-08-06 18:57:31,CAM_JUNCTION_01,296,Car,0.803,3052,Southbound_Lane1,35.3,0
2182,2026-08-06 18:57:31,CAM_JUNCTION_01,297,Bus,0.928,5933,Northbound_Lane1,53.9,0
2183,2026-08-06 18:57:31,CAM_JUNCTION_01,297,Car,0.794,17966,Northbound_Lane1,23.5,0
2184,2026-08-06 18:57:31,CAM_JUNCTION_01,297,Car,0.867,5936,Northbound_Lane2,21.0,0
2185,2026-08-06 18:57:31,CAM_JUNCTION_01,297,Car,0.899,5101,Westbound_Lane1,15.3,0
2186,2026-08-06 18:57:31,CAM_JUNCTION_01,297,Car,0.942,14750,Southbound_Lane1,50.0,0
2187,2026-08-06 18:57:32,CAM_JUNCTION_01,298,Car,0.937,5610,Southbound_Lane1,52.2,0
2188,2026-08-06 18:57:32,CAM_JUNCTION_01,298,Bus,0.865,13882,Northbound_Lane2,22.7,0
2189,2026-08-06 18:57:32,CAM_JUNCTION_01,298,Car,0.908,7910,Westbound_Lane1,13.4,0
2190,2026-08-06 18:57:32,CAM_JUNCTION_01,298,Car,0.851,4502,Westbound_Lane1,27.9,0
2191,2026-08-06 18:57:32,CAM_JUNCTION_01,298,Car,0.841,1513,Northbound_Lane2,11.5,0
2192,2026-08-06 18:57:32,CAM_JUNCTION_01,298,Car,0.968,12885,Northbound_Lane2,19.8,0
2193,2026-08-06 18:57:32,CAM_JUNCTION_01,299,Car,0.9,13037,Westbound_Lane1,32.3,0
2194,2026-08-06 18:57:32,CAM_JUNCTION_01,299,Motorcycle,0.948,7297,Southbound_Lane1,48.8,0
2195,2026-08-06 18:57:32,CAM_JUNCTION_01,299,Car,0.972,10722,Southbound_Lane1,32.5,0
2196,2026-08-06 18:57:32,CAM_JUNCTION_01,299,Car,0.939,13958,Northbound_Lane2,5.9,0
2197,2026-08-06 18:57:32,CAM_JUNCTION_01,299,Car,0.899,9553,Southbound_Lane1,52.4,0
2198,2026-08-06 18:57:32,CAM_JUNCTION_01,299,Car,0.851,4282,Northbound_Lane1,34.1,0
2199,2026-08-06 18:57:33,CAM_JUNCTION_01,300,Car,0.924,5239,Northbound_Lane2,19.6,0
2200,2026-08-06 18:57:33,CAM_JUNCTION_01,300,Car,0.907,16122,Northbound_Lane2,53.6,0
2201,2026-08-06 18:57:33,CAM_JUNCTION_01,300,Car,0.836,17910,Northbound_Lane2,21.6,0
2202,2026-08-06 18:57:33,CAM_JUNCTION_01,301,Car,0.938,14929,Eastbound_Lane1,35.2,0
2203,2026-08-06 18:57:33,CAM_JUNCTION_01,301,Car,0.813,15405,Eastbound_Lane1,8.9,0
2204,2026-08-06 18:57:33,CAM_JUNCTION_01,301,Bus,0.805,5364,Eastbound_Lane1,40.7,0
2205,2026-08-06 18:57:33,CAM_JUNCTION_01,301,Car,0.836,7680,Westbound_Lane1,2.7,0
2206,2026-08-06 18:57:33,CAM_JUNCTION_01,301,Motorcycle,0.853,16092,Southbound_Lane1,13.7,0
2207,2026-08-06 18:57:33,CAM_JUNCTION_01,301,Car,0.96,7218,Southbound_Lane1,28.3,0
2208,2026-08-06 18:57:34,CAM_JUNCTION_01,302,Bus,0.932,8976,Eastbound_Lane1,26.5,0
2209,2026-08-06 18:57:34,CAM_JUNCTION_01,302,Car,0.797,6592,Southbound_Lane1,31.7,0
2210,2026-08-06 18:57:34,CAM_JUNCTION_01,302,Car,0.821,5812,Westbound_Lane1,0.6,0
2211,2026-08-06 18:57:34,CAM_JUNCTION_01,302,Car,0.909,4712,Westbound_Lane1,24.6,0
2212,2026-08-06 18:57:34,CAM_JUNCTION_01,303,Car,0.813,4737,Northbound_Lane2,17.1,0
2213,2026-08-06 18:57:34,CAM_JUNCTION_01,303,Motorcycle,0.901,12083,Northbound_Lane2,47.6,0
2214,2026-08-06 18:57:34,CAM_JUNCTION_01,303,Car,0.825,11965,Northbound_Lane2,18.2,0
2215,2026-08-06 18:57:34,CAM_JUNCTION_01,303,Car,0.825,7772,Northbound_Lane2,7.0,0
2216,2026-08-06 18:57:34,CAM_JUNCTION_01,303,Truck,0.967,8999,Northbound_Lane2,44.9,0
2217,2026-08-06 18:57:35,CAM_JUNCTION_01,304,Car,0.883,2251,Westbound_Lane1,3.2,0
2218,2026-08-06 18:57:35,CAM_JUNCTION_01,304,Car,0.85,11754,Southbound_Lane1,7.2,0
2219,2026-08-06 18:57:35,CAM_JUNCTION_01,304,Car,0.793,2217,Northbound_Lane1,43.1,0
2220,2026-08-06 18:57:35,CAM_JUNCTION_01,304,Motorcycle,0.898,8702,Northbound_Lane1,8.9,0
2221,2026-08-06 18:57:35,CAM_JUNCTION_01,305,Car,0.838,7238,Southbound_Lane1,11.1,0
2222,2026-08-06 18:57:35,CAM_JUNCTION_01,305,Car,0.851,12492,Eastbound_Lane1,21.6,0
2223,2026-08-06 18:57:36,CAM_JUNCTION_01,306,Car,0.955,15845,Northbound_Lane1,7.9,0
2224,2026-08-06 18:57:36,CAM_JUNCTION_01,306,Motorcycle,0.87,16203,Northbound_Lane1,52.2,0
2225,2026-08-06 18:57:36,CAM_JUNCTION_01,306,Car,0.873,5934,Westbound_Lane1,35.7,0
2226,2026-08-06 18:57:36,CAM_JUNCTION_01,306,Car,0.878,2034,Westbound_Lane1,29.4,0
2227,2026-08-06 18:57:36,CAM_JUNCTION_01,306,Rickshaw,0.962,13137,Southbound_Lane1,16.1,0
2228,2026-08-06 18:57:36,CAM_JUNCTION_01,307,Car,0.946,12107,Northbound_Lane2,30.0,0
2229,2026-08-06 18:57:36,CAM_JUNCTION_01,307,Car,0.973,9029,Eastbound_Lane1,49.0,0
2230,2026-08-06 18:57:36,CAM_JUNCTION_01,307,Car,0.945,11560,Northbound_Lane2,34.3,0
2231,2026-08-06 18:57:37,CAM_JUNCTION_01,308,Bus,0.901,5143,Westbound_Lane1,39.5,0
2232,2026-08-06 18:57:37,CAM_JUNCTION_01,308,Car,0.904,3875,Northbound_Lane1,12.4,0
2233,2026-08-06 18:57:37,CAM_JUNCTION_01,308,Car,0.979,11749,Eastbound_Lane1,28.0,0
2234,2026-08-06 18:57:37,CAM_JUNCTION_01,309,Bus,0.881,5526,Eastbound_Lane1,19.2,0
2235,2026-08-06 18:57:37,CAM_JUNCTION_01,309,Car,0.836,3903,Northbound_Lane1,6.4,0
2236,2026-08-06 18:57:38,CAM_JUNCTION_01,310,Car,0.922,13549,Eastbound_Lane1,22.4,0
2237,2026-08-06 18:57:38,CAM_JUNCTION_01,310,Car,0.818,2049,Eastbound_Lane1,52.9,0
2238,2026-08-06 18:57:38,CAM_JUNCTION_01,311,Car,0.858,2632,Westbound_Lane1,46.4,0
2239,2026-08-06 18:57:38,CAM_JUNCTION_01,311,Car,0.967,15622,Northbound_Lane2,15.7,0
2240,2026-08-06 18:57:38,CAM_JUNCTION_01,311,Car,0.875,7143,Westbound_Lane1,15.0,0
2241,2026-08-06 18:57:38,CAM_JUNCTION_01,311,Car,0.795,14276,Northbound_Lane2,54.6,0
2242,2026-08-06 18:57:39,CAM_JUNCTION_01,312,Car,0.842,8625,Eastbound_Lane1,23.3,0
2243,2026-08-06 18:57:39,CAM_JUNCTION_01,312,Motorcycle,0.884,3889,Westbound_Lane1,48.2,0
2244,2026-08-06 18:57:39,CAM_JUNCTION_01,312,Car,0.895,13069,Southbound_Lane1,50.7,0
2245,2026-08-06 18:57:39,CAM_JUNCTION_01,312,Car,0.948,1371,Northbound_Lane2,33.1,0
2246,2026-08-06 18:57:39,CAM_JUNCTION_01,313,Car,0.867,13852,Southbound_Lane1,27.8,0
2247,2026-08-06 18:57:39,CAM_JUNCTION_01,313,Car,0.889,5637,Eastbound_Lane1,31.3,0
2248,2026-08-06 18:57:39,CAM_JUNCTION_01,313,Motorcycle,0.783,2087,Northbound_Lane1,25.8,0
2249,2026-08-06 18:57:40,CAM_JUNCTION_01,314,Car,0.98,14300,Northbound_Lane1,27.6,0
2250,2026-08-06 18:57:40,CAM_JUNCTION_01,314,Car,0.924,10445,Northbound_Lane2,9.6,0
2251,2026-08-06 18:57:40,CAM_JUNCTION_01,314,Car,0.948,7875,Northbound_Lane2,46.8,0
2252,2026-08-06 18:57:40,CAM_JUNCTION_01,314,Car,0.935,10100,Southbound_Lane1,39.4,0
2253,2026-08-06 18:57:40,CAM_JUNCTION_01,315,Car,0.883,16450,Northbound_Lane1,3.6,0
2254,2026-08-06 18:57:40,CAM_JUNCTION_01,315,Car,0.821,17041,Southbound_Lane1,24.5,0
2255,2026-08-06 18:57:40,CAM_JUNCTION_01,315,Car,0.973,4996,Southbound_Lane1,18.8,0
2256,2026-08-06 18:57:41,CAM_JUNCTION_01,316,Car,0.881,1955,Westbound_Lane1,3.2,0
2257,2026-08-06 18:57:41,CAM_JUNCTION_01,316,Car,0.952,14613,Westbound_Lane1,54.1,0
2258,2026-08-06 18:57:41,CAM_JUNCTION_01,316,Car,0.813,15374,Southbound_Lane1,9.4,0
2259,2026-08-06 18:57:41,CAM_JUNCTION_01,316,Car,0.972,7190,Northbound_Lane2,48.2,0
2260,2026-08-06 18:57:41,CAM_JUNCTION_01,316,Car,0.922,2588,Northbound_Lane2,1.8,0
2261,2026-08-06 18:57:41,CAM_JUNCTION_01,316,Car,0.857,17624,Northbound_Lane2,7.4,0
2262,2026-08-06 18:57:41,CAM_JUNCTION_01,317,Car,0.979,6961,Northbound_Lane2,40.3,0
2263,2026-08-06 18:57:41,CAM_JUNCTION_01,317,Car,0.926,4564,Northbound_Lane1,20.8,0
2264,2026-08-06 18:57:41,CAM_JUNCTION_01,317,Car,0.859,12262,Southbound_Lane1,38.2,0
2265,2026-08-06 18:57:41,CAM_JUNCTION_01,317,Car,0.889,2025,Eastbound_Lane1,24.7,0
2266,2026-08-06 18:57:42,CAM_JUNCTION_01,318,Car,0.977,13052,Northbound_Lane1,15.7,0
2267,2026-08-06 18:57:42,CAM_JUNCTION_01,318,Car,0.947,5368,Northbound_Lane2,12.9,0
2268,2026-08-06 18:57:42,CAM_JUNCTION_01,319,Truck,0.918,7494,Northbound_Lane2,39.6,0
2269,2026-08-06 18:57:42,CAM_JUNCTION_01,319,Car,0.82,6315,Northbound_Lane1,50.4,0
2270,2026-08-06 18:57:42,CAM_JUNCTION_01,319,Car,0.846,12094,Northbound_Lane1,7.4,0
2271,2026-08-06 18:57:43,CAM_JUNCTION_01,320,Car,0.796,6156,Southbound_Lane1,15.1,0
2272,2026-08-06 18:57:43,CAM_JUNCTION_01,320,Car,0.97,7590,Westbound_Lane1,52.1,0
2273,2026-08-06 18:57:43,CAM_JUNCTION_01,321,Car,0.838,10984,Southbound_Lane1,18.6,0
2274,2026-08-06 18:57:43,CAM_JUNCTION_01,321,Car,0.821,2303,Southbound_Lane1,16.3,0
2275,2026-08-06 18:57:43,CAM_JUNCTION_01,321,Car,0.973,15080,Eastbound_Lane1,26.5,0
2276,2026-08-06 18:57:43,CAM_JUNCTION_01,321,Car,0.807,10664,Westbound_Lane1,15.8,0
2277,2026-08-06 18:57:43,CAM_JUNCTION_01,321,Car,0.824,9039,Southbound_Lane1,20.3,0
2278,2026-08-06 18:57:43,CAM_JUNCTION_01,321,Car,0.873,2413,Southbound_Lane1,15.9,0
2279,2026-08-06 18:57:44,CAM_JUNCTION_01,322,Car,0.888,2803,Eastbound_Lane1,3.5,0
2280,2026-08-06 18:57:44,CAM_JUNCTION_01,322,Motorcycle,0.829,13983,Eastbound_Lane1,22.1,0
2281,2026-08-06 18:57:44,CAM_JUNCTION_01,323,Car,0.783,15451,Northbound_Lane1,36.4,0
2282,2026-08-06 18:57:44,CAM_JUNCTION_01,323,Motorcycle,0.826,11130,Westbound_Lane1,40.6,0
2283,2026-08-06 18:57:44,CAM_JUNCTION_01,323,Car,0.816,7364,Northbound_Lane1,32.4,0
2284,2026-08-06 18:57:44,CAM_JUNCTION_01,323,Motorcycle,0.803,15451,Northbound_Lane2,43.7,0
2285,2026-08-06 18:57:44,CAM_JUNCTION_01,323,Car,0.975,10179,Southbound_Lane1,54.3,0
2286,2026-08-06 18:57:45,CAM_JUNCTION_01,324,Car,0.959,4334,Eastbound_Lane1,9.2,0
2287,2026-08-06 18:57:45,CAM_JUNCTION_01,324,Car,0.909,8902,Eastbound_Lane1,42.3,0
2288,2026-08-06 18:57:45,CAM_JUNCTION_01,325,Car,0.887,12641,Eastbound_Lane1,31.5,0
2289,2026-08-06 18:57:45,CAM_JUNCTION_01,325,Truck,0.896,8559,Eastbound_Lane1,6.0,0
2290,2026-08-06 18:57:45,CAM_JUNCTION_01,325,Car,0.796,5192,Eastbound_Lane1,52.4,0
2291,2026-08-06 18:57:45,CAM_JUNCTION_01,325,Car,0.823,6585,Northbound_Lane1,6.1,0
2292,2026-08-06 18:57:45,CAM_JUNCTION_01,325,Car,0.831,15001,Westbound_Lane1,21.1,0
2293,2026-08-06 18:57:45,CAM_JUNCTION_01,325,Bus,0.86,5982,Eastbound_Lane1,10.6,0
2294,2026-08-06 18:57:46,CAM_JUNCTION_01,326,Car,0.862,13651,Northbound_Lane2,22.9,0
2295,2026-08-06 18:57:46,CAM_JUNCTION_01,326,Car,0.921,8717,Eastbound_Lane1,29.1,0
2296,2026-08-06 18:57:46,CAM_JUNCTION_01,326,Motorcycle,0.9,11309,Southbound_Lane1,43.3,0
2297,2026-08-06 18:57:46,CAM_JUNCTION_01,326,Car,0.859,7951,Northbound_Lane1,15.0,0
2298,2026-08-06 18:57:46,CAM_JUNCTION_01,327,Bus,0.825,4426,Northbound_Lane2,11.4,0
2299,2026-08-06 18:57:46,CAM_JUNCTION_01,327,Car,0.895,17540,Northbound_Lane2,6.5,0
2300,2026-08-06 18:57:46,CAM_JUNCTION_01,327,Car,0.822,13217,Southbound_Lane1,6.3,0
2301,2026-08-06 18:57:46,CAM_JUNCTION_01,327,Car,0.977,6686,Northbound_Lane2,52.4,0
2302,2026-08-06 18:57:47,CAM_JUNCTION_01,328,Motorcycle,0.9,2401,Eastbound_Lane1,3.6,0
2303,2026-08-06 18:57:47,CAM_JUNCTION_01,328,Car,0.791,9038,Southbound_Lane1,25.2,0
2304,2026-08-06 18:57:47,CAM_JUNCTION_01,328,Car,0.888,8309,Westbound_Lane1,47.0,0
2305,2026-08-06 18:57:47,CAM_JUNCTION_01,329,Car,0.793,2827,Southbound_Lane1,30.7,0
2306,2026-08-06 18:57:47,CAM_JUNCTION_01,329,Motorcycle,0.837,5928,Westbound_Lane1,42.2,0
2307,2026-08-06 18:57:47,CAM_JUNCTION_01,329,Car,0.907,16155,Eastbound_Lane1,1.5,0
2308,2026-08-06 18:57:48,CAM_JUNCTION_01,330,Car,0.823,2853,Westbound_Lane1,37.8,0
2309,2026-08-06 18:57:48,CAM_JUNCTION_01,330,Car,0.844,2571,Eastbound_Lane1,43.4,0
2310,2026-08-06 18:57:48,CAM_JUNCTION_01,330,Car,0.789,1747,Southbound_Lane1,2.6,0
2311,2026-08-06 18:57:48,CAM_JUNCTION_01,331,Car,0.807,11110,Northbound_Lane1,5.8,0
2312,2026-08-06 18:57:48,CAM_JUNCTION_01,331,Car,0.965,7453,Westbound_Lane1,28.8,0
2313,2026-08-06 18:57:48,CAM_JUNCTION_01,331,Car,0.842,3020,Southbound_Lane1,9.5,0
2314,2026-08-06 18:57:48,CAM_JUNCTION_01,331,Bus,0.785,6186,Northbound_Lane1,27.5,0
2315,2026-08-06 18:57:49,CAM_JUNCTION_01,332,Motorcycle,0.811,3904,Westbound_Lane1,17.4,0
2316,2026-08-06 18:57:49,CAM_JUNCTION_01,332,Car,0.814,9396,Westbound_Lane1,1.8,0
2317,2026-08-06 18:57:49,CAM_JUNCTION_01,332,Car,0.977,1740,Northbound_Lane2,8.5,0
2318,2026-08-06 18:57:49,CAM_JUNCTION_01,333,Car,0.831,3423,Southbound_Lane1,0.1,0
2319,2026-08-06 18:57:49,CAM_JUNCTION_01,333,Car,0.967,11032,Northbound_Lane2,7.4,0
2320,2026-08-06 18:57:49,CAM_JUNCTION_01,333,Motorcycle,0.797,7677,Westbound_Lane1,45.0,0
2321,2026-08-06 18:57:49,CAM_JUNCTION_01,333,Car,0.896,4963,Southbound_Lane1,6.6,0
2322,2026-08-06 18:57:50,CAM_JUNCTION_01,334,Bus,0.957,4616,Northbound_Lane1,3.1,0
2323,2026-08-06 18:57:50,CAM_JUNCTION_01,334,Car,0.854,17848,Eastbound_Lane1,12.4,0
2324,2026-08-06 18:57:50,CAM_JUNCTION_01,334,Bus,0.979,15772,Westbound_Lane1,36.2,0
2325,2026-08-06 18:57:50,CAM_JUNCTION_01,334,Car,0.82,12935,Northbound_Lane2,1.8,0
2326,2026-08-06 18:57:50,CAM_JUNCTION_01,334,Car,0.915,5507,Northbound_Lane2,0.6,0
2327,2026-08-06 18:57:50,CAM_JUNCTION_01,335,Car,0.866,14062,Southbound_Lane1,16.6,0
2328,2026-08-06 18:57:50,CAM_JUNCTION_01,335,Car,0.922,14090,Southbound_Lane1,3.1,0
2329,2026-08-06 18:57:50,CAM_JUNCTION_01,335,Motorcycle,0.839,8516,Northbound_Lane1,51.0,0
2330,2026-08-06 18:57:50,CAM_JUNCTION_01,335,Car,0.912,9296,Northbound_Lane2,5.5,0
2331,2026-08-06 18:57:50,CAM_JUNCTION_01,335,Car,0.812,1707,Southbound_Lane1,35.9,0
2332,2026-08-06 18:57:51,CAM_JUNCTION_01,336,Car,0.822,13938,Southbound_Lane1,38.5,0
2333,2026-08-06 18:57:51,CAM_JUNCTION_01,336,Car,0.861,14579,Northbound_Lane1,1.9,0
2334,2026-08-06 18:57:51,CAM_JUNCTION_01,336,Motorcycle,0.908,16978,Northbound_Lane2,12.6,0
2335,2026-08-06 18:57:51,CAM_JUNCTION_01,336,Car,0.963,12693,Westbound_Lane1,11.1,0
2336,2026-08-06 18:57:51,CAM_JUNCTION_01,336,Car,0.817,13602,Southbound_Lane1,16.6,0
2337,2026-08-06 18:57:51,CAM_JUNCTION_01,336,Car,0.965,14010,Westbound_Lane1,42.9,0
2338,2026-08-06 18:57:51,CAM_JUNCTION_01,337,Motorcycle,0.852,7357,Northbound_Lane2,54.7,0
2339,2026-08-06 18:57:51,CAM_JUNCTION_01,337,Car,0.878,15072,Southbound_Lane1,29.0,0
2340,2026-08-06 18:57:51,CAM_JUNCTION_01,337,Car,0.842,11844,Southbound_Lane1,44.3,0
2341,2026-08-06 18:57:52,CAM_JUNCTION_01,338,Car,0.88,12564,Northbound_Lane2,2.4,0
2342,2026-08-06 18:57:52,CAM_JUNCTION_01,338,Car,0.921,16261,Westbound_Lane1,13.2,0
2343,2026-08-06 18:57:52,CAM_JUNCTION_01,338,Motorcycle,0.891,16262,Northbound_Lane1,39.5,0
2344,2026-08-06 18:57:52,CAM_JUNCTION_01,338,Car,0.954,16236,Eastbound_Lane1,26.6,0
2345,2026-08-06 18:57:52,CAM_JUNCTION_01,339,Bus,0.851,13772,Northbound_Lane2,50.0,0
2346,2026-08-06 18:57:52,CAM_JUNCTION_01,339,Car,0.939,11200,Westbound_Lane1,26.1,0
2347,2026-08-06 18:57:53,CAM_JUNCTION_01,340,Car,0.855,16327,Westbound_Lane1,25.4,0
2348,2026-08-06 18:57:53,CAM_JUNCTION_01,340,Car,0.79,11198,Westbound_Lane1,42.3,0
2349,2026-08-06 18:57:53,CAM_JUNCTION_01,340,Car,0.845,2658,Southbound_Lane1,39.7,0
2350,2026-08-06 18:57:53,CAM_JUNCTION_01,340,Car,0.879,3312,Westbound_Lane1,8.2,0
2351,2026-08-06 18:57:53,CAM_JUNCTION_01,341,Car,0.899,15180,Westbound_Lane1,36.8,0
2352,2026-08-06 18:57:53,CAM_JUNCTION_01,341,Car,0.832,7580,Northbound_Lane1,25.3,0
2353,2026-08-06 18:57:53,CAM_JUNCTION_01,341,Car,0.862,10033,Northbound_Lane1,2.3,0
2354,2026-08-06 18:57:54,CAM_JUNCTION_01,342,Car,0.93,4800,Westbound_Lane1,14.6,0
2355,2026-08-06 18:57:54,CAM_JUNCTION_01,342,Motorcycle,0.811,9308,Southbound_Lane1,51.5,0
2356,2026-08-06 18:57:54,CAM_JUNCTION_01,342,Car,0.841,12135,Westbound_Lane1,10.2,0
2357,2026-08-06 18:57:54,CAM_JUNCTION_01,342,Car,0.9,16859,Southbound_Lane1,25.8,0
2358,2026-08-06 18:57:54,CAM_JUNCTION_01,342,Car,0.916,11435,Eastbound_Lane1,0.1,0
2359,2026-08-06 18:57:54,CAM_JUNCTION_01,343,Car,0.904,7363,Northbound_Lane2,49.7,0
2360,2026-08-06 18:57:54,CAM_JUNCTION_01,343,Car,0.845,2248,Southbound_Lane1,28.1,0
2361,2026-08-06 18:57:54,CAM_JUNCTION_01,343,Car,0.895,3388,Westbound_Lane1,30.0,0
2362,2026-08-06 18:57:54,CAM_JUNCTION_01,343,Car,0.836,13632,Eastbound_Lane1,21.6,0
2363,2026-08-06 18:57:54,CAM_JUNCTION_01,343,Car,0.884,17294,Westbound_Lane1,54.7,0
2364,2026-08-06 18:57:55,CAM_JUNCTION_01,344,Car,0.862,13626,Eastbound_Lane1,15.4,0
2365,2026-08-06 18:57:55,CAM_JUNCTION_01,344,Car,0.928,5474,Northbound_Lane2,17.9,0
2366,2026-08-06 18:57:55,CAM_JUNCTION_01,344,Car,0.897,15959,Southbound_Lane1,29.5,0
2367,2026-08-06 18:57:55,CAM_JUNCTION_01,344,Car,0.967,4047,Westbound_Lane1,21.9,0
2368,2026-08-06 18:57:55,CAM_JUNCTION_01,345,Car,0.93,3720,Westbound_Lane1,8.1,0
2369,2026-08-06 18:57:55,CAM_JUNCTION_01,345,Car,0.813,13037,Southbound_Lane1,18.9,0
2370,2026-08-06 18:57:55,CAM_JUNCTION_01,345,Car,0.842,12219,Westbound_Lane1,54.8,0
2371,2026-08-06 18:57:56,CAM_JUNCTION_01,346,Car,0.846,3722,Eastbound_Lane1,44.4,0
2372,2026-08-06 18:57:56,CAM_JUNCTION_01,346,Car,0.839,2031,Southbound_Lane1,36.2,0
2373,2026-08-06 18:57:56,CAM_JUNCTION_01,346,Car,0.883,12096,Westbound_Lane1,26.1,0
2374,2026-08-06 18:57:56,CAM_JUNCTION_01,346,Car,0.973,15446,Northbound_Lane1,31.3,0
2375,2026-08-06 18:57:56,CAM_JUNCTION_01,346,Car,0.823,3663,Southbound_Lane1,1.6,0
2376,2026-08-06 18:57:56,CAM_JUNCTION_01,347,Car,0.954,11213,Northbound_Lane2,31.3,0
2377,2026-08-06 18:57:56,CAM_JUNCTION_01,347,Bus,0.952,13985,Northbound_Lane1,47.3,0
2378,2026-08-06 18:57:57,CAM_JUNCTION_01,348,Car,0.867,3440,Northbound_Lane2,20.5,0
2379,2026-08-06 18:57:57,CAM_JUNCTION_01,348,Car,0.864,9008,Northbound_Lane1,8.8,0
2380,2026-08-06 18:57:57,CAM_JUNCTION_01,348,Motorcycle,0.879,9065,Westbound_Lane1,24.5,0
2381,2026-08-06 18:57:57,CAM_JUNCTION_01,348,Bus,0.864,11574,Northbound_Lane1,11.6,0
2382,2026-08-06 18:57:57,CAM_JUNCTION_01,349,Car,0.979,3177,Northbound_Lane1,41.2,0
2383,2026-08-06 18:57:57,CAM_JUNCTION_01,349,Car,0.978,5853,Southbound_Lane1,33.9,0
2384,2026-08-06 18:57:57,CAM_JUNCTION_01,349,Bus,0.969,6692,Westbound_Lane1,50.5,0
2385,2026-08-06 18:57:57,CAM_JUNCTION_01,349,Car,0.956,3917,Eastbound_Lane1,11.2,0
2386,2026-08-06 18:57:57,CAM_JUNCTION_01,349,Car,0.901,9806,Westbound_Lane1,35.8,0
2387,2026-08-06 18:57:58,CAM_JUNCTION_01,350,Motorcycle,0.905,14745,Eastbound_Lane1,9.8,0
2388,2026-08-06 18:57:58,CAM_JUNCTION_01,350,Car,0.834,8489,Northbound_Lane2,13.6,0
2389,2026-08-06 18:57:58,CAM_JUNCTION_01,350,Truck,0.895,17079,Westbound_Lane1,3.9,0
2390,2026-08-06 18:57:58,CAM_JUNCTION_01,350,Car,0.937,3484,Northbound_Lane2,38.5,0
2391,2026-08-06 18:57:58,CAM_JUNCTION_01,350,Car,0.894,7686,Northbound_Lane2,12.3,0
2392,2026-08-06 18:57:58,CAM_JUNCTION_01,350,Car,0.833,5123,Westbound_Lane1,38.7,0
2393,2026-08-06 18:57:58,CAM_JUNCTION_01,351,Car,0.825,2610,Westbound_Lane1,38.5,0
2394,2026-08-06 18:57:58,CAM_JUNCTION_01,351,Car,0.87,13871,Southbound_Lane1,19.4,0
2395,2026-08-06 18:57:58,CAM_JUNCTION_01,351,Car,0.89,10949,Westbound_Lane1,37.8,0
2396,2026-08-06 18:57:58,CAM_JUNCTION_01,351,Car,0.952,10039,Northbound_Lane2,52.3,0
2397,2026-08-06 18:57:59,CAM_JUNCTION_01,352,Car,0.911,9352,Eastbound_Lane1,12.2,0
2398,2026-08-06 18:57:59,CAM_JUNCTION_01,352,Car,0.846,8643,Northbound_Lane1,24.4,0
2399,2026-08-06 18:57:59,CAM_JUNCTION_01,352,Car,0.887,17593,Southbound_Lane1,47.4,0
2400,2026-08-06 18:57:59,CAM_JUNCTION_01,352,Bus,0.832,14021,Eastbound_Lane1,43.0,0
2401,2026-08-06 18:57:59,CAM_JUNCTION_01,353,Car,0.976,14197,Westbound_Lane1,28.0,0
2402,2026-08-06 18:57:59,CAM_JUNCTION_01,353,Car,0.921,1508,Southbound_Lane1,1.0,0
2403,2026-08-06 18:57:59,CAM_JUNCTION_01,353,Car,0.885,13965,Eastbound_Lane1,9.7,0
2404,2026-08-06 18:57:59,CAM_JUNCTION_01,353,Car,0.961,17651,Northbound_Lane2,5.1,0
2405,2026-08-06 18:58:00,CAM_JUNCTION_01,354,Car,0.875,11090,Eastbound_Lane1,40.9,0
2406,2026-08-06 18:58:00,CAM_JUNCTION_01,354,Car,0.872,11200,Northbound_Lane1,26.3,0
2407,2026-08-06 18:58:00,CAM_JUNCTION_01,354,Car,0.876,10109,Southbound_Lane1,25.7,0
2408,2026-08-06 18:58:00,CAM_JUNCTION_01,354,Car,0.892,6585,Eastbound_Lane1,4.5,0
2409,2026-08-06 18:58:00,CAM_JUNCTION_01,354,Car,0.954,8859,Eastbound_Lane1,49.6,0
2410,2026-08-06 18:58:00,CAM_JUNCTION_01,355,Car,0.811,14214,Eastbound_Lane1,9.8,0
2411,2026-08-06 18:58:00,CAM_JUNCTION_01,355,Car,0.8,7308,Eastbound_Lane1,44.8,0
2412,2026-08-06 18:58:00,CAM_JUNCTION_01,355,Car,0.837,9417,Northbound_Lane1,18.1,0
2413,2026-08-06 18:58:00,CAM_JUNCTION_01,355,Car,0.918,4449,Eastbound_Lane1,41.1,0
2414,2026-08-06 18:58:01,CAM_JUNCTION_01,356,Car,0.975,14515,Northbound_Lane2,51.1,0
2415,2026-08-06 18:58:01,CAM_JUNCTION_01,356,Motorcycle,0.874,14151,Northbound_Lane1,42.4,0
2416,2026-08-06 18:58:01,CAM_JUNCTION_01,357,Car,0.866,8154,Eastbound_Lane1,43.2,0
2417,2026-08-06 18:58:01,CAM_JUNCTION_01,357,Car,0.791,16377,Northbound_Lane2,34.7,0
2418,2026-08-06 18:58:01,CAM_JUNCTION_01,357,Car,0.871,13101,Northbound_Lane1,34.1,0
2419,2026-08-06 18:58:02,CAM_JUNCTION_01,358,Bus,0.801,11399,Northbound_Lane2,22.7,0
2420,2026-08-06 18:58:02,CAM_JUNCTION_01,358,Car,0.807,1503,Westbound_Lane1,14.1,0
2421,2026-08-06 18:58:02,CAM_JUNCTION_01,359,Car,0.868,16549,Northbound_Lane2,47.5,0
2422,2026-08-06 18:58:02,CAM_JUNCTION_01,359,Ambulance,0.8,13167,Westbound_Lane1,53.1,1
2423,2026-08-06 18:58:03,CAM_JUNCTION_01,360,Car,0.938,2797,Northbound_Lane2,36.6,0
2424,2026-08-06 18:58:03,CAM_JUNCTION_01,360,Car,0.924,13493,Northbound_Lane2,14.1,0
2425,2026-08-06 18:58:03,CAM_JUNCTION_01,360,Motorcycle,0.964,13761,Northbound_Lane2,44.2,0
2426,2026-08-06 18:58:03,CAM_JUNCTION_01,360,Motorcycle,0.838,10465,Northbound_Lane1,4.8,0
2427,2026-08-06 18:58:03,CAM_JUNCTION_01,361,Motorcycle,0.935,17153,Northbound_Lane1,10.4,0
2428,2026-08-06 18:58:03,CAM_JUNCTION_01,361,Car,0.843,4174,Westbound_Lane1,13.8,0
2429,2026-08-06 18:58:03,CAM_JUNCTION_01,361,Car,0.856,4183,Eastbound_Lane1,54.0,0
2430,2026-08-06 18:58:03,CAM_JUNCTION_01,361,Car,0.924,1627,Northbound_Lane1,34.2,0
2431,2026-08-06 18:58:03,CAM_JUNCTION_01,361,Car,0.949,9025,Northbound_Lane1,12.0,0
2432,2026-08-06 18:58:03,CAM_JUNCTION_01,361,Car,0.964,3228,Northbound_Lane2,37.4,0
2433,2026-08-06 18:58:04,CAM_JUNCTION_01,362,Car,0.915,11137,Northbound_Lane1,53.3,0
2434,2026-08-06 18:58:04,CAM_JUNCTION_01,362,Car,0.793,5920,Eastbound_Lane1,17.5,0
2435,2026-08-06 18:58:04,CAM_JUNCTION_01,362,Car,0.811,3733,Eastbound_Lane1,22.3,0
2436,2026-08-06 18:58:04,CAM_JUNCTION_01,362,Car,0.902,16691,Westbound_Lane1,1.1,0
2437,2026-08-06 18:58:04,CAM_JUNCTION_01,363,Motorcycle,0.907,9491,Northbound_Lane1,39.1,0
2438,2026-08-06 18:58:04,CAM_JUNCTION_01,363,Car,0.832,5147,Northbound_Lane1,52.7,0
2439,2026-08-06 18:58:04,CAM_JUNCTION_01,363,Car,0.898,15082,Northbound_Lane1,19.1,0
2440,2026-08-06 18:58:04,CAM_JUNCTION_01,363,Car,0.902,12716,Westbound_Lane1,24.7,0
2441,2026-08-06 18:58:05,CAM_JUNCTION_01,364,Car,0.843,2505,Westbound_Lane1,27.4,0
2442,2026-08-06 18:58:05,CAM_JUNCTION_01,364,Car,0.871,2549,Northbound_Lane1,12.2,0
2443,2026-08-06 18:58:05,CAM_JUNCTION_01,364,Truck,0.906,2613,Northbound_Lane1,24.5,0
2444,2026-08-06 18:58:05,CAM_JUNCTION_01,365,Car,0.936,14119,Southbound_Lane1,47.3,0
2445,2026-08-06 18:58:05,CAM_JUNCTION_01,365,Car,0.907,2048,Northbound_Lane1,38.4,0
2446,2026-08-06 18:58:05,CAM_JUNCTION_01,365,Car,0.843,4414,Northbound_Lane2,9.2,0
2447,2026-08-06 18:58:06,CAM_JUNCTION_01,366,Car,0.84,10975,Southbound_Lane1,42.0,0
2448,2026-08-06 18:58:06,CAM_JUNCTION_01,366,Car,0.859,4630,Southbound_Lane1,53.7,0
2449,2026-08-06 18:58:06,CAM_JUNCTION_01,366,Car,0.791,9504,Northbound_Lane1,24.0,0
2450,2026-08-06 18:58:06,CAM_JUNCTION_01,366,Motorcycle,0.968,16644,Westbound_Lane1,47.8,0
2451,2026-08-06 18:58:06,CAM_JUNCTION_01,366,Bus,0.87,2910,Northbound_Lane2,27.6,0
2452,2026-08-06 18:58:06,CAM_JUNCTION_01,366,Car,0.844,2034,Northbound_Lane1,50.1,0
2453,2026-08-06 18:58:06,CAM_JUNCTION_01,367,Car,0.975,7122,Eastbound_Lane1,4.5,0
2454,2026-08-06 18:58:06,CAM_JUNCTION_01,367,Car,0.885,4751,Westbound_Lane1,3.2,0
2455,2026-08-06 18:58:06,CAM_JUNCTION_01,367,Car,0.945,5427,Northbound_Lane2,13.1,0
2456,2026-08-06 18:58:06,CAM_JUNCTION_01,367,Car,0.783,7080,Northbound_Lane2,49.3,0
2457,2026-08-06 18:58:06,CAM_JUNCTION_01,367,Rickshaw,0.853,9362,Eastbound_Lane1,45.5,0
2458,2026-08-06 18:58:06,CAM_JUNCTION_01,367,Car,0.853,16826,Southbound_Lane1,54.6,0
2459,2026-08-06 18:58:07,CAM_JUNCTION_01,368,Car,0.791,1543,Northbound_Lane1,11.2,0
2460,2026-08-06 18:58:07,CAM_JUNCTION_01,368,Motorcycle,0.911,7137,Eastbound_Lane1,5.0,0
2461,2026-08-06 18:58:07,CAM_JUNCTION_01,368,Car,0.812,9141,Eastbound_Lane1,48.9,0
2462,2026-08-06 18:58:07,CAM_JUNCTION_01,368,Car,0.9,7892,Westbound_Lane1,35.3,0
2463,2026-08-06 18:58:07,CAM_JUNCTION_01,368,Car,0.808,8972,Northbound_Lane2,31.3,0
2464,2026-08-06 18:58:07,CAM_JUNCTION_01,368,Car,0.873,1802,Northbound_Lane1,24.4,0
2465,2026-08-06 18:58:07,CAM_JUNCTION_01,369,Car,0.853,5615,Eastbound_Lane1,23.2,0
2466,2026-08-06 18:58:07,CAM_JUNCTION_01,369,Car,0.874,4950,Southbound_Lane1,27.4,0
2467,2026-08-06 18:58:07,CAM_JUNCTION_01,369,Car,0.882,15664,Southbound_Lane1,22.3,0
2468,2026-08-06 18:58:07,CAM_JUNCTION_01,369,Car,0.789,6518,Westbound_Lane1,25.3,0
2469,2026-08-06 18:58:08,CAM_JUNCTION_01,370,Car,0.797,16110,Westbound_Lane1,18.2,0
2470,2026-08-06 18:58:08,CAM_JUNCTION_01,370,Car,0.808,2039,Eastbound_Lane1,22.8,0
2471,2026-08-06 18:58:08,CAM_JUNCTION_01,371,Car,0.97,3979,Eastbound_Lane1,9.0,0
2472,2026-08-06 18:58:08,CAM_JUNCTION_01,371,Car,0.907,2795,Southbound_Lane1,40.1,0
2473,2026-08-06 18:58:09,CAM_JUNCTION_01,372,Rickshaw,0.798,2997,Northbound_Lane1,33.3,0
2474,2026-08-06 18:58:09,CAM_JUNCTION_01,372,Car,0.976,12518,Westbound_Lane1,31.1,0
2475,2026-08-06 18:58:09,CAM_JUNCTION_01,372,Car,0.937,6118,Northbound_Lane2,41.8,0
2476,2026-08-06 18:58:09,CAM_JUNCTION_01,373,Car,0.909,4837,Northbound_Lane2,42.2,0
2477,2026-08-06 18:58:09,CAM_JUNCTION_01,373,Car,0.824,16240,Westbound_Lane1,42.3,0
2478,2026-08-06 18:58:09,CAM_JUNCTION_01,373,Rickshaw,0.908,12995,Eastbound_Lane1,42.6,0
2479,2026-08-06 18:58:09,CAM_JUNCTION_01,373,Car,0.869,7455,Eastbound_Lane1,50.2,0
2480,2026-08-06 18:58:09,CAM_JUNCTION_01,373,Car,0.83,6611,Northbound_Lane2,50.6,0
2481,2026-08-06 18:58:10,CAM_JUNCTION_01,374,Car,0.895,6910,Eastbound_Lane1,33.3,0
2482,2026-08-06 18:58:10,CAM_JUNCTION_01,374,Car,0.871,13725,Southbound_Lane1,2.4,0
2483,2026-08-06 18:58:10,CAM_JUNCTION_01,374,Car,0.939,11213,Northbound_Lane1,23.7,0
2484,2026-08-06 18:58:10,CAM_JUNCTION_01,374,Car,0.943,7115,Eastbound_Lane1,25.8,0
2485,2026-08-06 18:58:10,CAM_JUNCTION_01,375,Car,0.836,9434,Southbound_Lane1,34.8,0
2486,2026-08-06 18:58:10,CAM_JUNCTION_01,375,Car,0.956,12992,Southbound_Lane1,12.1,0
2487,2026-08-06 18:58:10,CAM_JUNCTION_01,375,Car,0.921,14092,Southbound_Lane1,24.9,0
2488,2026-08-06 18:58:10,CAM_JUNCTION_01,375,Car,0.951,13912,Northbound_Lane2,52.2,0
2489,2026-08-06 18:58:10,CAM_JUNCTION_01,375,Car,0.805,13637,Northbound_Lane2,38.7,0
2490,2026-08-06 18:58:10,CAM_JUNCTION_01,375,Car,0.919,13350,Northbound_Lane2,11.3,0
2491,2026-08-06 18:58:11,CAM_JUNCTION_01,376,Car,0.946,2496,Westbound_Lane1,27.8,0
2492,2026-08-06 18:58:11,CAM_JUNCTION_01,376,Car,0.968,10815,Northbound_Lane2,34.8,0
2493,2026-08-06 18:58:11,CAM_JUNCTION_01,376,Car,0.87,6324,Northbound_Lane1,18.0,0
2494,2026-08-06 18:58:11,CAM_JUNCTION_01,376,Truck,0.862,7075,Northbound_Lane2,24.2,0
2495,2026-08-06 18:58:11,CAM_JUNCTION_01,376,Car,0.847,5860,Northbound_Lane2,12.4,0
2496,2026-08-06 18:58:11,CAM_JUNCTION_01,376,Car,0.822,4765,Southbound_Lane1,31.7,0
2497,2026-08-06 18:58:11,CAM_JUNCTION_01,377,Car,0.808,4568,Southbound_Lane1,49.0,0
2498,2026-08-06 18:58:11,CAM_JUNCTION_01,377,Car,0.911,11466,Eastbound_Lane1,28.7,0
2499,2026-08-06 18:58:11,CAM_JUNCTION_01,377,Car,0.865,3875,Southbound_Lane1,43.2,0
2500,2026-08-06 18:58:11,CAM_JUNCTION_01,377,Car,0.798,2535,Northbound_Lane2,31.7,0
2501,2026-08-06 18:58:11,CAM_JUNCTION_01,377,Car,0.868,13319,Westbound_Lane1,3.6,0
2502,2026-08-06 18:58:11,CAM_JUNCTION_01,377,Car,0.977,11085,Westbound_Lane1,10.6,0
2503,2026-08-06 18:58:12,CAM_JUNCTION_01,378,Car,0.862,13538,Eastbound_Lane1,31.1,0
2504,2026-08-06 18:58:12,CAM_JUNCTION_01,378,Car,0.909,10098,Northbound_Lane2,39.3,0
2505,2026-08-06 18:58:12,CAM_JUNCTION_01,378,Car,0.793,14551,Northbound_Lane1,1.8,0
2506,2026-08-06 18:58:12,CAM_JUNCTION_01,378,Car,0.864,14160,Southbound_Lane1,53.0,0
2507,2026-08-06 18:58:12,CAM_JUNCTION_01,378,Car,0.783,13561,Northbound_Lane2,10.2,0
2508,2026-08-06 18:58:12,CAM_JUNCTION_01,378,Motorcycle,0.834,10250,Southbound_Lane1,34.2,0
2509,2026-08-06 18:58:12,CAM_JUNCTION_01,379,Truck,0.806,10351,Northbound_Lane2,38.1,0
2510,2026-08-06 18:58:12,CAM_JUNCTION_01,379,Car,0.968,10134,Westbound_Lane1,10.5,0
2511,2026-08-06 18:58:12,CAM_JUNCTION_01,379,Car,0.827,15708,Westbound_Lane1,43.9,0
2512,2026-08-06 18:58:12,CAM_JUNCTION_01,379,Car,0.842,10061,Westbound_Lane1,26.7,0
2513,2026-08-06 18:58:12,CAM_JUNCTION_01,379,Car,0.938,3924,Westbound_Lane1,18.7,0
2514,2026-08-06 18:58:13,CAM_JUNCTION_01,380,Car,0.894,4693,Eastbound_Lane1,47.0,0
2515,2026-08-06 18:58:13,CAM_JUNCTION_01,380,Car,0.925,14192,Northbound_Lane1,41.0,0
2516,2026-08-06 18:58:13,CAM_JUNCTION_01,380,Bus,0.859,3864,Northbound_Lane2,53.6,0
2517,2026-08-06 18:58:13,CAM_JUNCTION_01,380,Car,0.856,4768,Westbound_Lane1,13.5,0
2518,2026-08-06 18:58:13,CAM_JUNCTION_01,380,Car,0.975,5686,Northbound_Lane1,30.5,0
2519,2026-08-06 18:58:13,CAM_JUNCTION_01,380,Car,0.96,3188,Northbound_Lane1,44.1,0
2520,2026-08-06 18:58:13,CAM_JUNCTION_01,381,Car,0.913,11067,Westbound_Lane1,14.7,0
2521,2026-08-06 18:58:13,CAM_JUNCTION_01,381,Motorcycle,0.957,1200,Northbound_Lane2,48.0,0
2522,2026-08-06 18:58:13,CAM_JUNCTION_01,381,Car,0.88,12249,Northbound_Lane2,35.7,0
2523,2026-08-06 18:58:14,CAM_JUNCTION_01,382,Car,0.812,13285,Westbound_Lane1,0.0,0
2524,2026-08-06 18:58:14,CAM_JUNCTION_01,382,Car,0.954,17954,Northbound_Lane1,16.9,0
2525,2026-08-06 18:58:14,CAM_JUNCTION_01,382,Car,0.896,12647,Northbound_Lane1,3.8,0
2526,2026-08-06 18:58:14,CAM_JUNCTION_01,382,Car,0.803,15076,Northbound_Lane1,21.4,0
2527,2026-08-06 18:58:14,CAM_JUNCTION_01,383,Motorcycle,0.942,10910,Northbound_Lane2,6.0,0
2528,2026-08-06 18:58:14,CAM_JUNCTION_01,383,Car,0.842,8320,Eastbound_Lane1,44.5,0
2529,2026-08-06 18:58:14,CAM_JUNCTION_01,383,Car,0.788,1536,Northbound_Lane2,16.5,0
2530,2026-08-06 18:58:14,CAM_JUNCTION_01,383,Car,0.882,13217,Northbound_Lane2,32.6,0
2531,2026-08-06 18:58:15,CAM_JUNCTION_01,384,Car,0.97,14313,Southbound_Lane1,21.7,0
2532,2026-08-06 18:58:15,CAM_JUNCTION_01,384,Motorcycle,0.869,6179,Southbound_Lane1,10.9,0
2533,2026-08-06 18:58:15,CAM_JUNCTION_01,384,Car,0.847,14460,Eastbound_Lane1,9.3,0
2534,2026-08-06 18:58:15,CAM_JUNCTION_01,384,Car,0.835,15263,Southbound_Lane1,11.7,0
2535,2026-08-06 18:58:15,CAM_JUNCTION_01,384,Bus,0.826,4959,Westbound_Lane1,13.0,0
2536,2026-08-06 18:58:15,CAM_JUNCTION_01,384,Car,0.819,15975,Northbound_Lane1,48.5,0
2537,2026-08-06 18:58:15,CAM_JUNCTION_01,385,Car,0.866,2083,Northbound_Lane1,35.4,0
2538,2026-08-06 18:58:15,CAM_JUNCTION_01,385,Car,0.978,13452,Westbound_Lane1,7.6,0
2539,2026-08-06 18:58:15,CAM_JUNCTION_01,385,Truck,0.936,12537,Westbound_Lane1,11.3,0
2540,2026-08-06 18:58:15,CAM_JUNCTION_01,385,Car,0.804,3477,Westbound_Lane1,37.7,0
2541,2026-08-06 18:58:15,CAM_JUNCTION_01,385,Car,0.958,7564,Northbound_Lane2,21.6,0
2542,2026-08-06 18:58:15,CAM_JUNCTION_01,385,Car,0.801,14822,Eastbound_Lane1,49.7,0
2543,2026-08-06 18:58:16,CAM_JUNCTION_01,386,Car,0.873,1250,Westbound_Lane1,10.7,0
2544,2026-08-06 18:58:16,CAM_JUNCTION_01,386,Bus,0.879,16622,Northbound_Lane2,48.7,0
2545,2026-08-06 18:58:16,CAM_JUNCTION_01,386,Car,0.841,2453,Westbound_Lane1,49.0,0
2546,2026-08-06 18:58:16,CAM_JUNCTION_01,386,Car,0.881,15359,Eastbound_Lane1,3.6,0
2547,2026-08-06 18:58:16,CAM_JUNCTION_01,387,Car,0.892,5990,Southbound_Lane1,44.0,0
2548,2026-08-06 18:58:16,CAM_JUNCTION_01,387,Bus,0.86,16578,Eastbound_Lane1,50.7,0
2549,2026-08-06 18:58:17,CAM_JUNCTION_01,388,Car,0.876,12961,Northbound_Lane1,5.8,0
2550,2026-08-06 18:58:17,CAM_JUNCTION_01,388,Car,0.799,4251,Westbound_Lane1,21.3,0
2551,2026-08-06 18:58:17,CAM_JUNCTION_01,388,Car,0.96,13825,Westbound_Lane1,45.1,0
2552,2026-08-06 18:58:17,CAM_JUNCTION_01,388,Car,0.935,4911,Eastbound_Lane1,11.8,0
2553,2026-08-06 18:58:17,CAM_JUNCTION_01,389,Car,0.875,11583,Southbound_Lane1,0.1,0
2554,2026-08-06 18:58:17,CAM_JUNCTION_01,389,Car,0.786,4037,Westbound_Lane1,20.1,0
2555,2026-08-06 18:58:18,CAM_JUNCTION_01,390,Car,0.955,8080,Eastbound_Lane1,40.8,0
2556,2026-08-06 18:58:18,CAM_JUNCTION_01,390,Car,0.866,14066,Southbound_Lane1,54.6,0
2557,2026-08-06 18:58:18,CAM_JUNCTION_01,390,Truck,0.789,11249,Eastbound_Lane1,24.0,0
2558,2026-08-06 18:58:18,CAM_JUNCTION_01,391,Car,0.901,12807,Southbound_Lane1,43.1,0
2559,2026-08-06 18:58:18,CAM_JUNCTION_01,391,Motorcycle,0.85,12608,Northbound_Lane2,24.8,0
2560,2026-08-06 18:58:19,CAM_JUNCTION_01,392,Car,0.845,5484,Northbound_Lane1,41.4,0
2561,2026-08-06 18:58:19,CAM_JUNCTION_01,392,Car,0.964,13146,Northbound_Lane2,47.4,0
2562,2026-08-06 18:58:19,CAM_JUNCTION_01,392,Car,0.87,8233,Southbound_Lane1,40.9,0
2563,2026-08-06 18:58:19,CAM_JUNCTION_01,393,Bus,0.892,12428,Westbound_Lane1,0.4,0
2564,2026-08-06 18:58:19,CAM_JUNCTION_01,393,Car,0.97,4906,Northbound_Lane2,50.5,0
2565,2026-08-06 18:58:19,CAM_JUNCTION_01,393,Car,0.961,7886,Eastbound_Lane1,32.3,0
2566,2026-08-06 18:58:20,CAM_JUNCTION_01,394,Car,0.898,2794,Southbound_Lane1,35.7,0
2567,2026-08-06 18:58:20,CAM_JUNCTION_01,394,Car,0.855,16127,Eastbound_Lane1,52.9,0
2568,2026-08-06 18:58:20,CAM_JUNCTION_01,394,Truck,0.856,13697,Northbound_Lane2,16.1,0
2569,2026-08-06 18:58:20,CAM_JUNCTION_01,394,Car,0.785,4006,Westbound_Lane1,19.0,0
2570,2026-08-06 18:58:20,CAM_JUNCTION_01,394,Car,0.937,14422,Southbound_Lane1,40.7,0
2571,2026-08-06 18:58:20,CAM_JUNCTION_01,394,Car,0.808,15678,Westbound_Lane1,48.1,0
2572,2026-08-06 18:58:20,CAM_JUNCTION_01,395,Car,0.903,15664,Northbound_Lane1,45.1,0
2573,2026-08-06 18:58:20,CAM_JUNCTION_01,395,Car,0.942,5369,Eastbound_Lane1,48.6,0
2574,2026-08-06 18:58:20,CAM_JUNCTION_01,395,Car,0.927,8646,Northbound_Lane1,13.5,0
2575,2026-08-06 18:58:20,CAM_JUNCTION_01,395,Car,0.783,4695,Northbound_Lane1,14.2,0
2576,2026-08-06 18:58:21,CAM_JUNCTION_01,396,Car,0.784,3506,Eastbound_Lane1,2.5,0
2577,2026-08-06 18:58:21,CAM_JUNCTION_01,396,Car,0.974,16553,Westbound_Lane1,26.0,0
2578,2026-08-06 18:58:21,CAM_JUNCTION_01,397,Car,0.929,11263,Eastbound_Lane1,9.1,0
2579,2026-08-06 18:58:21,CAM_JUNCTION_01,397,Car,0.972,9339,Northbound_Lane1,2.2,0
2580,2026-08-06 18:58:21,CAM_JUNCTION_01,397,Car,0.801,9529,Northbound_Lane2,48.0,0
2581,2026-08-06 18:58:21,CAM_JUNCTION_01,397,Car,0.977,1493,Westbound_Lane1,41.7,0
2582,2026-08-06 18:58:21,CAM_JUNCTION_01,397,Truck,0.791,7737,Southbound_Lane1,32.9,0
2583,2026-08-06 18:58:21,CAM_JUNCTION_01,397,Car,0.88,8335,Southbound_Lane1,38.5,0
2584,2026-08-06 18:58:22,CAM_JUNCTION_01,398,Truck,0.917,7232,Northbound_Lane1,49.1,0
2585,2026-08-06 18:58:22,CAM_JUNCTION_01,398,Car,0.866,1908,Northbound_Lane1,45.8,0
2586,2026-08-06 18:58:22,CAM_JUNCTION_01,398,Car,0.931,3927,Eastbound_Lane1,17.6,0
2587,2026-08-06 18:58:22,CAM_JUNCTION_01,398,Car,0.854,3663,Eastbound_Lane1,28.7,0
2588,2026-08-06 18:58:22,CAM_JUNCTION_01,398,Car,0.927,8505,Westbound_Lane1,8.5,0
2589,2026-08-06 18:58:22,CAM_JUNCTION_01,398,Car,0.873,6856,Northbound_Lane1,53.6,0
2590,2026-08-06 18:58:22,CAM_JUNCTION_01,399,Motorcycle,0.797,6658,Westbound_Lane1,40.4,0
2591,2026-08-06 18:58:22,CAM_JUNCTION_01,399,Car,0.878,14303,Westbound_Lane1,4.5,0
2592,2026-08-06 18:58:22,CAM_JUNCTION_01,399,Car,0.836,17687,Westbound_Lane1,47.8,0
2593,2026-08-06 18:58:22,CAM_JUNCTION_01,399,Car,0.822,3455,Northbound_Lane2,29.3,0
2594,2026-08-06 18:58:23,CAM_JUNCTION_01,400,Motorcycle,0.825,11255,Northbound_Lane1,0.5,0
2595,2026-08-06 18:58:23,CAM_JUNCTION_01,400,Car,0.856,3695,Northbound_Lane1,14.9,0
2596,2026-08-06 18:58:23,CAM_JUNCTION_01,400,Car,0.946,14222,Northbound_Lane1,0.9,0
2597,2026-08-06 18:58:23,CAM_JUNCTION_01,401,Car,0.901,12544,Northbound_Lane2,36.8,0
2598,2026-08-06 18:58:23,CAM_JUNCTION_01,401,Bus,0.798,17893,Northbound_Lane1,34.7,0
2599,2026-08-06 18:58:23,CAM_JUNCTION_01,401,Car,0.944,6590,Southbound_Lane1,1.5,0
2600,2026-08-06 18:58:23,CAM_JUNCTION_01,401,Ambulance,0.932,15873,Northbound_Lane1,47.0,1
2601,2026-08-06 18:58:24,CAM_JUNCTION_01,402,Car,0.825,4134,Northbound_Lane1,16.0,0
2602,2026-08-06 18:58:24,CAM_JUNCTION_01,402,Car,0.807,6085,Northbound_Lane1,8.4,0
2603,2026-08-06 18:58:24,CAM_JUNCTION_01,402,Car,0.942,11797,Northbound_Lane2,6.8,0
2604,2026-08-06 18:58:24,CAM_JUNCTION_01,402,Car,0.885,3756,Northbound_Lane2,43.7,0
2605,2026-08-06 18:58:24,CAM_JUNCTION_01,403,Motorcycle,0.784,17673,Westbound_Lane1,17.2,0
2606,2026-08-06 18:58:24,CAM_JUNCTION_01,403,Car,0.926,17295,Eastbound_Lane1,21.3,0
2607,2026-08-06 18:58:24,CAM_JUNCTION_01,403,Car,0.834,13923,Northbound_Lane2,21.7,0
2608,2026-08-06 18:58:24,CAM_JUNCTION_01,403,Car,0.842,6767,Northbound_Lane2,24.3,0
2609,2026-08-06 18:58:24,CAM_JUNCTION_01,403,Motorcycle,0.925,2555,Northbound_Lane1,22.3,0
2610,2026-08-06 18:58:25,CAM_JUNCTION_01,404,Rickshaw,0.896,11752,Northbound_Lane1,17.6,0
2611,2026-08-06 18:58:25,CAM_JUNCTION_01,404,Car,0.804,8106,Northbound_Lane1,14.9,0
2612,2026-08-06 18:58:25,CAM_JUNCTION_01,404,Car,0.876,8443,Southbound_Lane1,36.1,0
2613,2026-08-06 18:58:25,CAM_JUNCTION_01,404,Motorcycle,0.877,10773,Southbound_Lane1,19.2,0
2614,2026-08-06 18:58:25,CAM_JUNCTION_01,404,Car,0.84,5968,Eastbound_Lane1,45.0,0
2615,2026-08-06 18:58:25,CAM_JUNCTION_01,405,Car,0.845,15977,Eastbound_Lane1,30.9,0
2616,2026-08-06 18:58:25,CAM_JUNCTION_01,405,Car,0.956,11820,Northbound_Lane1,40.9,0
2617,2026-08-06 18:58:25,CAM_JUNCTION_01,405,Car,0.975,14949,Northbound_Lane1,42.2,0
2618,2026-08-06 18:58:25,CAM_JUNCTION_01,405,Car,0.954,16815,Southbound_Lane1,32.7,0
2619,2026-08-06 18:58:25,CAM_JUNCTION_01,405,Car,0.856,1888,Northbound_Lane2,8.8,0
2620,2026-08-06 18:58:26,CAM_JUNCTION_01,406,Truck,0.961,15496,Southbound_Lane1,26.9,0
2621,2026-08-06 18:58:26,CAM_JUNCTION_01,406,Car,0.868,11743,Westbound_Lane1,11.9,0
2622,2026-08-06 18:58:26,CAM_JUNCTION_01,406,Car,0.941,15463,Southbound_Lane1,18.8,0
2623,2026-08-06 18:58:26,CAM_JUNCTION_01,406,Car,0.952,17598,Northbound_Lane1,9.2,0
2624,2026-08-06 18:58:26,CAM_JUNCTION_01,406,Car,0.937,16543,Eastbound_Lane1,37.8,0
2625,2026-08-06 18:58:26,CAM_JUNCTION_01,407,Truck,0.839,11760,Westbound_Lane1,18.8,0
2626,2026-08-06 18:58:26,CAM_JUNCTION_01,407,Car,0.801,14707,Northbound_Lane1,24.9,0
2627,2026-08-06 18:58:26,CAM_JUNCTION_01,407,Car,0.906,15596,Westbound_Lane1,40.9,0
2628,2026-08-06 18:58:26,CAM_JUNCTION_01,407,Motorcycle,0.956,5229,Westbound_Lane1,6.5,0
2629,2026-08-06 18:58:26,CAM_JUNCTION_01,407,Motorcycle,0.843,2284,Northbound_Lane1,44.7,0
2630,2026-08-06 18:58:27,CAM_JUNCTION_01,408,Car,0.792,10824,Northbound_Lane2,3.9,0
2631,2026-08-06 18:58:27,CAM_JUNCTION_01,408,Car,0.96,12751,Northbound_Lane1,14.9,0
2632,2026-08-06 18:58:27,CAM_JUNCTION_01,408,Car,0.879,14968,Westbound_Lane1,20.2,0
2633,2026-08-06 18:58:27,CAM_JUNCTION_01,408,Car,0.874,9748,Northbound_Lane1,23.6,0
2634,2026-08-06 18:58:27,CAM_JUNCTION_01,408,Bus,0.919,17506,Northbound_Lane1,36.7,0
2635,2026-08-06 18:58:27,CAM_JUNCTION_01,409,Car,0.94,8939,Southbound_Lane1,13.6,0
2636,2026-08-06 18:58:27,CAM_JUNCTION_01,409,Motorcycle,0.959,11049,Westbound_Lane1,44.4,0
2637,2026-08-06 18:58:27,CAM_JUNCTION_01,409,Car,0.877,7853,Southbound_Lane1,27.8,0
2638,2026-08-06 18:58:27,CAM_JUNCTION_01,409,Car,0.807,7725,Westbound_Lane1,38.7,0
2639,2026-08-06 18:58:28,CAM_JUNCTION_01,410,Car,0.842,10550,Southbound_Lane1,14.3,0
2640,2026-08-06 18:58:28,CAM_JUNCTION_01,410,Bus,0.926,14862,Westbound_Lane1,29.3,0
2641,2026-08-06 18:58:28,CAM_JUNCTION_01,410,Car,0.955,11455,Northbound_Lane2,39.0,0
2642,2026-08-06 18:58:28,CAM_JUNCTION_01,411,Bus,0.877,14194,Eastbound_Lane1,44.0,0
2643,2026-08-06 18:58:28,CAM_JUNCTION_01,411,Truck,0.843,4190,Eastbound_Lane1,32.4,0
2644,2026-08-06 18:58:29,CAM_JUNCTION_01,412,Car,0.859,7075,Northbound_Lane2,46.3,0
2645,2026-08-06 18:58:29,CAM_JUNCTION_01,412,Car,0.893,10907,Northbound_Lane2,23.9,0
2646,2026-08-06 18:58:29,CAM_JUNCTION_01,412,Car,0.87,8241,Northbound_Lane2,12.5,0
2647,2026-08-06 18:58:29,CAM_JUNCTION_01,413,Car,0.794,13251,Eastbound_Lane1,54.4,0
2648,2026-08-06 18:58:29,CAM_JUNCTION_01,413,Motorcycle,0.944,7251,Eastbound_Lane1,47.0,0
2649,2026-08-06 18:58:29,CAM_JUNCTION_01,413,Car,0.889,13176,Eastbound_Lane1,14.6,0
2650,2026-08-06 18:58:29,CAM_JUNCTION_01,413,Truck,0.946,1650,Southbound_Lane1,16.8,0
2651,2026-08-06 18:58:29,CAM_JUNCTION_01,413,Motorcycle,0.973,12212,Northbound_Lane2,6.3,0
2652,2026-08-06 18:58:29,CAM_JUNCTION_01,413,Motorcycle,0.893,12290,Southbound_Lane1,46.8,0
2653,2026-08-06 18:58:30,CAM_JUNCTION_01,414,Motorcycle,0.909,3372,Northbound_Lane1,29.4,0
2654,2026-08-06 18:58:30,CAM_JUNCTION_01,414,Car,0.978,12042,Southbound_Lane1,42.0,0
2655,2026-08-06 18:58:30,CAM_JUNCTION_01,414,Car,0.968,1243,Eastbound_Lane1,19.2,0
2656,2026-08-06 18:58:30,CAM_JUNCTION_01,414,Car,0.975,5757,Eastbound_Lane1,48.1,0
2657,2026-08-06 18:58:30,CAM_JUNCTION_01,414,Car,0.847,17428,Southbound_Lane1,50.9,0
2658,2026-08-06 18:58:30,CAM_JUNCTION_01,414,Car,0.862,12167,Westbound_Lane1,45.1,0
2659,2026-08-06 18:58:30,CAM_JUNCTION_01,415,Motorcycle,0.808,12751,Northbound_Lane1,52.1,0
2660,2026-08-06 18:58:30,CAM_JUNCTION_01,415,Car,0.957,6147,Westbound_Lane1,7.1,0
2661,2026-08-06 18:58:30,CAM_JUNCTION_01,415,Car,0.879,4070,Eastbound_Lane1,48.1,0
2662,2026-08-06 18:58:30,CAM_JUNCTION_01,415,Car,0.825,15934,Northbound_Lane1,44.4,0
2663,2026-08-06 18:58:30,CAM_JUNCTION_01,415,Car,0.93,1205,Northbound_Lane2,54.5,0
2664,2026-08-06 18:58:31,CAM_JUNCTION_01,416,Car,0.89,13284,Westbound_Lane1,30.0,0
2665,2026-08-06 18:58:31,CAM_JUNCTION_01,416,Car,0.93,8295,Eastbound_Lane1,28.4,0
2666,2026-08-06 18:58:31,CAM_JUNCTION_01,416,Car,0.891,10988,Northbound_Lane2,32.8,0
2667,2026-08-06 18:58:31,CAM_JUNCTION_01,416,Car,0.94,7064,Northbound_Lane1,30.6,0
2668,2026-08-06 18:58:31,CAM_JUNCTION_01,416,Car,0.916,15930,Northbound_Lane2,1.4,0
2669,2026-08-06 18:58:31,CAM_JUNCTION_01,417,Car,0.895,5955,Northbound_Lane2,8.6,0
2670,2026-08-06 18:58:31,CAM_JUNCTION_01,417,Truck,0.78,11133,Southbound_Lane1,23.1,0
2671,2026-08-06 18:58:31,CAM_JUNCTION_01,417,Car,0.792,6089,Northbound_Lane1,41.4,0
2672,2026-08-06 18:58:31,CAM_JUNCTION_01,417,Car,0.789,15045,Eastbound_Lane1,19.5,0
2673,2026-08-06 18:58:31,CAM_JUNCTION_01,417,Car,0.977,13438,Northbound_Lane2,29.4,0
2674,2026-08-06 18:58:32,CAM_JUNCTION_01,418,Rickshaw,0.853,17045,Northbound_Lane1,54.8,0
2675,2026-08-06 18:58:32,CAM_JUNCTION_01,418,Car,0.83,3260,Northbound_Lane2,29.8,0
2676,2026-08-06 18:58:32,CAM_JUNCTION_01,418,Motorcycle,0.815,1659,Eastbound_Lane1,2.9,0
2677,2026-08-06 18:58:32,CAM_JUNCTION_01,419,Bus,0.94,1351,Westbound_Lane1,23.4,0
2678,2026-08-06 18:58:32,CAM_JUNCTION_01,419,Car,0.89,5396,Westbound_Lane1,45.0,0
2679,2026-08-06 18:58:32,CAM_JUNCTION_01,419,Car,0.842,9260,Westbound_Lane1,43.4,0
2680,2026-08-06 18:58:32,CAM_JUNCTION_01,419,Car,0.785,10102,Westbound_Lane1,15.8,0
2681,2026-08-06 18:58:32,CAM_JUNCTION_01,419,Car,0.915,1201,Northbound_Lane1,46.8,0
2682,2026-08-06 18:58:33,CAM_JUNCTION_01,420,Car,0.836,9179,Northbound_Lane2,2.9,0
2683,2026-08-06 18:58:33,CAM_JUNCTION_01,420,Car,0.849,2414,Northbound_Lane1,6.6,0
2684,2026-08-06 18:58:33,CAM_JUNCTION_01,421,Motorcycle,0.941,3679,Northbound_Lane1,18.3,0
2685,2026-08-06 18:58:33,CAM_JUNCTION_01,421,Car,0.971,9728,Northbound_Lane1,26.8,0
2686,2026-08-06 18:58:34,CAM_JUNCTION_01,422,Motorcycle,0.925,7325,Southbound_Lane1,35.2,0
2687,2026-08-06 18:58:34,CAM_JUNCTION_01,422,Car,0.853,3912,Westbound_Lane1,9.9,0
2688,2026-08-06 18:58:34,CAM_JUNCTION_01,422,Car,0.978,7945,Southbound_Lane1,52.8,0
2689,2026-08-06 18:58:34,CAM_JUNCTION_01,422,Car,0.781,14625,Southbound_Lane1,13.9,0
2690,2026-08-06 18:58:34,CAM_JUNCTION_01,422,Car,0.88,16199,Southbound_Lane1,2.9,0
2691,2026-08-06 18:58:34,CAM_JUNCTION_01,422,Car,0.799,14518,Northbound_Lane1,43.0,0
2692,2026-08-06 18:58:34,CAM_JUNCTION_01,423,Motorcycle,0.809,17907,Eastbound_Lane1,46.7,0
2693,2026-08-06 18:58:34,CAM_JUNCTION_01,423,Car,0.924,9098,Eastbound_Lane1,48.6,0
2694,2026-08-06 18:58:34,CAM_JUNCTION_01,423,Car,0.797,16702,Northbound_Lane2,12.9,0
2695,2026-08-06 18:58:34,CAM_JUNCTION_01,423,Car,0.913,4349,Eastbound_Lane1,22.8,0
2696,2026-08-06 18:58:35,CAM_JUNCTION_01,424,Car,0.847,16484,Eastbound_Lane1,35.6,0
2697,2026-08-06 18:58:35,CAM_JUNCTION_01,424,Rickshaw,0.854,11320,Westbound_Lane1,0.7,0
2698,2026-08-06 18:58:35,CAM_JUNCTION_01,425,Car,0.955,4149,Westbound_Lane1,30.7,0
2699,2026-08-06 18:58:35,CAM_JUNCTION_01,425,Motorcycle,0.94,2922,Eastbound_Lane1,43.1,0
2700,2026-08-06 18:58:35,CAM_JUNCTION_01,425,Car,0.881,11719,Eastbound_Lane1,9.8,0
2701,2026-08-06 18:58:35,CAM_JUNCTION_01,425,Motorcycle,0.828,5013,Eastbound_Lane1,54.2,0
2702,2026-08-06 18:58:35,CAM_JUNCTION_01,425,Bus,0.951,8744,Northbound_Lane1,19.2,0
2703,2026-08-06 18:58:35,CAM_JUNCTION_01,425,Car,0.971,7300,Northbound_Lane2,53.7,0
2704,2026-08-06 18:58:36,CAM_JUNCTION_01,426,Motorcycle,0.841,1308,Eastbound_Lane1,17.2,0
2705,2026-08-06 18:58:36,CAM_JUNCTION_01,426,Car,0.829,11070,Eastbound_Lane1,45.2,0
2706,2026-08-06 18:58:36,CAM_JUNCTION_01,426,Car,0.956,2863,Southbound_Lane1,53.1,0
2707,2026-08-06 18:58:36,CAM_JUNCTION_01,426,Motorcycle,0.82,7364,Northbound_Lane1,50.6,0
2708,2026-08-06 18:58:36,CAM_JUNCTION_01,426,Motorcycle,0.866,3951,Westbound_Lane1,20.6,0
2709,2026-08-06 18:58:36,CAM_JUNCTION_01,427,Car,0.859,5230,Southbound_Lane1,1.3,0
2710,2026-08-06 18:58:36,CAM_JUNCTION_01,427,Car,0.857,4992,Southbound_Lane1,0.2,0
2711,2026-08-06 18:58:36,CAM_JUNCTION_01,427,Motorcycle,0.917,7743,Northbound_Lane1,34.8,0
2712,2026-08-06 18:58:36,CAM_JUNCTION_01,427,Car,0.974,5900,Southbound_Lane1,25.7,0
2713,2026-08-06 18:58:36,CAM_JUNCTION_01,427,Car,0.782,8058,Southbound_Lane1,28.9,0
2714,2026-08-06 18:58:36,CAM_JUNCTION_01,427,Car,0.857,5430,Southbound_Lane1,19.9,0
2715,2026-08-06 18:58:37,CAM_JUNCTION_01,428,Motorcycle,0.809,3400,Northbound_Lane2,35.4,0
2716,2026-08-06 18:58:37,CAM_JUNCTION_01,428,Car,0.903,13633,Northbound_Lane1,46.6,0
2717,2026-08-06 18:58:37,CAM_JUNCTION_01,428,Car,0.881,12541,Eastbound_Lane1,50.4,0
2718,2026-08-06 18:58:37,CAM_JUNCTION_01,428,Car,0.935,5490,Southbound_Lane1,25.9,0
2719,2026-08-06 18:58:37,CAM_JUNCTION_01,428,Car,0.919,11339,Westbound_Lane1,18.8,0
2720,2026-08-06 18:58:37,CAM_JUNCTION_01,429,Car,0.827,5797,Eastbound_Lane1,46.1,0
2721,2026-08-06 18:58:37,CAM_JUNCTION_01,429,Car,0.907,11964,Eastbound_Lane1,25.0,0
2722,2026-08-06 18:58:37,CAM_JUNCTION_01,429,Car,0.781,1211,Southbound_Lane1,53.8,0
2723,2026-08-06 18:58:37,CAM_JUNCTION_01,429,Car,0.782,5390,Southbound_Lane1,45.3,0
2724,2026-08-06 18:58:37,CAM_JUNCTION_01,429,Car,0.848,13038,Southbound_Lane1,35.8,0
2725,2026-08-06 18:58:38,CAM_JUNCTION_01,430,Car,0.945,6251,Westbound_Lane1,50.8,0
2726,2026-08-06 18:58:38,CAM_JUNCTION_01,430,Truck,0.919,11556,Northbound_Lane1,52.3,0
2727,2026-08-06 18:58:38,CAM_JUNCTION_01,430,Car,0.97,6494,Southbound_Lane1,5.4,0
2728,2026-08-06 18:58:38,CAM_JUNCTION_01,430,Car,0.801,6278,Westbound_Lane1,46.6,0
2729,2026-08-06 18:58:38,CAM_JUNCTION_01,430,Car,0.972,12141,Northbound_Lane1,1.5,0
2730,2026-08-06 18:58:38,CAM_JUNCTION_01,431,Car,0.949,2670,Westbound_Lane1,40.8,0
2731,2026-08-06 18:58:38,CAM_JUNCTION_01,431,Car,0.815,7046,Southbound_Lane1,51.1,0
2732,2026-08-06 18:58:38,CAM_JUNCTION_01,431,Car,0.846,5822,Southbound_Lane1,50.3,0
2733,2026-08-06 18:58:39,CAM_JUNCTION_01,432,Car,0.857,11197,Westbound_Lane1,10.6,0
2734,2026-08-06 18:58:39,CAM_JUNCTION_01,432,Car,0.82,3223,Westbound_Lane1,52.8,0
2735,2026-08-06 18:58:39,CAM_JUNCTION_01,432,Car,0.971,6003,Eastbound_Lane1,27.7,0
2736,2026-08-06 18:58:39,CAM_JUNCTION_01,433,Bus,0.964,13663,Westbound_Lane1,51.6,0
2737,2026-08-06 18:58:39,CAM_JUNCTION_01,433,Car,0.82,11550,Northbound_Lane1,43.9,0
2738,2026-08-06 18:58:39,CAM_JUNCTION_01,433,Car,0.933,10529,Eastbound_Lane1,21.8,0
2739,2026-08-06 18:58:40,CAM_JUNCTION_01,434,Car,0.907,9669,Eastbound_Lane1,2.3,0
2740,2026-08-06 18:58:40,CAM_JUNCTION_01,434,Car,0.849,15483,Northbound_Lane2,18.4,0
2741,2026-08-06 18:58:40,CAM_JUNCTION_01,434,Car,0.894,1597,Eastbound_Lane1,41.5,0
2742,2026-08-06 18:58:40,CAM_JUNCTION_01,434,Bus,0.939,16829,Northbound_Lane1,54.5,0
2743,2026-08-06 18:58:40,CAM_JUNCTION_01,434,Car,0.899,3665,Westbound_Lane1,48.3,0
2744,2026-08-06 18:58:40,CAM_JUNCTION_01,435,Car,0.973,5441,Westbound_Lane1,11.2,0
2745,2026-08-06 18:58:40,CAM_JUNCTION_01,435,Car,0.836,17288,Westbound_Lane1,14.1,0
2746,2026-08-06 18:58:40,CAM_JUNCTION_01,435,Bus,0.967,1615,Southbound_Lane1,2.2,0
2747,2026-08-06 18:58:40,CAM_JUNCTION_01,435,Car,0.866,14625,Eastbound_Lane1,38.3,0
2748,2026-08-06 18:58:40,CAM_JUNCTION_01,435,Car,0.906,5217,Westbound_Lane1,24.6,0
2749,2026-08-06 18:58:40,CAM_JUNCTION_01,435,Car,0.821,8170,Southbound_Lane1,3.9,0
2750,2026-08-06 18:58:41,CAM_JUNCTION_01,436,Truck,0.906,14910,Eastbound_Lane1,19.8,0
2751,2026-08-06 18:58:41,CAM_JUNCTION_01,436,Car,0.812,8909,Westbound_Lane1,42.2,0
2752,2026-08-06 18:58:41,CAM_JUNCTION_01,436,Motorcycle,0.894,12004,Northbound_Lane2,41.4,0
2753,2026-08-06 18:58:41,CAM_JUNCTION_01,436,Car,0.851,3677,Westbound_Lane1,10.1,0
2754,2026-08-06 18:58:41,CAM_JUNCTION_01,437,Car,0.918,15849,Northbound_Lane2,52.7,0
2755,2026-08-06 18:58:41,CAM_JUNCTION_01,437,Car,0.907,13373,Northbound_Lane1,34.3,0
2756,2026-08-06 18:58:41,CAM_JUNCTION_01,437,Car,0.897,15663,Southbound_Lane1,41.4,0
2757,2026-08-06 18:58:41,CAM_JUNCTION_01,437,Car,0.825,4646,Westbound_Lane1,42.4,0
2758,2026-08-06 18:58:41,CAM_JUNCTION_01,437,Car,0.956,10387,Southbound_Lane1,21.6,0
2759,2026-08-06 18:58:42,CAM_JUNCTION_01,438,Car,0.868,8244,Northbound_Lane1,3.4,0
2760,2026-08-06 18:58:42,CAM_JUNCTION_01,438,Car,0.788,8354,Southbound_Lane1,43.2,0
2761,2026-08-06 18:58:42,CAM_JUNCTION_01,438,Car,0.82,13983,Eastbound_Lane1,23.8,0
2762,2026-08-06 18:58:42,CAM_JUNCTION_01,438,Car,0.852,16340,Eastbound_Lane1,33.4,0
2763,2026-08-06 18:58:42,CAM_JUNCTION_01,438,Car,0.926,16977,Eastbound_Lane1,50.8,0
2764,2026-08-06 18:58:42,CAM_JUNCTION_01,439,Bus,0.851,14784,Southbound_Lane1,39.1,0
2765,2026-08-06 18:58:42,CAM_JUNCTION_01,439,Car,0.865,15148,Southbound_Lane1,0.0,0
2766,2026-08-06 18:58:42,CAM_JUNCTION_01,439,Car,0.821,15639,Northbound_Lane2,10.0,0
2767,2026-08-06 18:58:42,CAM_JUNCTION_01,439,Bus,0.863,16304,Eastbound_Lane1,12.1,0
2768,2026-08-06 18:58:43,CAM_JUNCTION_01,440,Car,0.857,1389,Southbound_Lane1,13.9,0
2769,2026-08-06 18:58:43,CAM_JUNCTION_01,440,Car,0.794,9395,Northbound_Lane1,32.6,0
2770,2026-08-06 18:58:43,CAM_JUNCTION_01,440,Motorcycle,0.873,3790,Northbound_Lane1,2.6,0
2771,2026-08-06 18:58:43,CAM_JUNCTION_01,440,Car,0.795,11937,Eastbound_Lane1,29.7,0
2772,2026-08-06 18:58:43,CAM_JUNCTION_01,440,Car,0.935,9842,Eastbound_Lane1,36.2,0
2773,2026-08-06 18:58:43,CAM_JUNCTION_01,441,Car,0.862,5039,Eastbound_Lane1,27.1,0
2774,2026-08-06 18:58:43,CAM_JUNCTION_01,441,Truck,0.799,7927,Northbound_Lane1,24.0,0
2775,2026-08-06 18:58:43,CAM_JUNCTION_01,441,Car,0.834,16542,Southbound_Lane1,36.9,0
2776,2026-08-06 18:58:44,CAM_JUNCTION_01,442,Car,0.908,13343,Northbound_Lane2,42.7,0
2777,2026-08-06 18:58:44,CAM_JUNCTION_01,442,Car,0.897,8770,Westbound_Lane1,18.4,0
2778,2026-08-06 18:58:44,CAM_JUNCTION_01,442,Car,0.852,5193,Southbound_Lane1,40.0,0
2779,2026-08-06 18:58:44,CAM_JUNCTION_01,443,Car,0.889,3219,Westbound_Lane1,3.5,0
2780,2026-08-06 18:58:44,CAM_JUNCTION_01,443,Car,0.916,4355,Northbound_Lane1,3.4,0
2781,2026-08-06 18:58:44,CAM_JUNCTION_01,443,Motorcycle,0.967,6385,Southbound_Lane1,0.2,0
2782,2026-08-06 18:58:44,CAM_JUNCTION_01,443,Car,0.823,16998,Northbound_Lane2,40.4,0
2783,2026-08-06 18:58:44,CAM_JUNCTION_01,443,Car,0.977,4699,Westbound_Lane1,12.9,0
2784,2026-08-06 18:58:44,CAM_JUNCTION_01,443,Car,0.939,6235,Southbound_Lane1,51.2,0
2785,2026-08-06 18:58:45,CAM_JUNCTION_01,444,Car,0.81,14495,Southbound_Lane1,49.0,0
2786,2026-08-06 18:58:45,CAM_JUNCTION_01,444,Car,0.787,3203,Northbound_Lane2,12.5,0
2787,2026-08-06 18:58:45,CAM_JUNCTION_01,444,Car,0.851,15788,Eastbound_Lane1,13.8,0
2788,2026-08-06 18:58:45,CAM_JUNCTION_01,445,Car,0.978,2757,Northbound_Lane1,44.9,0
2789,2026-08-06 18:58:45,CAM_JUNCTION_01,445,Car,0.915,8832,Northbound_Lane2,44.3,0
2790,2026-08-06 18:58:45,CAM_JUNCTION_01,445,Car,0.81,12834,Westbound_Lane1,47.7,0
2791,2026-08-06 18:58:46,CAM_JUNCTION_01,446,Car,0.849,6178,Northbound_Lane2,29.7,0
2792,2026-08-06 18:58:46,CAM_JUNCTION_01,446,Car,0.83,10472,Northbound_Lane1,26.1,0
2793,2026-08-06 18:58:46,CAM_JUNCTION_01,447,Car,0.808,9145,Northbound_Lane1,33.0,0
2794,2026-08-06 18:58:46,CAM_JUNCTION_01,447,Car,0.965,17348,Southbound_Lane1,34.7,0
2795,2026-08-06 18:58:46,CAM_JUNCTION_01,447,Bus,0.789,17123,Westbound_Lane1,43.5,0
2796,2026-08-06 18:58:46,CAM_JUNCTION_01,447,Car,0.879,1877,Eastbound_Lane1,20.1,0
2797,2026-08-06 18:58:46,CAM_JUNCTION_01,447,Car,0.974,11521,Southbound_Lane1,53.0,0
2798,2026-08-06 18:58:47,CAM_JUNCTION_01,448,Car,0.825,10424,Northbound_Lane1,40.8,0
2799,2026-08-06 18:58:47,CAM_JUNCTION_01,448,Truck,0.899,17476,Northbound_Lane1,14.0,0
2800,2026-08-06 18:58:47,CAM_JUNCTION_01,448,Motorcycle,0.885,5034,Northbound_Lane2,11.3,0
2801,2026-08-06 18:58:47,CAM_JUNCTION_01,448,Car,0.781,7547,Southbound_Lane1,53.2,0
2802,2026-08-06 18:58:47,CAM_JUNCTION_01,448,Car,0.971,2690,Eastbound_Lane1,39.6,0
2803,2026-08-06 18:58:47,CAM_JUNCTION_01,449,Car,0.816,15299,Southbound_Lane1,25.3,0
2804,2026-08-06 18:58:47,CAM_JUNCTION_01,449,Bus,0.861,6680,Northbound_Lane2,45.5,0
2805,2026-08-06 18:58:47,CAM_JUNCTION_01,449,Car,0.954,16419,Southbound_Lane1,7.0,0
2806,2026-08-06 18:58:47,CAM_JUNCTION_01,449,Rickshaw,0.942,10921,Eastbound_Lane1,12.0,0
2807,2026-08-06 18:58:47,CAM_JUNCTION_01,449,Car,0.905,5673,Southbound_Lane1,49.4,0
2808,2026-08-06 18:58:48,CAM_JUNCTION_01,450,Car,0.956,10290,Northbound_Lane1,53.5,0
2809,2026-08-06 18:58:48,CAM_JUNCTION_01,450,Car,0.886,16609,Northbound_Lane2,4.1,0
2810,2026-08-06 18:58:48,CAM_JUNCTION_01,450,Car,0.806,1282,Southbound_Lane1,30.9,0
2811,2026-08-06 18:58:48,CAM_JUNCTION_01,451,Car,0.959,5361,Eastbound_Lane1,54.4,0
2812,2026-08-06 18:58:48,CAM_JUNCTION_01,451,Car,0.862,2831,Northbound_Lane2,25.9,0
2813,2026-08-06 18:58:49,CAM_JUNCTION_01,452,Car,0.888,7429,Northbound_Lane1,49.6,0
2814,2026-08-06 18:58:49,CAM_JUNCTION_01,452,Car,0.969,16421,Northbound_Lane2,42.9,0
2815,2026-08-06 18:58:49,CAM_JUNCTION_01,452,Car,0.812,7524,Eastbound_Lane1,19.2,0
2816,2026-08-06 18:58:49,CAM_JUNCTION_01,452,Car,0.867,4173,Northbound_Lane2,7.7,0
2817,2026-08-06 18:58:49,CAM_JUNCTION_01,452,Car,0.788,13263,Northbound_Lane2,15.0,0
2818,2026-08-06 18:58:49,CAM_JUNCTION_01,453,Car,0.864,6738,Southbound_Lane1,23.7,0
2819,2026-08-06 18:58:49,CAM_JUNCTION_01,453,Car,0.875,6910,Westbound_Lane1,24.3,0
2820,2026-08-06 18:58:50,CAM_JUNCTION_01,454,Car,0.784,13788,Northbound_Lane1,43.8,0
2821,2026-08-06 18:58:50,CAM_JUNCTION_01,454,Car,0.957,3421,Northbound_Lane1,25.9,0
2822,2026-08-06 18:58:50,CAM_JUNCTION_01,454,Car,0.955,14606,Southbound_Lane1,41.0,0
2823,2026-08-06 18:58:50,CAM_JUNCTION_01,455,Car,0.802,5585,Northbound_Lane1,43.2,0
2824,2026-08-06 18:58:50,CAM_JUNCTION_01,455,Car,0.886,10245,Northbound_Lane1,14.3,0
2825,2026-08-06 18:58:50,CAM_JUNCTION_01,455,Car,0.898,14140,Eastbound_Lane1,33.8,0
2826,2026-08-06 18:58:50,CAM_JUNCTION_01,455,Car,0.872,2321,Northbound_Lane1,39.8,0
2827,2026-08-06 18:58:51,CAM_JUNCTION_01,456,Car,0.799,12878,Southbound_Lane1,50.9,0
2828,2026-08-06 18:58:51,CAM_JUNCTION_01,456,Motorcycle,0.804,1283,Eastbound_Lane1,45.6,0
2829,2026-08-06 18:58:51,CAM_JUNCTION_01,457,Car,0.956,3484,Southbound_Lane1,51.7,0
2830,2026-08-06 18:58:51,CAM_JUNCTION_01,457,Car,0.949,3442,Northbound_Lane1,24.4,0
2831,2026-08-06 18:58:51,CAM_JUNCTION_01,457,Truck,0.78,12744,Northbound_Lane1,41.8,0
2832,2026-08-06 18:58:52,CAM_JUNCTION_01,458,Car,0.928,15482,Northbound_Lane2,32.1,0
2833,2026-08-06 18:58:52,CAM_JUNCTION_01,458,Car,0.781,3257,Northbound_Lane1,7.3,0
2834,2026-08-06 18:58:52,CAM_JUNCTION_01,458,Car,0.875,17704,Eastbound_Lane1,1.1,0
2835,2026-08-06 18:58:52,CAM_JUNCTION_01,458,Car,0.851,10170,Westbound_Lane1,44.0,0
2836,2026-08-06 18:58:52,CAM_JUNCTION_01,459,Car,0.847,10676,Northbound_Lane1,12.2,0
2837,2026-08-06 18:58:52,CAM_JUNCTION_01,459,Car,0.875,6607,Northbound_Lane1,47.5,0
2838,2026-08-06 18:58:53,CAM_JUNCTION_01,460,Motorcycle,0.928,3210,Southbound_Lane1,54.8,0
2839,2026-08-06 18:58:53,CAM_JUNCTION_01,460,Car,0.964,13394,Northbound_Lane2,21.4,0
2840,2026-08-06 18:58:53,CAM_JUNCTION_01,461,Motorcycle,0.908,6147,Northbound_Lane2,38.3,0
2841,2026-08-06 18:58:53,CAM_JUNCTION_01,461,Car,0.835,12595,Eastbound_Lane1,41.0,0
2842,2026-08-06 18:58:53,CAM_JUNCTION_01,461,Car,0.98,9241,Southbound_Lane1,42.2,0
2843,2026-08-06 18:58:53,CAM_JUNCTION_01,461,Car,0.977,16137,Southbound_Lane1,31.1,0
2844,2026-08-06 18:58:53,CAM_JUNCTION_01,461,Car,0.94,13224,Southbound_Lane1,37.6,0
2845,2026-08-06 18:58:53,CAM_JUNCTION_01,461,Car,0.812,4224,Southbound_Lane1,50.0,0
2846,2026-08-06 18:58:54,CAM_JUNCTION_01,462,Car,0.92,3927,Northbound_Lane2,35.4,0
2847,2026-08-06 18:58:54,CAM_JUNCTION_01,462,Car,0.945,14756,Westbound_Lane1,35.7,0
2848,2026-08-06 18:58:54,CAM_JUNCTION_01,462,Car,0.84,16935,Southbound_Lane1,7.2,0
2849,2026-08-06 18:58:54,CAM_JUNCTION_01,462,Truck,0.857,11300,Northbound_Lane1,42.5,0
2850,2026-08-06 18:58:54,CAM_JUNCTION_01,462,Car,0.963,12106,Westbound_Lane1,25.6,0
2851,2026-08-06 18:58:54,CAM_JUNCTION_01,462,Rickshaw,0.826,15289,Northbound_Lane2,13.3,0
2852,2026-08-06 18:58:54,CAM_JUNCTION_01,463,Car,0.892,1776,Eastbound_Lane1,33.3,0
2853,2026-08-06 18:58:54,CAM_JUNCTION_01,463,Car,0.839,9338,Eastbound_Lane1,16.7,0
2854,2026-08-06 18:58:55,CAM_JUNCTION_01,464,Bus,0.833,6972,Northbound_Lane2,49.4,0
2855,2026-08-06 18:58:55,CAM_JUNCTION_01,464,Car,0.839,16923,Northbound_Lane2,16.1,0
2856,2026-08-06 18:58:55,CAM_JUNCTION_01,464,Car,0.903,7399,Eastbound_Lane1,1.9,0
2857,2026-08-06 18:58:55,CAM_JUNCTION_01,464,Car,0.973,4931,Westbound_Lane1,45.1,0
2858,2026-08-06 18:58:55,CAM_JUNCTION_01,465,Car,0.86,8082,Northbound_Lane1,16.9,0
2859,2026-08-06 18:58:55,CAM_JUNCTION_01,465,Car,0.965,15607,Northbound_Lane2,37.5,0
2860,2026-08-06 18:58:55,CAM_JUNCTION_01,465,Car,0.883,2425,Northbound_Lane1,53.3,0
2861,2026-08-06 18:58:55,CAM_JUNCTION_01,465,Car,0.9,5004,Northbound_Lane1,51.8,0
2862,2026-08-06 18:58:56,CAM_JUNCTION_01,466,Car,0.937,4562,Westbound_Lane1,2.0,0
2863,2026-08-06 18:58:56,CAM_JUNCTION_01,466,Car,0.835,14729,Eastbound_Lane1,49.7,0
2864,2026-08-06 18:58:56,CAM_JUNCTION_01,466,Car,0.937,16689,Southbound_Lane1,48.0,0
2865,2026-08-06 18:58:56,CAM_JUNCTION_01,467,Car,0.954,14175,Eastbound_Lane1,1.3,0
2866,2026-08-06 18:58:56,CAM_JUNCTION_01,467,Car,0.811,17075,Westbound_Lane1,18.4,0
2867,2026-08-06 18:58:56,CAM_JUNCTION_01,467,Car,0.856,17296,Eastbound_Lane1,37.9,0
2868,2026-08-06 18:58:56,CAM_JUNCTION_01,467,Car,0.919,13988,Northbound_Lane2,30.5,0
2869,2026-08-06 18:58:56,CAM_JUNCTION_01,467,Motorcycle,0.876,2700,Northbound_Lane2,47.8,0
2870,2026-08-06 18:58:57,CAM_JUNCTION_01,468,Car,0.963,11671,Eastbound_Lane1,47.0,0
2871,2026-08-06 18:58:57,CAM_JUNCTION_01,468,Bus,0.873,15686,Northbound_Lane2,17.9,0
2872,2026-08-06 18:58:57,CAM_JUNCTION_01,468,Car,0.9,15144,Westbound_Lane1,44.4,0
2873,2026-08-06 18:58:57,CAM_JUNCTION_01,468,Car,0.884,8282,Westbound_Lane1,49.1,0
2874,2026-08-06 18:58:57,CAM_JUNCTION_01,468,Car,0.872,14403,Southbound_Lane1,37.0,0
2875,2026-08-06 18:58:57,CAM_JUNCTION_01,468,Car,0.835,5611,Northbound_Lane1,31.8,0
2876,2026-08-06 18:58:57,CAM_JUNCTION_01,469,Car,0.899,11392,Northbound_Lane1,9.5,0
2877,2026-08-06 18:58:57,CAM_JUNCTION_01,469,Car,0.813,14635,Westbound_Lane1,43.2,0
2878,2026-08-06 18:58:57,CAM_JUNCTION_01,469,Car,0.88,12813,Northbound_Lane2,23.9,0
2879,2026-08-06 18:58:57,CAM_JUNCTION_01,469,Car,0.893,15004,Southbound_Lane1,32.0,0
2880,2026-08-06 18:58:57,CAM_JUNCTION_01,469,Motorcycle,0.862,9406,Eastbound_Lane1,34.8,0
2881,2026-08-06 18:58:58,CAM_JUNCTION_01,470,Car,0.857,8073,Southbound_Lane1,21.1,0
2882,2026-08-06 18:58:58,CAM_JUNCTION_01,470,Car,0.84,9934,Northbound_Lane1,22.3,0
2883,2026-08-06 18:58:58,CAM_JUNCTION_01,470,Motorcycle,0.844,7015,Eastbound_Lane1,35.4,0
2884,2026-08-06 18:58:58,CAM_JUNCTION_01,471,Car,0.869,13229,Southbound_Lane1,22.8,0
2885,2026-08-06 18:58:58,CAM_JUNCTION_01,471,Car,0.978,12840,Southbound_Lane1,44.8,0
2886,2026-08-06 18:58:58,CAM_JUNCTION_01,471,Car,0.894,3339,Northbound_Lane1,40.1,0
2887,2026-08-06 18:58:58,CAM_JUNCTION_01,471,Motorcycle,0.926,13021,Eastbound_Lane1,44.2,0
2888,2026-08-06 18:58:58,CAM_JUNCTION_01,471,Car,0.793,10626,Northbound_Lane1,41.1,0
2889,2026-08-06 18:58:59,CAM_JUNCTION_01,472,Car,0.906,15426,Westbound_Lane1,47.6,0
2890,2026-08-06 18:58:59,CAM_JUNCTION_01,472,Motorcycle,0.875,13339,Southbound_Lane1,27.9,0
2891,2026-08-06 18:58:59,CAM_JUNCTION_01,472,Car,0.871,8669,Northbound_Lane1,34.5,0
2892,2026-08-06 18:58:59,CAM_JUNCTION_01,472,Car,0.97,7058,Northbound_Lane1,49.6,0
2893,2026-08-06 18:58:59,CAM_JUNCTION_01,473,Car,0.95,3977,Westbound_Lane1,41.8,0
2894,2026-08-06 18:58:59,CAM_JUNCTION_01,473,Car,0.798,10003,Northbound_Lane1,6.5,0
2895,2026-08-06 18:58:59,CAM_JUNCTION_01,473,Car,0.892,14200,Northbound_Lane1,35.1,0
2896,2026-08-06 18:58:59,CAM_JUNCTION_01,473,Car,0.881,9501,Southbound_Lane1,9.0,0
2897,2026-08-06 18:59:00,CAM_JUNCTION_01,474,Car,0.861,8365,Northbound_Lane1,43.3,0
2898,2026-08-06 18:59:00,CAM_JUNCTION_01,474,Car,0.896,12716,Southbound_Lane1,44.7,0
2899,2026-08-06 18:59:00,CAM_JUNCTION_01,474,Motorcycle,0.979,7004,Northbound_Lane1,48.4,0
2900,2026-08-06 18:59:00,CAM_JUNCTION_01,474,Truck,0.919,10006,Westbound_Lane1,16.9,0
2901,2026-08-06 18:59:00,CAM_JUNCTION_01,474,Car,0.872,7258,Eastbound_Lane1,17.5,0
2902,2026-08-06 18:59:00,CAM_JUNCTION_01,475,Car,0.913,9642,Southbound_Lane1,16.5,0
2903,2026-08-06 18:59:00,CAM_JUNCTION_01,475,Car,0.911,1462,Southbound_Lane1,45.0,0
2904,2026-08-06 18:59:00,CAM_JUNCTION_01,475,Motorcycle,0.897,8223,Westbound_Lane1,16.1,0
2905,2026-08-06 18:59:01,CAM_JUNCTION_01,476,Car,0.825,10674,Northbound_Lane2,45.1,0
2906,2026-08-06 18:59:01,CAM_JUNCTION_01,476,Car,0.969,11690,Northbound_Lane1,16.5,0
2907,2026-08-06 18:59:01,CAM_JUNCTION_01,476,Car,0.91,9855,Northbound_Lane1,34.4,0
2908,2026-08-06 18:59:01,CAM_JUNCTION_01,476,Car,0.894,1549,Southbound_Lane1,54.6,0
2909,2026-08-06 18:59:01,CAM_JUNCTION_01,476,Car,0.796,8698,Southbound_Lane1,10.5,0
2910,2026-08-06 18:59:01,CAM_JUNCTION_01,476,Car,0.855,7949,Northbound_Lane2,1.6,0
2911,2026-08-06 18:59:01,CAM_JUNCTION_01,477,Truck,0.96,14459,Northbound_Lane2,24.1,0
2912,2026-08-06 18:59:01,CAM_JUNCTION_01,477,Car,0.927,8265,Westbound_Lane1,26.7,0
2913,2026-08-06 18:59:01,CAM_JUNCTION_01,477,Car,0.876,16609,Northbound_Lane1,10.0,0
2914,2026-08-06 18:59:01,CAM_JUNCTION_01,477,Car,0.936,10372,Westbound_Lane1,28.5,0
2915,2026-08-06 18:59:02,CAM_JUNCTION_01,478,Car,0.887,17164,Eastbound_Lane1,48.7,0
2916,2026-08-06 18:59:02,CAM_JUNCTION_01,478,Truck,0.919,14645,Eastbound_Lane1,19.8,0
2917,2026-08-06 18:59:02,CAM_JUNCTION_01,478,Car,0.892,16765,Southbound_Lane1,12.6,0
2918,2026-08-06 18:59:02,CAM_JUNCTION_01,478,Car,0.854,16837,Eastbound_Lane1,35.1,0
2919,2026-08-06 18:59:02,CAM_JUNCTION_01,478,Car,0.851,5462,Southbound_Lane1,53.6,0
2920,2026-08-06 18:59:02,CAM_JUNCTION_01,478,Car,0.892,8442,Northbound_Lane2,39.3,0
2921,2026-08-06 18:59:02,CAM_JUNCTION_01,479,Truck,0.883,6075,Westbound_Lane1,10.1,0
2922,2026-08-06 18:59:02,CAM_JUNCTION_01,479,Car,0.912,13745,Northbound_Lane1,42.6,0
2923,2026-08-06 18:59:02,CAM_JUNCTION_01,479,Truck,0.917,1751,Southbound_Lane1,3.7,0
2924,2026-08-06 18:59:02,CAM_JUNCTION_01,479,Car,0.88,8564,Northbound_Lane2,32.6,0
2925,2026-08-06 18:59:02,CAM_JUNCTION_01,479,Motorcycle,0.841,9604,Northbound_Lane2,0.4,0
2926,2026-08-06 18:59:03,CAM_JUNCTION_01,480,Car,0.855,8587,Westbound_Lane1,24.3,0
2927,2026-08-06 18:59:03,CAM_JUNCTION_01,480,Car,0.802,16363,Southbound_Lane1,13.8,0
2928,2026-08-06 18:59:03,CAM_JUNCTION_01,480,Car,0.837,17659,Westbound_Lane1,26.0,0
2929,2026-08-06 18:59:03,CAM_JUNCTION_01,480,Car,0.907,2804,Northbound_Lane1,21.4,0
2930,2026-08-06 18:59:03,CAM_JUNCTION_01,480,Car,0.847,2001,Southbound_Lane1,52.4,0
2931,2026-08-06 18:59:03,CAM_JUNCTION_01,480,Car,0.814,12628,Westbound_Lane1,28.4,0
2932,2026-08-06 18:59:03,CAM_JUNCTION_01,481,Motorcycle,0.796,8025,Eastbound_Lane1,31.2,0
2933,2026-08-06 18:59:03,CAM_JUNCTION_01,481,Car,0.835,15677,Southbound_Lane1,9.8,0
2934,2026-08-06 18:59:03,CAM_JUNCTION_01,481,Car,0.931,5827,Southbound_Lane1,21.0,0
2935,2026-08-06 18:59:04,CAM_JUNCTION_01,482,Car,0.887,13881,Westbound_Lane1,27.1,0
2936,2026-08-06 18:59:04,CAM_JUNCTION_01,482,Car,0.858,1986,Northbound_Lane1,19.5,0
2937,2026-08-06 18:59:04,CAM_JUNCTION_01,483,Car,0.935,4567,Southbound_Lane1,2.9,0
2938,2026-08-06 18:59:04,CAM_JUNCTION_01,483,Truck,0.842,4909,Eastbound_Lane1,32.6,0
2939,2026-08-06 18:59:04,CAM_JUNCTION_01,483,Car,0.872,2250,Westbound_Lane1,48.6,0
2940,2026-08-06 18:59:04,CAM_JUNCTION_01,483,Car,0.793,11909,Southbound_Lane1,54.3,0
2941,2026-08-06 18:59:04,CAM_JUNCTION_01,483,Car,0.953,15217,Southbound_Lane1,44.0,0
2942,2026-08-06 18:59:05,CAM_JUNCTION_01,484,Motorcycle,0.826,8867,Westbound_Lane1,3.7,0
2943,2026-08-06 18:59:05,CAM_JUNCTION_01,484,Car,0.932,5200,Eastbound_Lane1,5.4,0
2944,2026-08-06 18:59:05,CAM_JUNCTION_01,484,Motorcycle,0.819,14386,Eastbound_Lane1,10.1,0
2945,2026-08-06 18:59:05,CAM_JUNCTION_01,484,Car,0.865,1999,Eastbound_Lane1,43.0,0
2946,2026-08-06 18:59:05,CAM_JUNCTION_01,484,Car,0.851,15999,Northbound_Lane1,21.8,0
2947,2026-08-06 18:59:05,CAM_JUNCTION_01,485,Car,0.806,2497,Westbound_Lane1,20.8,0
2948,2026-08-06 18:59:05,CAM_JUNCTION_01,485,Car,0.841,16944,Eastbound_Lane1,33.3,0
2949,2026-08-06 18:59:05,CAM_JUNCTION_01,485,Motorcycle,0.978,9507,Southbound_Lane1,35.2,0
2950,2026-08-06 18:59:05,CAM_JUNCTION_01,485,Bus,0.885,17837,Eastbound_Lane1,11.4,0
2951,2026-08-06 18:59:05,CAM_JUNCTION_01,485,Car,0.833,17355,Northbound_Lane1,17.0,0
2952,2026-08-06 18:59:05,CAM_JUNCTION_01,485,Car,0.82,5359,Northbound_Lane2,20.0,0
2953,2026-08-06 18:59:06,CAM_JUNCTION_01,486,Car,0.94,9181,Northbound_Lane1,20.2,0
2954,2026-08-06 18:59:06,CAM_JUNCTION_01,486,Car,0.955,12005,Northbound_Lane2,37.6,0
2955,2026-08-06 18:59:06,CAM_JUNCTION_01,486,Car,0.912,12531,Southbound_Lane1,2.8,0
2956,2026-08-06 18:59:06,CAM_JUNCTION_01,486,Motorcycle,0.956,14135,Eastbound_Lane1,1.7,0
2957,2026-08-06 18:59:06,CAM_JUNCTION_01,486,Car,0.963,10547,Northbound_Lane2,7.0,0
2958,2026-08-06 18:59:06,CAM_JUNCTION_01,487,Truck,0.809,8489,Northbound_Lane1,6.6,0
2959,2026-08-06 18:59:06,CAM_JUNCTION_01,487,Bus,0.902,9975,Northbound_Lane1,48.8,0
2960,2026-08-06 18:59:06,CAM_JUNCTION_01,487,Car,0.79,6886,Eastbound_Lane1,46.2,0
2961,2026-08-06 18:59:06,CAM_JUNCTION_01,487,Car,0.82,6902,Westbound_Lane1,4.9,0
2962,2026-08-06 18:59:07,CAM_JUNCTION_01,488,Bus,0.823,16234,Eastbound_Lane1,18.9,0
2963,2026-08-06 18:59:07,CAM_JUNCTION_01,488,Car,0.783,1619,Westbound_Lane1,41.9,0
2964,2026-08-06 18:59:07,CAM_JUNCTION_01,488,Car,0.817,6862,Westbound_Lane1,23.1,0
2965,2026-08-06 18:59:07,CAM_JUNCTION_01,488,Truck,0.9,9127,Northbound_Lane2,41.5,0
2966,2026-08-06 18:59:07,CAM_JUNCTION_01,488,Bus,0.856,11504,Northbound_Lane2,27.7,0
2967,2026-08-06 18:59:07,CAM_JUNCTION_01,489,Truck,0.851,1271,Southbound_Lane1,29.0,0
2968,2026-08-06 18:59:07,CAM_JUNCTION_01,489,Car,0.978,3389,Southbound_Lane1,9.8,0
2969,2026-08-06 18:59:07,CAM_JUNCTION_01,489,Car,0.955,1697,Northbound_Lane2,29.9,0
2970,2026-08-06 18:59:07,CAM_JUNCTION_01,489,Truck,0.936,13373,Eastbound_Lane1,51.1,0
2971,2026-08-06 18:59:08,CAM_JUNCTION_01,490,Car,0.969,16772,Northbound_Lane1,48.5,0
2972,2026-08-06 18:59:08,CAM_JUNCTION_01,490,Car,0.931,17770,Northbound_Lane1,35.5,0
2973,2026-08-06 18:59:08,CAM_JUNCTION_01,491,Motorcycle,0.822,1359,Southbound_Lane1,8.5,0
2974,2026-08-06 18:59:08,CAM_JUNCTION_01,491,Car,0.888,14125,Northbound_Lane2,42.6,0
2975,2026-08-06 18:59:08,CAM_JUNCTION_01,491,Car,0.853,13673,Eastbound_Lane1,44.5,0
2976,2026-08-06 18:59:08,CAM_JUNCTION_01,491,Car,0.926,4969,Northbound_Lane2,32.5,0
2977,2026-08-06 18:59:09,CAM_JUNCTION_01,492,Car,0.878,4142,Eastbound_Lane1,40.0,0
2978,2026-08-06 18:59:09,CAM_JUNCTION_01,492,Car,0.838,4878,Northbound_Lane1,38.1,0
2979,2026-08-06 18:59:09,CAM_JUNCTION_01,492,Car,0.968,17244,Westbound_Lane1,8.4,0
2980,2026-08-06 18:59:09,CAM_JUNCTION_01,493,Car,0.918,16885,Eastbound_Lane1,45.0,0
2981,2026-08-06 18:59:09,CAM_JUNCTION_01,493,Car,0.907,1845,Southbound_Lane1,10.0,0
2982,2026-08-06 18:59:10,CAM_JUNCTION_01,494,Car,0.934,2492,Northbound_Lane1,18.1,0
2983,2026-08-06 18:59:10,CAM_JUNCTION_01,494,Car,0.863,7109,Westbound_Lane1,14.7,0
2984,2026-08-06 18:59:10,CAM_JUNCTION_01,494,Car,0.804,1884,Northbound_Lane2,8.1,0
2985,2026-08-06 18:59:10,CAM_JUNCTION_01,494,Truck,0.966,15875,Southbound_Lane1,50.5,0
2986,2026-08-06 18:59:10,CAM_JUNCTION_01,494,Car,0.912,8790,Eastbound_Lane1,51.6,0
2987,2026-08-06 18:59:10,CAM_JUNCTION_01,494,Car,0.919,8658,Eastbound_Lane1,8.2,0
2988,2026-08-06 18:59:10,CAM_JUNCTION_01,495,Car,0.978,3235,Northbound_Lane1,3.3,0
2989,2026-08-06 18:59:10,CAM_JUNCTION_01,495,Car,0.825,10316,Eastbound_Lane1,50.9,0
2990,2026-08-06 18:59:10,CAM_JUNCTION_01,495,Car,0.788,1957,Southbound_Lane1,18.5,0
2991,2026-08-06 18:59:10,CAM_JUNCTION_01,495,Car,0.849,16258,Northbound_Lane1,11.7,0
2992,2026-08-06 18:59:10,CAM_JUNCTION_01,495,Car,0.925,4598,Northbound_Lane2,19.8,0
2993,2026-08-06 18:59:11,CAM_JUNCTION_01,496,Car,0.809,11412,Northbound_Lane1,28.6,0
2994,2026-08-06 18:59:11,CAM_JUNCTION_01,496,Car,0.899,3615,Northbound_Lane2,22.5,0
2995,2026-08-06 18:59:11,CAM_JUNCTION_01,497,Car,0.926,16449,Eastbound_Lane1,13.0,0
2996,2026-08-06 18:59:11,CAM_JUNCTION_01,497,Car,0.786,14589,Northbound_Lane2,41.3,0
2997,2026-08-06 18:59:12,CAM_JUNCTION_01,498,Car,0.84,9749,Northbound_Lane1,11.0,0
2998,2026-08-06 18:59:12,CAM_JUNCTION_01,498,Ambulance,0.841,1336,Westbound_Lane1,49.0,1
2999,2026-08-06 18:59:12,CAM_JUNCTION_01,498,Car,0.784,14219,Westbound_Lane1,33.3,0
3000,2026-08-06 18:59:12,CAM_JUNCTION_01,499,Motorcycle,0.804,11218,Southbound_Lane1,40.0,0
3001,2026-08-06 18:59:12,CAM_JUNCTION_01,499,Motorcycle,0.812,11517,Eastbound_Lane1,34.7,0
3002,2026-08-06 18:59:13,CAM_JUNCTION_01,500,Motorcycle,0.974,3091,Eastbound_Lane1,10.0,0
3003,2026-08-06 18:59:13,CAM_JUNCTION_01,500,Motorcycle,0.952,3940,Northbound_Lane1,42.7,0
3004,2026-08-06 18:59:13,CAM_JUNCTION_01,501,Car,0.96,2469,Southbound_Lane1,51.6,0
3005,2026-08-06 18:59:13,CAM_JUNCTION_01,501,Car,0.796,8894,Northbound_Lane1,50.9,0
3006,2026-08-06 18:59:13,CAM_JUNCTION_01,501,Car,0.959,13158,Eastbound_Lane1,34.1,0
3007,2026-08-06 18:59:13,CAM_JUNCTION_01,501,Car,0.944,15749,Eastbound_Lane1,22.4,0
3008,2026-08-06 18:59:14,CAM_JUNCTION_01,502,Car,0.852,11474,Eastbound_Lane1,31.7,0
3009,2026-08-06 18:59:14,CAM_JUNCTION_01,502,Car,0.831,4629,Eastbound_Lane1,31.0,0
3010,2026-08-06 18:59:14,CAM_JUNCTION_01,502,Car,0.918,8276,Northbound_Lane2,5.7,0
3011,2026-08-06 18:59:14,CAM_JUNCTION_01,502,Car,0.848,12117,Eastbound_Lane1,17.9,0
3012,2026-08-06 18:59:14,CAM_JUNCTION_01,502,Bus,0.893,9204,Northbound_Lane2,34.7,0
3013,2026-08-06 18:59:14,CAM_JUNCTION_01,502,Car,0.782,15341,Eastbound_Lane1,39.1,0
3014,2026-08-06 18:59:14,CAM_JUNCTION_01,503,Motorcycle,0.927,2608,Westbound_Lane1,35.9,0
3015,2026-08-06 18:59:14,CAM_JUNCTION_01,503,Car,0.876,7612,Northbound_Lane1,33.3,0
3016,2026-08-06 18:59:15,CAM_JUNCTION_01,504,Car,0.976,15182,Southbound_Lane1,23.2,0
3017,2026-08-06 18:59:15,CAM_JUNCTION_01,504,Car,0.915,16384,Westbound_Lane1,20.4,0
3018,2026-08-06 18:59:15,CAM_JUNCTION_01,504,Car,0.843,12593,Westbound_Lane1,52.2,0
3019,2026-08-06 18:59:15,CAM_JUNCTION_01,504,Car,0.826,11348,Northbound_Lane1,52.6,0
3020,2026-08-06 18:59:15,CAM_JUNCTION_01,504,Car,0.847,1665,Northbound_Lane2,41.3,0
3021,2026-08-06 18:59:15,CAM_JUNCTION_01,504,Rickshaw,0.914,13300,Northbound_Lane1,19.6,0
3022,2026-08-06 18:59:15,CAM_JUNCTION_01,505,Car,0.977,6020,Southbound_Lane1,11.6,0
3023,2026-08-06 18:59:15,CAM_JUNCTION_01,505,Car,0.882,9811,Westbound_Lane1,15.9,0
3024,2026-08-06 18:59:15,CAM_JUNCTION_01,505,Car,0.975,16233,Northbound_Lane2,33.7,0
3025,2026-08-06 18:59:15,CAM_JUNCTION_01,505,Car,0.943,13536,Southbound_Lane1,53.1,0
3026,2026-08-06 18:59:15,CAM_JUNCTION_01,505,Car,0.807,15048,Westbound_Lane1,15.1,0
3027,2026-08-06 18:59:15,CAM_JUNCTION_01,505,Bus,0.857,17047,Southbound_Lane1,34.7,0
3028,2026-08-06 18:59:16,CAM_JUNCTION_01,506,Car,0.816,12158,Eastbound_Lane1,21.3,0
3029,2026-08-06 18:59:16,CAM_JUNCTION_01,506,Car,0.782,4522,Northbound_Lane1,47.9,0
3030,2026-08-06 18:59:16,CAM_JUNCTION_01,507,Car,0.915,11075,Northbound_Lane1,3.7,0
3031,2026-08-06 18:59:16,CAM_JUNCTION_01,507,Car,0.817,8313,Westbound_Lane1,26.5,0
3032,2026-08-06 18:59:16,CAM_JUNCTION_01,507,Car,0.829,15665,Westbound_Lane1,15.5,0
3033,2026-08-06 18:59:16,CAM_JUNCTION_01,507,Motorcycle,0.95,12906,Westbound_Lane1,0.1,0
3034,2026-08-06 18:59:17,CAM_JUNCTION_01,508,Car,0.921,17432,Westbound_Lane1,16.4,0
3035,2026-08-06 18:59:17,CAM_JUNCTION_01,508,Car,0.952,15098,Northbound_Lane2,25.7,0
3036,2026-08-06 18:59:17,CAM_JUNCTION_01,508,Car,0.929,11213,Westbound_Lane1,23.9,0
3037,2026-08-06 18:59:17,CAM_JUNCTION_01,508,Car,0.79,8827,Southbound_Lane1,30.4,0
3038,2026-08-06 18:59:17,CAM_JUNCTION_01,508,Car,0.873,3843,Northbound_Lane2,29.0,0
3039,2026-08-06 18:59:17,CAM_JUNCTION_01,508,Car,0.8,4062,Southbound_Lane1,50.6,0
3040,2026-08-06 18:59:17,CAM_JUNCTION_01,509,Car,0.826,10059,Eastbound_Lane1,30.4,0
3041,2026-08-06 18:59:17,CAM_JUNCTION_01,509,Car,0.824,15033,Southbound_Lane1,25.7,0
3042,2026-08-06 18:59:18,CAM_JUNCTION_01,510,Rickshaw,0.885,4200,Northbound_Lane2,16.0,0
3043,2026-08-06 18:59:18,CAM_JUNCTION_01,510,Bus,0.958,10280,Westbound_Lane1,33.0,0
3044,2026-08-06 18:59:18,CAM_JUNCTION_01,511,Car,0.894,10353,Southbound_Lane1,13.1,0
3045,2026-08-06 18:59:18,CAM_JUNCTION_01,511,Car,0.94,16769,Southbound_Lane1,52.9,0
3046,2026-08-06 18:59:18,CAM_JUNCTION_01,511,Car,0.828,8005,Southbound_Lane1,23.6,0
3047,2026-08-06 18:59:19,CAM_JUNCTION_01,512,Car,0.801,7889,Southbound_Lane1,11.3,0
3048,2026-08-06 18:59:19,CAM_JUNCTION_01,512,Truck,0.911,16604,Westbound_Lane1,6.2,0
3049,2026-08-06 18:59:19,CAM_JUNCTION_01,512,Car,0.91,1931,Northbound_Lane2,51.7,0
3050,2026-08-06 18:59:19,CAM_JUNCTION_01,513,Car,0.924,4926,Eastbound_Lane1,7.4,0
3051,2026-08-06 18:59:19,CAM_JUNCTION_01,513,Car,0.956,3925,Eastbound_Lane1,44.4,0
3052,2026-08-06 18:59:20,CAM_JUNCTION_01,514,Car,0.783,16207,Westbound_Lane1,34.2,0
3053,2026-08-06 18:59:20,CAM_JUNCTION_01,514,Truck,0.954,11005,Northbound_Lane1,38.6,0
3054,2026-08-06 18:59:20,CAM_JUNCTION_01,514,Car,0.931,7898,Westbound_Lane1,30.8,0
3055,2026-08-06 18:59:20,CAM_JUNCTION_01,514,Car,0.852,4019,Eastbound_Lane1,16.1,0
3056,2026-08-06 18:59:20,CAM_JUNCTION_01,514,Car,0.95,16045,Southbound_Lane1,32.2,0
3057,2026-08-06 18:59:20,CAM_JUNCTION_01,515,Car,0.785,3171,Southbound_Lane1,3.1,0
3058,2026-08-06 18:59:20,CAM_JUNCTION_01,515,Truck,0.838,8088,Northbound_Lane2,27.1,0
3059,2026-08-06 18:59:20,CAM_JUNCTION_01,515,Car,0.903,2912,Northbound_Lane2,41.7,0
3060,2026-08-06 18:59:20,CAM_JUNCTION_01,515,Car,0.799,13123,Northbound_Lane2,41.8,0
3061,2026-08-06 18:59:21,CAM_JUNCTION_01,516,Truck,0.785,4101,Northbound_Lane2,48.1,0
3062,2026-08-06 18:59:21,CAM_JUNCTION_01,516,Car,0.945,2915,Westbound_Lane1,47.4,0
3063,2026-08-06 18:59:21,CAM_JUNCTION_01,516,Car,0.879,9205,Eastbound_Lane1,43.5,0
3064,2026-08-06 18:59:21,CAM_JUNCTION_01,517,Car,0.912,3203,Westbound_Lane1,5.5,0
3065,2026-08-06 18:59:21,CAM_JUNCTION_01,517,Car,0.869,10929,Northbound_Lane2,1.7,0
3066,2026-08-06 18:59:22,CAM_JUNCTION_01,518,Car,0.844,2337,Southbound_Lane1,30.7,0
3067,2026-08-06 18:59:22,CAM_JUNCTION_01,518,Car,0.902,7720,Northbound_Lane2,9.6,0
3068,2026-08-06 18:59:22,CAM_JUNCTION_01,518,Ambulance,0.887,16287,Northbound_Lane1,57.7,1
3069,2026-08-06 18:59:22,CAM_JUNCTION_01,518,Car,0.889,7433,Westbound_Lane1,29.5,0
3070,2026-08-06 18:59:22,CAM_JUNCTION_01,519,Car,0.933,7809,Northbound_Lane2,12.5,0
3071,2026-08-06 18:59:22,CAM_JUNCTION_01,519,Car,0.969,9845,Westbound_Lane1,5.2,0
3072,2026-08-06 18:59:22,CAM_JUNCTION_01,519,Car,0.846,10930,Northbound_Lane1,41.3,0
3073,2026-08-06 18:59:23,CAM_JUNCTION_01,520,Car,0.87,3448,Southbound_Lane1,31.8,0
3074,2026-08-06 18:59:23,CAM_JUNCTION_01,520,Car,0.877,3443,Southbound_Lane1,11.4,0
3075,2026-08-06 18:59:23,CAM_JUNCTION_01,520,Car,0.831,5000,Westbound_Lane1,31.4,0
3076,2026-08-06 18:59:23,CAM_JUNCTION_01,520,Car,0.844,1996,Northbound_Lane2,26.2,0
3077,2026-08-06 18:59:23,CAM_JUNCTION_01,520,Car,0.975,14115,Southbound_Lane1,47.5,0
3078,2026-08-06 18:59:23,CAM_JUNCTION_01,521,Motorcycle,0.977,10711,Eastbound_Lane1,9.4,0
3079,2026-08-06 18:59:23,CAM_JUNCTION_01,521,Car,0.812,2746,Northbound_Lane2,44.3,0
3080,2026-08-06 18:59:23,CAM_JUNCTION_01,521,Car,0.943,12624,Westbound_Lane1,10.1,0
3081,2026-08-06 18:59:23,CAM_JUNCTION_01,521,Car,0.88,6909,Southbound_Lane1,5.6,0
3082,2026-08-06 18:59:23,CAM_JUNCTION_01,521,Car,0.89,15339,Westbound_Lane1,13.9,0
3083,2026-08-06 18:59:23,CAM_JUNCTION_01,521,Car,0.874,8059,Southbound_Lane1,4.6,0
3084,2026-08-06 18:59:24,CAM_JUNCTION_01,522,Car,0.841,17466,Northbound_Lane1,31.2,0
3085,2026-08-06 18:59:24,CAM_JUNCTION_01,522,Car,0.906,7851,Southbound_Lane1,52.5,0
3086,2026-08-06 18:59:24,CAM_JUNCTION_01,522,Car,0.797,5270,Eastbound_Lane1,51.3,0
3087,2026-08-06 18:59:24,CAM_JUNCTION_01,522,Car,0.867,17471,Southbound_Lane1,3.4,0
3088,2026-08-06 18:59:24,CAM_JUNCTION_01,522,Motorcycle,0.825,2740,Northbound_Lane1,31.9,0
3089,2026-08-06 18:59:24,CAM_JUNCTION_01,523,Car,0.959,3503,Northbound_Lane1,1.4,0
3090,2026-08-06 18:59:24,CAM_JUNCTION_01,523,Car,0.785,8949,Northbound_Lane2,7.2,0
3091,2026-08-06 18:59:24,CAM_JUNCTION_01,523,Car,0.851,5088,Southbound_Lane1,12.0,0
3092,2026-08-06 18:59:25,CAM_JUNCTION_01,524,Car,0.977,5738,Northbound_Lane2,18.1,0
3093,2026-08-06 18:59:25,CAM_JUNCTION_01,524,Car,0.924,17853,Northbound_Lane2,36.0,0
3094,2026-08-06 18:59:25,CAM_JUNCTION_01,524,Car,0.921,2570,Southbound_Lane1,54.4,0
3095,2026-08-06 18:59:25,CAM_JUNCTION_01,524,Motorcycle,0.916,13105,Eastbound_Lane1,16.9,0
3096,2026-08-06 18:59:25,CAM_JUNCTION_01,524,Car,0.837,16582,Northbound_Lane2,38.4,0
3097,2026-08-06 18:59:25,CAM_JUNCTION_01,524,Car,0.905,1394,Westbound_Lane1,26.3,0
3098,2026-08-06 18:59:25,CAM_JUNCTION_01,525,Car,0.841,3812,Southbound_Lane1,54.7,0
3099,2026-08-06 18:59:25,CAM_JUNCTION_01,525,Car,0.932,14402,Northbound_Lane2,50.6,0
3100,2026-08-06 18:59:25,CAM_JUNCTION_01,525,Car,0.793,14657,Southbound_Lane1,42.6,0
3101,2026-08-06 18:59:25,CAM_JUNCTION_01,525,Motorcycle,0.867,9163,Northbound_Lane2,16.2,0
3102,2026-08-06 18:59:25,CAM_JUNCTION_01,525,Car,0.838,11581,Westbound_Lane1,3.4,0
3103,2026-08-06 18:59:26,CAM_JUNCTION_01,526,Car,0.941,4783,Northbound_Lane2,22.5,0
3104,2026-08-06 18:59:26,CAM_JUNCTION_01,526,Car,0.831,12261,Southbound_Lane1,33.8,0
3105,2026-08-06 18:59:26,CAM_JUNCTION_01,527,Car,0.953,5177,Westbound_Lane1,54.9,0
3106,2026-08-06 18:59:26,CAM_JUNCTION_01,527,Car,0.903,14115,Westbound_Lane1,31.2,0
3107,2026-08-06 18:59:26,CAM_JUNCTION_01,527,Car,0.911,13400,Southbound_Lane1,25.7,0
3108,2026-08-06 18:59:27,CAM_JUNCTION_01,528,Car,0.795,7341,Southbound_Lane1,52.4,0
3109,2026-08-06 18:59:27,CAM_JUNCTION_01,528,Car,0.838,16186,Northbound_Lane1,28.3,0
3110,2026-08-06 18:59:27,CAM_JUNCTION_01,529,Motorcycle,0.949,14929,Southbound_Lane1,53.8,0
3111,2026-08-06 18:59:27,CAM_JUNCTION_01,529,Car,0.855,2282,Northbound_Lane1,45.2,0
3112,2026-08-06 18:59:27,CAM_JUNCTION_01,529,Car,0.926,1245,Northbound_Lane2,3.4,0
3113,2026-08-06 18:59:27,CAM_JUNCTION_01,529,Car,0.836,16933,Northbound_Lane1,51.1,0
3114,2026-08-06 18:59:27,CAM_JUNCTION_01,529,Car,0.975,5555,Northbound_Lane1,30.8,0
3115,2026-08-06 18:59:28,CAM_JUNCTION_01,530,Car,0.91,11800,Westbound_Lane1,7.6,0
3116,2026-08-06 18:59:28,CAM_JUNCTION_01,530,Car,0.919,11575,Westbound_Lane1,52.1,0
3117,2026-08-06 18:59:28,CAM_JUNCTION_01,530,Car,0.9,10991,Westbound_Lane1,41.9,0
3118,2026-08-06 18:59:28,CAM_JUNCTION_01,530,Car,0.819,4536,Eastbound_Lane1,27.4,0
3119,2026-08-06 18:59:28,CAM_JUNCTION_01,530,Car,0.867,7098,Eastbound_Lane1,13.1,0
3120,2026-08-06 18:59:28,CAM_JUNCTION_01,531,Car,0.847,12217,Eastbound_Lane1,33.9,0
3121,2026-08-06 18:59:28,CAM_JUNCTION_01,531,Car,0.94,16068,Northbound_Lane2,19.8,0
3122,2026-08-06 18:59:28,CAM_JUNCTION_01,531,Car,0.819,1579,Eastbound_Lane1,33.7,0
3123,2026-08-06 18:59:28,CAM_JUNCTION_01,531,Car,0.959,14607,Westbound_Lane1,26.9,0
3124,2026-08-06 18:59:28,CAM_JUNCTION_01,531,Motorcycle,0.95,6204,Northbound_Lane2,18.9,0
3125,2026-08-06 18:59:28,CAM_JUNCTION_01,531,Car,0.946,2289,Northbound_Lane1,20.9,0
3126,2026-08-06 18:59:29,CAM_JUNCTION_01,532,Car,0.897,12134,Northbound_Lane2,24.9,0
3127,2026-08-06 18:59:29,CAM_JUNCTION_01,532,Car,0.864,14563,Northbound_Lane2,16.6,0
3128,2026-08-06 18:59:29,CAM_JUNCTION_01,532,Car,0.894,3494,Northbound_Lane1,14.6,0
3129,2026-08-06 18:59:29,CAM_JUNCTION_01,533,Car,0.833,10148,Southbound_Lane1,43.4,0
3130,2026-08-06 18:59:29,CAM_JUNCTION_01,533,Car,0.884,5915,Northbound_Lane1,2.1,0
3131,2026-08-06 18:59:30,CAM_JUNCTION_01,534,Car,0.793,16289,Westbound_Lane1,10.7,0
3132,2026-08-06 18:59:30,CAM_JUNCTION_01,534,Car,0.836,16857,Northbound_Lane1,27.3,0
3133,2026-08-06 18:59:30,CAM_JUNCTION_01,534,Car,0.86,17174,Southbound_Lane1,6.8,0
3134,2026-08-06 18:59:30,CAM_JUNCTION_01,534,Car,0.867,2364,Southbound_Lane1,24.5,0
3135,2026-08-06 18:59:30,CAM_JUNCTION_01,534,Car,0.874,16707,Southbound_Lane1,4.0,0
3136,2026-08-06 18:59:30,CAM_JUNCTION_01,535,Car,0.811,2941,Northbound_Lane1,21.4,0
3137,2026-08-06 18:59:30,CAM_JUNCTION_01,535,Car,0.972,14496,Eastbound_Lane1,16.6,0
3138,2026-08-06 18:59:31,CAM_JUNCTION_01,536,Car,0.92,3779,Southbound_Lane1,32.4,0
3139,2026-08-06 18:59:31,CAM_JUNCTION_01,536,Car,0.791,15056,Eastbound_Lane1,2.9,0
3140,2026-08-06 18:59:31,CAM_JUNCTION_01,537,Car,0.798,6023,Northbound_Lane1,43.6,0
3141,2026-08-06 18:59:31,CAM_JUNCTION_01,537,Car,0.828,3472,Northbound_Lane1,24.9,0
3142,2026-08-06 18:59:31,CAM_JUNCTION_01,537,Car,0.959,1245,Southbound_Lane1,14.7,0
3143,2026-08-06 18:59:31,CAM_JUNCTION_01,537,Car,0.914,17416,Westbound_Lane1,10.7,0
3144,2026-08-06 18:59:32,CAM_JUNCTION_01,538,Car,0.938,8838,Northbound_Lane2,6.9,0
3145,2026-08-06 18:59:32,CAM_JUNCTION_01,538,Car,0.921,10368,Westbound_Lane1,45.6,0
3146,2026-08-06 18:59:32,CAM_JUNCTION_01,538,Ambulance,0.969,15271,Eastbound_Lane1,36.8,1
3147,2026-08-06 18:59:32,CAM_JUNCTION_01,538,Car,0.795,15696,Southbound_Lane1,50.2,0
3148,2026-08-06 18:59:32,CAM_JUNCTION_01,539,Car,0.96,10209,Southbound_Lane1,35.1,0
3149,2026-08-06 18:59:32,CAM_JUNCTION_01,539,Car,0.901,9416,Southbound_Lane1,37.7,0
3150,2026-08-06 18:59:33,CAM_JUNCTION_01,540,Car,0.899,6756,Northbound_Lane1,27.6,0
3151,2026-08-06 18:59:33,CAM_JUNCTION_01,540,Car,0.875,8770,Southbound_Lane1,19.1,0
3152,2026-08-06 18:59:33,CAM_JUNCTION_01,541,Car,0.971,17604,Southbound_Lane1,51.1,0
3153,2026-08-06 18:59:33,CAM_JUNCTION_01,541,Car,0.849,11040,Northbound_Lane1,12.2,0
3154,2026-08-06 18:59:33,CAM_JUNCTION_01,541,Car,0.98,6623,Westbound_Lane1,18.6,0
3155,2026-08-06 18:59:34,CAM_JUNCTION_01,542,Car,0.858,13724,Eastbound_Lane1,22.7,0
3156,2026-08-06 18:59:34,CAM_JUNCTION_01,542,Car,0.956,15038,Southbound_Lane1,20.3,0
3157,2026-08-06 18:59:34,CAM_JUNCTION_01,542,Car,0.897,17664,Southbound_Lane1,14.3,0
3158,2026-08-06 18:59:34,CAM_JUNCTION_01,542,Bus,0.929,8997,Northbound_Lane2,49.5,0
3159,2026-08-06 18:59:34,CAM_JUNCTION_01,542,Car,0.804,13557,Westbound_Lane1,18.5,0
3160,2026-08-06 18:59:34,CAM_JUNCTION_01,542,Car,0.935,4847,Eastbound_Lane1,45.3,0
3161,2026-08-06 18:59:34,CAM_JUNCTION_01,543,Truck,0.877,17998,Southbound_Lane1,50.0,0
3162,2026-08-06 18:59:34,CAM_JUNCTION_01,543,Car,0.904,7642,Northbound_Lane1,39.9,0
3163,2026-08-06 18:59:34,CAM_JUNCTION_01,543,Car,0.818,12312,Southbound_Lane1,35.2,0
3164,2026-08-06 18:59:34,CAM_JUNCTION_01,543,Truck,0.853,6028,Eastbound_Lane1,47.0,0
3165,2026-08-06 18:59:34,CAM_JUNCTION_01,543,Car,0.785,7866,Southbound_Lane1,52.0,0
3166,2026-08-06 18:59:35,CAM_JUNCTION_01,544,Car,0.933,6680,Southbound_Lane1,26.6,0
3167,2026-08-06 18:59:35,CAM_JUNCTION_01,544,Car,0.961,17625,Northbound_Lane1,43.8,0
3168,2026-08-06 18:59:35,CAM_JUNCTION_01,544,Car,0.834,6032,Eastbound_Lane1,2.6,0
3169,2026-08-06 18:59:35,CAM_JUNCTION_01,544,Car,0.841,12830,Southbound_Lane1,45.0,0
3170,2026-08-06 18:59:35,CAM_JUNCTION_01,544,Car,0.866,5104,Southbound_Lane1,44.9,0
3171,2026-08-06 18:59:35,CAM_JUNCTION_01,545,Motorcycle,0.8,15557,Northbound_Lane2,9.3,0
3172,2026-08-06 18:59:35,CAM_JUNCTION_01,545,Bus,0.933,16693,Northbound_Lane2,9.0,0
3173,2026-08-06 18:59:35,CAM_JUNCTION_01,545,Car,0.91,13547,Northbound_Lane2,14.5,0
3174,2026-08-06 18:59:35,CAM_JUNCTION_01,545,Car,0.853,5335,Southbound_Lane1,46.6,0
3175,2026-08-06 18:59:35,CAM_JUNCTION_01,545,Motorcycle,0.961,15200,Northbound_Lane1,23.3,0
3176,2026-08-06 18:59:36,CAM_JUNCTION_01,546,Car,0.895,4938,Southbound_Lane1,26.3,0
3177,2026-08-06 18:59:36,CAM_JUNCTION_01,546,Car,0.931,3261,Northbound_Lane1,33.2,0
3178,2026-08-06 18:59:36,CAM_JUNCTION_01,546,Car,0.967,8752,Eastbound_Lane1,5.5,0
3179,2026-08-06 18:59:36,CAM_JUNCTION_01,547,Car,0.888,14206,Northbound_Lane2,54.1,0
3180,2026-08-06 18:59:36,CAM_JUNCTION_01,547,Car,0.969,15046,Northbound_Lane2,25.2,0
3181,2026-08-06 18:59:36,CAM_JUNCTION_01,547,Car,0.821,10908,Westbound_Lane1,50.2,0
3182,2026-08-06 18:59:36,CAM_JUNCTION_01,547,Car,0.838,17114,Southbound_Lane1,34.3,0
3183,2026-08-06 18:59:36,CAM_JUNCTION_01,547,Car,0.901,1883,Eastbound_Lane1,17.7,0
3184,2026-08-06 18:59:36,CAM_JUNCTION_01,547,Car,0.961,17170,Southbound_Lane1,4.1,0
3185,2026-08-06 18:59:37,CAM_JUNCTION_01,548,Car,0.936,4621,Eastbound_Lane1,10.3,0
3186,2026-08-06 18:59:37,CAM_JUNCTION_01,548,Car,0.913,10999,Eastbound_Lane1,52.8,0
3187,2026-08-06 18:59:37,CAM_JUNCTION_01,548,Car,0.97,8683,Westbound_Lane1,11.6,0
3188,2026-08-06 18:59:37,CAM_JUNCTION_01,548,Truck,0.878,9869,Southbound_Lane1,36.4,0
3189,2026-08-06 18:59:37,CAM_JUNCTION_01,548,Car,0.909,15834,Northbound_Lane1,18.5,0
3190,2026-08-06 18:59:37,CAM_JUNCTION_01,548,Car,0.923,17877,Westbound_Lane1,41.2,0
3191,2026-08-06 18:59:37,CAM_JUNCTION_01,549,Car,0.791,3960,Northbound_Lane1,50.1,0
3192,2026-08-06 18:59:37,CAM_JUNCTION_01,549,Car,0.893,15921,Northbound_Lane2,23.3,0
3193,2026-08-06 18:59:37,CAM_JUNCTION_01,549,Car,0.875,2599,Northbound_Lane1,28.4,0
3194,2026-08-06 18:59:37,CAM_JUNCTION_01,549,Car,0.802,17265,Southbound_Lane1,49.9,0
3195,2026-08-06 18:59:37,CAM_JUNCTION_01,549,Car,0.921,14949,Southbound_Lane1,21.9,0
3196,2026-08-06 18:59:37,CAM_JUNCTION_01,549,Car,0.961,2929,Northbound_Lane2,11.7,0
3197,2026-08-06 18:59:38,CAM_JUNCTION_01,550,Car,0.919,3438,Eastbound_Lane1,13.9,0
3198,2026-08-06 18:59:38,CAM_JUNCTION_01,550,Bus,0.978,3075,Eastbound_Lane1,2.4,0
3199,2026-08-06 18:59:38,CAM_JUNCTION_01,551,Car,0.94,9749,Northbound_Lane2,1.8,0
3200,2026-08-06 18:59:38,CAM_JUNCTION_01,551,Car,0.979,9727,Southbound_Lane1,53.0,0
3201,2026-08-06 18:59:38,CAM_JUNCTION_01,551,Car,0.791,5107,Southbound_Lane1,32.5,0
3202,2026-08-06 18:59:38,CAM_JUNCTION_01,551,Car,0.906,16578,Northbound_Lane1,31.2,0
3203,2026-08-06 18:59:38,CAM_JUNCTION_01,551,Car,0.941,11746,Northbound_Lane2,21.5,0
3204,2026-08-06 18:59:39,CAM_JUNCTION_01,552,Car,0.839,6237,Northbound_Lane2,16.4,0
3205,2026-08-06 18:59:39,CAM_JUNCTION_01,552,Motorcycle,0.874,17147,Northbound_Lane1,18.5,0
3206,2026-08-06 18:59:39,CAM_JUNCTION_01,552,Car,0.905,9718,Northbound_Lane2,46.5,0
3207,2026-08-06 18:59:39,CAM_JUNCTION_01,552,Car,0.901,16246,Southbound_Lane1,18.0,0
3208,2026-08-06 18:59:39,CAM_JUNCTION_01,552,Car,0.831,3272,Northbound_Lane2,16.1,0
3209,2026-08-06 18:59:39,CAM_JUNCTION_01,552,Truck,0.808,15394,Eastbound_Lane1,31.7,0
3210,2026-08-06 18:59:39,CAM_JUNCTION_01,553,Ambulance,0.924,14907,Northbound_Lane2,58.0,1
3211,2026-08-06 18:59:39,CAM_JUNCTION_01,553,Car,0.829,13321,Southbound_Lane1,19.1,0
3212,2026-08-06 18:59:39,CAM_JUNCTION_01,553,Car,0.832,7768,Northbound_Lane1,43.2,0
3213,2026-08-06 18:59:40,CAM_JUNCTION_01,554,Car,0.914,13851,Eastbound_Lane1,28.7,0
3214,2026-08-06 18:59:40,CAM_JUNCTION_01,554,Car,0.857,10972,Eastbound_Lane1,17.1,0
3215,2026-08-06 18:59:40,CAM_JUNCTION_01,555,Motorcycle,0.838,7089,Northbound_Lane2,24.4,0
3216,2026-08-06 18:59:40,CAM_JUNCTION_01,555,Car,0.817,6616,Northbound_Lane2,16.5,0
3217,2026-08-06 18:59:40,CAM_JUNCTION_01,555,Motorcycle,0.81,3648,Westbound_Lane1,16.3,0
3218,2026-08-06 18:59:41,CAM_JUNCTION_01,556,Car,0.91,3230,Northbound_Lane1,34.3,0
3219,2026-08-06 18:59:41,CAM_JUNCTION_01,556,Car,0.787,4644,Westbound_Lane1,39.5,0
3220,2026-08-06 18:59:41,CAM_JUNCTION_01,556,Car,0.876,12603,Northbound_Lane1,43.6,0
3221,2026-08-06 18:59:41,CAM_JUNCTION_01,556,Car,0.806,12401,Northbound_Lane1,50.4,0
3222,2026-08-06 18:59:41,CAM_JUNCTION_01,557,Car,0.835,3197,Westbound_Lane1,7.4,0
3223,2026-08-06 18:59:41,CAM_JUNCTION_01,557,Car,0.857,4828,Northbound_Lane1,14.7,0
3224,2026-08-06 18:59:41,CAM_JUNCTION_01,557,Car,0.812,14649,Westbound_Lane1,18.5,0
3225,2026-08-06 18:59:41,CAM_JUNCTION_01,557,Car,0.974,16126,Northbound_Lane1,41.4,0
3226,2026-08-06 18:59:42,CAM_JUNCTION_01,558,Car,0.793,9497,Westbound_Lane1,39.9,0
3227,2026-08-06 18:59:42,CAM_JUNCTION_01,558,Car,0.96,11377,Eastbound_Lane1,49.7,0
3228,2026-08-06 18:59:42,CAM_JUNCTION_01,558,Car,0.955,4986,Northbound_Lane2,47.9,0
3229,2026-08-06 18:59:42,CAM_JUNCTION_01,558,Car,0.966,6692,Southbound_Lane1,48.8,0
3230,2026-08-06 18:59:42,CAM_JUNCTION_01,558,Car,0.945,8625,Eastbound_Lane1,5.2,0
3231,2026-08-06 18:59:42,CAM_JUNCTION_01,559,Car,0.904,10896,Eastbound_Lane1,0.5,0
3232,2026-08-06 18:59:42,CAM_JUNCTION_01,559,Car,0.875,3265,Eastbound_Lane1,6.9,0
3233,2026-08-06 18:59:42,CAM_JUNCTION_01,559,Motorcycle,0.822,11375,Westbound_Lane1,39.7,0
3234,2026-08-06 18:59:42,CAM_JUNCTION_01,559,Car,0.806,1782,Eastbound_Lane1,18.7,0
3235,2026-08-06 18:59:42,CAM_JUNCTION_01,559,Car,0.807,2216,Northbound_Lane1,40.0,0
3236,2026-08-06 18:59:43,CAM_JUNCTION_01,560,Motorcycle,0.834,10275,Northbound_Lane2,7.6,0
3237,2026-08-06 18:59:43,CAM_JUNCTION_01,560,Car,0.897,17582,Eastbound_Lane1,39.4,0
3238,2026-08-06 18:59:43,CAM_JUNCTION_01,561,Car,0.938,2238,Westbound_Lane1,48.0,0
3239,2026-08-06 18:59:43,CAM_JUNCTION_01,561,Car,0.824,13412,Westbound_Lane1,24.1,0
3240,2026-08-06 18:59:43,CAM_JUNCTION_01,561,Car,0.95,14647,Northbound_Lane1,14.0,0
3241,2026-08-06 18:59:43,CAM_JUNCTION_01,561,Car,0.974,5355,Northbound_Lane2,15.6,0
3242,2026-08-06 18:59:43,CAM_JUNCTION_01,561,Car,0.782,17979,Southbound_Lane1,45.4,0
3243,2026-08-06 18:59:43,CAM_JUNCTION_01,561,Bus,0.901,9964,Northbound_Lane2,14.0,0
3244,2026-08-06 18:59:44,CAM_JUNCTION_01,562,Motorcycle,0.793,15692,Westbound_Lane1,33.1,0
3245,2026-08-06 18:59:44,CAM_JUNCTION_01,562,Car,0.898,2409,Northbound_Lane1,44.1,0
3246,2026-08-06 18:59:44,CAM_JUNCTION_01,562,Car,0.947,6364,Northbound_Lane2,44.6,0
3247,2026-08-06 18:59:44,CAM_JUNCTION_01,562,Car,0.905,9697,Northbound_Lane2,23.7,0
3248,2026-08-06 18:59:44,CAM_JUNCTION_01,562,Car,0.797,13011,Eastbound_Lane1,29.2,0
3249,2026-08-06 18:59:44,CAM_JUNCTION_01,562,Car,0.82,12372,Westbound_Lane1,38.1,0
3250,2026-08-06 18:59:44,CAM_JUNCTION_01,563,Rickshaw,0.919,14939,Westbound_Lane1,14.5,0
3251,2026-08-06 18:59:44,CAM_JUNCTION_01,563,Car,0.853,16693,Northbound_Lane2,37.1,0
3252,2026-08-06 18:59:44,CAM_JUNCTION_01,563,Car,0.931,16608,Westbound_Lane1,3.2,0
3253,2026-08-06 18:59:44,CAM_JUNCTION_01,563,Truck,0.943,10800,Northbound_Lane1,33.3,0
3254,2026-08-06 18:59:44,CAM_JUNCTION_01,563,Car,0.834,6227,Westbound_Lane1,2.9,0
3255,2026-08-06 18:59:44,CAM_JUNCTION_01,563,Car,0.912,7967,Northbound_Lane2,29.8,0
3256,2026-08-06 18:59:45,CAM_JUNCTION_01,564,Motorcycle,0.799,7309,Northbound_Lane1,2.0,0
3257,2026-08-06 18:59:45,CAM_JUNCTION_01,564,Car,0.869,12959,Westbound_Lane1,46.9,0
3258,2026-08-06 18:59:45,CAM_JUNCTION_01,564,Car,0.943,2453,Northbound_Lane2,23.5,0
3259,2026-08-06 18:59:45,CAM_JUNCTION_01,565,Car,0.832,14101,Northbound_Lane1,19.6,0
3260,2026-08-06 18:59:45,CAM_JUNCTION_01,565,Car,0.818,7194,Westbound_Lane1,2.9,0
3261,2026-08-06 18:59:46,CAM_JUNCTION_01,566,Motorcycle,0.905,14357,Westbound_Lane1,40.0,0
3262,2026-08-06 18:59:46,CAM_JUNCTION_01,566,Car,0.782,8987,Eastbound_Lane1,11.5,0
3263,2026-08-06 18:59:46,CAM_JUNCTION_01,566,Car,0.923,12922,Northbound_Lane2,23.8,0
3264,2026-08-06 18:59:46,CAM_JUNCTION_01,567,Car,0.82,16610,Northbound_Lane1,8.3,0
3265,2026-08-06 18:59:46,CAM_JUNCTION_01,567,Car,0.786,9304,Eastbound_Lane1,47.2,0
3266,2026-08-06 18:59:46,CAM_JUNCTION_01,567,Bus,0.852,13076,Southbound_Lane1,20.1,0
3267,2026-08-06 18:59:46,CAM_JUNCTION_01,567,Car,0.976,8906,Westbound_Lane1,24.9,0
3268,2026-08-06 18:59:47,CAM_JUNCTION_01,568,Car,0.829,7245,Northbound_Lane1,8.4,0
3269,2026-08-06 18:59:47,CAM_JUNCTION_01,568,Car,0.872,14667,Northbound_Lane2,2.2,0
3270,2026-08-06 18:59:47,CAM_JUNCTION_01,569,Car,0.866,15845,Northbound_Lane1,34.8,0
3271,2026-08-06 18:59:47,CAM_JUNCTION_01,569,Truck,0.825,1411,Northbound_Lane1,20.3,0
3272,2026-08-06 18:59:47,CAM_JUNCTION_01,569,Car,0.958,14811,Eastbound_Lane1,24.6,0
3273,2026-08-06 18:59:47,CAM_JUNCTION_01,569,Car,0.973,16843,Southbound_Lane1,23.6,0
3274,2026-08-06 18:59:47,CAM_JUNCTION_01,569,Car,0.926,1725,Northbound_Lane2,42.6,0
3275,2026-08-06 18:59:47,CAM_JUNCTION_01,569,Car,0.918,4104,Northbound_Lane1,53.7,0
3276,2026-08-06 18:59:48,CAM_JUNCTION_01,570,Car,0.824,11285,Northbound_Lane1,53.3,0
3277,2026-08-06 18:59:48,CAM_JUNCTION_01,570,Car,0.8,12791,Eastbound_Lane1,38.9,0
3278,2026-08-06 18:59:48,CAM_JUNCTION_01,571,Car,0.943,13655,Northbound_Lane2,34.3,0
3279,2026-08-06 18:59:48,CAM_JUNCTION_01,571,Car,0.863,14206,Eastbound_Lane1,9.7,0
3280,2026-08-06 18:59:48,CAM_JUNCTION_01,571,Car,0.781,14036,Westbound_Lane1,54.5,0
3281,2026-08-06 18:59:49,CAM_JUNCTION_01,572,Car,0.917,17413,Northbound_Lane2,17.4,0
3282,2026-08-06 18:59:49,CAM_JUNCTION_01,572,Car,0.943,11251,Northbound_Lane1,29.7,0
3283,2026-08-06 18:59:49,CAM_JUNCTION_01,572,Motorcycle,0.85,15706,Northbound_Lane1,7.2,0
3284,2026-08-06 18:59:49,CAM_JUNCTION_01,573,Car,0.839,13025,Eastbound_Lane1,16.2,0
3285,2026-08-06 18:59:49,CAM_JUNCTION_01,573,Car,0.919,2636,Southbound_Lane1,7.0,0
3286,2026-08-06 18:59:49,CAM_JUNCTION_01,573,Car,0.889,7185,Westbound_Lane1,9.8,0
3287,2026-08-06 18:59:49,CAM_JUNCTION_01,573,Car,0.938,12457,Northbound_Lane1,47.3,0
3288,2026-08-06 18:59:50,CAM_JUNCTION_01,574,Car,0.861,3825,Southbound_Lane1,26.1,0
3289,2026-08-06 18:59:50,CAM_JUNCTION_01,574,Car,0.953,16780,Eastbound_Lane1,16.0,0
3290,2026-08-06 18:59:50,CAM_JUNCTION_01,575,Car,0.862,2476,Northbound_Lane1,5.2,0
3291,2026-08-06 18:59:50,CAM_JUNCTION_01,575,Ambulance,0.849,16724,Eastbound_Lane1,58.8,1
3292,2026-08-06 18:59:51,CAM_JUNCTION_01,576,Car,0.942,11984,Eastbound_Lane1,40.5,0
3293,2026-08-06 18:59:51,CAM_JUNCTION_01,576,Car,0.864,15588,Southbound_Lane1,17.8,0
3294,2026-08-06 18:59:51,CAM_JUNCTION_01,576,Bus,0.821,3230,Westbound_Lane1,17.8,0
3295,2026-08-06 18:59:51,CAM_JUNCTION_01,576,Car,0.811,8984,Eastbound_Lane1,47.7,0
3296,2026-08-06 18:59:51,CAM_JUNCTION_01,576,Truck,0.914,17396,Westbound_Lane1,31.8,0
3297,2026-08-06 18:59:51,CAM_JUNCTION_01,577,Car,0.844,15359,Southbound_Lane1,7.6,0
3298,2026-08-06 18:59:51,CAM_JUNCTION_01,577,Car,0.864,10454,Southbound_Lane1,2.1,0
3299,2026-08-06 18:59:52,CAM_JUNCTION_01,578,Car,0.979,11544,Southbound_Lane1,19.7,0
3300,2026-08-06 18:59:52,CAM_JUNCTION_01,578,Car,0.832,14659,Westbound_Lane1,41.8,0
3301,2026-08-06 18:59:52,CAM_JUNCTION_01,578,Truck,0.847,13406,Eastbound_Lane1,54.7,0
3302,2026-08-06 18:59:52,CAM_JUNCTION_01,579,Car,0.944,8921,Northbound_Lane1,32.8,0
3303,2026-08-06 18:59:52,CAM_JUNCTION_01,579,Motorcycle,0.899,11183,Eastbound_Lane1,1.4,0
3304,2026-08-06 18:59:52,CAM_JUNCTION_01,579,Car,0.906,16627,Eastbound_Lane1,6.4,0
3305,2026-08-06 18:59:52,CAM_JUNCTION_01,579,Motorcycle,0.931,6073,Eastbound_Lane1,31.4,0
3306,2026-08-06 18:59:53,CAM_JUNCTION_01,580,Car,0.82,9862,Eastbound_Lane1,30.3,0
3307,2026-08-06 18:59:53,CAM_JUNCTION_01,580,Car,0.902,12752,Southbound_Lane1,5.5,0
3308,2026-08-06 18:59:53,CAM_JUNCTION_01,580,Car,0.957,17262,Northbound_Lane1,11.3,0
3309,2026-08-06 18:59:53,CAM_JUNCTION_01,581,Car,0.781,9117,Southbound_Lane1,32.7,0
3310,2026-08-06 18:59:53,CAM_JUNCTION_01,581,Car,0.893,10293,Northbound_Lane1,46.2,0
3311,2026-08-06 18:59:53,CAM_JUNCTION_01,581,Car,0.922,16252,Southbound_Lane1,47.4,0
3312,2026-08-06 18:59:54,CAM_JUNCTION_01,582,Car,0.786,16657,Northbound_Lane1,9.7,0
3313,2026-08-06 18:59:54,CAM_JUNCTION_01,582,Car,0.806,17387,Southbound_Lane1,21.9,0
3314,2026-08-06 18:59:54,CAM_JUNCTION_01,582,Motorcycle,0.877,9743,Westbound_Lane1,27.9,0
3315,2026-08-06 18:59:54,CAM_JUNCTION_01,582,Car,0.781,8591,Northbound_Lane1,43.9,0
3316,2026-08-06 18:59:54,CAM_JUNCTION_01,583,Car,0.907,9899,Northbound_Lane2,23.9,0
3317,2026-08-06 18:59:54,CAM_JUNCTION_01,583,Car,0.8,13903,Eastbound_Lane1,42.3,0
3318,2026-08-06 18:59:54,CAM_JUNCTION_01,583,Car,0.798,2633,Westbound_Lane1,10.9,0
3319,2026-08-06 18:59:54,CAM_JUNCTION_01,583,Car,0.792,11774,Westbound_Lane1,46.5,0
3320,2026-08-06 18:59:54,CAM_JUNCTION_01,583,Car,0.885,3555,Eastbound_Lane1,23.4,0
3321,2026-08-06 18:59:55,CAM_JUNCTION_01,584,Car,0.912,1483,Southbound_Lane1,23.9,0
3322,2026-08-06 18:59:55,CAM_JUNCTION_01,584,Car,0.945,8004,Westbound_Lane1,5.4,0
3323,2026-08-06 18:59:55,CAM_JUNCTION_01,584,Car,0.891,3312,Northbound_Lane2,20.6,0
3324,2026-08-06 18:59:55,CAM_JUNCTION_01,584,Car,0.787,12119,Northbound_Lane2,52.7,0
3325,2026-08-06 18:59:55,CAM_JUNCTION_01,585,Car,0.932,14587,Northbound_Lane1,5.3,0
3326,2026-08-06 18:59:55,CAM_JUNCTION_01,585,Car,0.956,17410,Eastbound_Lane1,32.3,0
3327,2026-08-06 18:59:55,CAM_JUNCTION_01,585,Car,0.878,14171,Northbound_Lane2,39.3,0
3328,2026-08-06 18:59:55,CAM_JUNCTION_01,585,Car,0.886,8168,Northbound_Lane2,23.2,0
3329,2026-08-06 18:59:55,CAM_JUNCTION_01,585,Car,0.925,7230,Northbound_Lane1,25.8,0
3330,2026-08-06 18:59:56,CAM_JUNCTION_01,586,Car,0.873,5436,Southbound_Lane1,13.8,0
3331,2026-08-06 18:59:56,CAM_JUNCTION_01,586,Car,0.808,5195,Northbound_Lane2,50.1,0
3332,2026-08-06 18:59:56,CAM_JUNCTION_01,587,Car,0.855,10637,Northbound_Lane2,34.7,0
3333,2026-08-06 18:59:56,CAM_JUNCTION_01,587,Car,0.933,16281,Northbound_Lane2,5.2,0
3334,2026-08-06 18:59:56,CAM_JUNCTION_01,587,Car,0.863,10989,Westbound_Lane1,5.5,0
3335,2026-08-06 18:59:56,CAM_JUNCTION_01,587,Motorcycle,0.915,1533,Northbound_Lane1,31.7,0
3336,2026-08-06 18:59:57,CAM_JUNCTION_01,588,Car,0.935,11818,Northbound_Lane1,32.2,0
3337,2026-08-06 18:59:57,CAM_JUNCTION_01,588,Car,0.826,9546,Southbound_Lane1,38.4,0
3338,2026-08-06 18:59:57,CAM_JUNCTION_01,588,Car,0.892,15100,Westbound_Lane1,23.9,0
3339,2026-08-06 18:59:57,CAM_JUNCTION_01,589,Motorcycle,0.827,1543,Southbound_Lane1,12.1,0
3340,2026-08-06 18:59:57,CAM_JUNCTION_01,589,Car,0.792,16676,Northbound_Lane2,51.5,0
3341,2026-08-06 18:59:57,CAM_JUNCTION_01,589,Car,0.868,7491,Northbound_Lane2,33.6,0
3342,2026-08-06 18:59:57,CAM_JUNCTION_01,589,Car,0.891,3409,Northbound_Lane1,29.8,0
3343,2026-08-06 18:59:58,CAM_JUNCTION_01,590,Car,0.784,1480,Westbound_Lane1,18.1,0
3344,2026-08-06 18:59:58,CAM_JUNCTION_01,590,Car,0.974,3011,Eastbound_Lane1,14.4,0
3345,2026-08-06 18:59:58,CAM_JUNCTION_01,590,Car,0.829,2945,Northbound_Lane1,26.0,0
3346,2026-08-06 18:59:58,CAM_JUNCTION_01,591,Car,0.965,15621,Northbound_Lane1,46.5,0
3347,2026-08-06 18:59:58,CAM_JUNCTION_01,591,Bus,0.872,8512,Eastbound_Lane1,35.9,0
3348,2026-08-06 18:59:58,CAM_JUNCTION_01,591,Car,0.856,12011,Northbound_Lane2,49.1,0
3349,2026-08-06 18:59:58,CAM_JUNCTION_01,591,Car,0.957,17377,Northbound_Lane1,5.4,0
3350,2026-08-06 18:59:58,CAM_JUNCTION_01,591,Motorcycle,0.904,4615,Westbound_Lane1,5.8,0
3351,2026-08-06 18:59:58,CAM_JUNCTION_01,591,Car,0.894,3913,Southbound_Lane1,8.4,0
3352,2026-08-06 18:59:59,CAM_JUNCTION_01,592,Car,0.831,2034,Northbound_Lane2,38.4,0
3353,2026-08-06 18:59:59,CAM_JUNCTION_01,592,Car,0.862,13252,Northbound_Lane2,34.0,0
3354,2026-08-06 18:59:59,CAM_JUNCTION_01,592,Motorcycle,0.819,13199,Westbound_Lane1,53.3,0
3355,2026-08-06 18:59:59,CAM_JUNCTION_01,592,Car,0.853,3657,Westbound_Lane1,11.1,0
3356,2026-08-06 18:59:59,CAM_JUNCTION_01,592,Car,0.907,4381,Northbound_Lane1,47.0,0
3357,2026-08-06 18:59:59,CAM_JUNCTION_01,592,Car,0.806,8709,Northbound_Lane2,39.5,0
3358,2026-08-06 18:59:59,CAM_JUNCTION_01,593,Car,0.84,8105,Northbound_Lane2,21.2,0
3359,2026-08-06 18:59:59,CAM_JUNCTION_01,593,Motorcycle,0.878,1959,Northbound_Lane1,29.8,0
3360,2026-08-06 18:59:59,CAM_JUNCTION_01,593,Bus,0.896,13629,Eastbound_Lane1,1.4,0
3361,2026-08-06 18:59:59,CAM_JUNCTION_01,593,Car,0.842,8883,Southbound_Lane1,17.9,0
3362,2026-08-06 18:59:59,CAM_JUNCTION_01,593,Car,0.786,15994,Northbound_Lane1,52.9,0
3363,2026-08-06 19:00:00,CAM_JUNCTION_01,594,Car,0.871,11666,Westbound_Lane1,9.8,0
3364,2026-08-06 19:00:00,CAM_JUNCTION_01,594,Car,0.888,9511,Eastbound_Lane1,23.3,0
3365,2026-08-06 19:00:00,CAM_JUNCTION_01,594,Car,0.8,6798,Northbound_Lane2,32.9,0
3366,2026-08-06 19:00:00,CAM_JUNCTION_01,594,Car,0.892,4007,Westbound_Lane1,46.4,0
3367,2026-08-06 19:00:00,CAM_JUNCTION_01,595,Car,0.797,13417,Northbound_Lane1,29.3,0
3368,2026-08-06 19:00:00,CAM_JUNCTION_01,595,Car,0.929,12194,Northbound_Lane1,49.1,0
3369,2026-08-06 19:00:00,CAM_JUNCTION_01,595,Car,0.915,8727,Northbound_Lane2,5.8,0
3370,2026-08-06 19:00:00,CAM_JUNCTION_01,595,Car,0.828,11570,Northbound_Lane2,54.2,0
3371,2026-08-06 19:00:01,CAM_JUNCTION_01,596,Car,0.782,7518,Southbound_Lane1,18.2,0
3372,2026-08-06 19:00:01,CAM_JUNCTION_01,596,Car,0.922,14335,Eastbound_Lane1,49.4,0
3373,2026-08-06 19:00:01,CAM_JUNCTION_01,597,Car,0.947,11436,Northbound_Lane2,28.0,0
3374,2026-08-06 19:00:01,CAM_JUNCTION_01,597,Car,0.87,13293,Northbound_Lane2,45.3,0
3375,2026-08-06 19:00:01,CAM_JUNCTION_01,597,Car,0.905,6639,Westbound_Lane1,3.8,0
3376,2026-08-06 19:00:01,CAM_JUNCTION_01,597,Motorcycle,0.847,17551,Westbound_Lane1,49.4,0
3377,2026-08-06 19:00:01,CAM_JUNCTION_01,597,Car,0.84,10317,Northbound_Lane1,27.7,0
3378,2026-08-06 19:00:02,CAM_JUNCTION_01,598,Car,0.784,1260,Northbound_Lane2,19.0,0
3379,2026-08-06 19:00:02,CAM_JUNCTION_01,598,Car,0.838,7384,Southbound_Lane1,22.2,0
3380,2026-08-06 19:00:02,CAM_JUNCTION_01,599,Car,0.819,9030,Northbound_Lane2,39.9,0
3381,2026-08-06 19:00:02,CAM_JUNCTION_01,599,Car,0.962,8344,Eastbound_Lane1,33.3,0
3382,2026-08-06 19:00:03,CAM_JUNCTION_01,600,Car,0.942,3099,Eastbound_Lane1,37.5,0
3383,2026-08-06 19:00:03,CAM_JUNCTION_01,600,Car,0.855,6609,Eastbound_Lane1,3.4,0
3384,2026-08-06 19:00:03,CAM_JUNCTION_01,600,Car,0.959,15444,Eastbound_Lane1,37.3,0
3385,2026-08-06 19:00:03,CAM_JUNCTION_01,600,Car,0.955,15047,Westbound_Lane1,28.3,0
3386,2026-08-06 19:00:03,CAM_JUNCTION_01,601,Car,0.83,17416,Southbound_Lane1,34.6,0
3387,2026-08-06 19:00:03,CAM_JUNCTION_01,601,Bus,0.837,1433,Northbound_Lane2,33.4,0
3388,2026-08-06 19:00:03,CAM_JUNCTION_01,601,Car,0.98,15308,Southbound_Lane1,36.3,0
3389,2026-08-06 19:00:03,CAM_JUNCTION_01,601,Car,0.963,16779,Northbound_Lane2,2.5,0
3390,2026-08-06 19:00:03,CAM_JUNCTION_01,601,Car,0.969,8100,Eastbound_Lane1,44.5,0
3391,2026-08-06 19:00:03,CAM_JUNCTION_01,601,Motorcycle,0.789,9541,Westbound_Lane1,36.8,0
3392,2026-08-06 19:00:04,CAM_JUNCTION_01,602,Car,0.969,13005,Northbound_Lane1,19.0,0
3393,2026-08-06 19:00:04,CAM_JUNCTION_01,602,Car,0.808,14452,Eastbound_Lane1,42.5,0
3394,2026-08-06 19:00:04,CAM_JUNCTION_01,602,Car,0.823,7844,Northbound_Lane1,54.7,0
3395,2026-08-06 19:00:04,CAM_JUNCTION_01,602,Bus,0.826,2122,Westbound_Lane1,4.0,0
3396,2026-08-06 19:00:04,CAM_JUNCTION_01,603,Car,0.971,7809,Northbound_Lane2,1.4,0
3397,2026-08-06 19:00:04,CAM_JUNCTION_01,603,Car,0.906,10869,Eastbound_Lane1,53.1,0
3398,2026-08-06 19:00:04,CAM_JUNCTION_01,603,Truck,0.909,7379,Northbound_Lane1,5.5,0
3399,2026-08-06 19:00:04,CAM_JUNCTION_01,603,Car,0.975,14863,Southbound_Lane1,41.7,0
3400,2026-08-06 19:00:05,CAM_JUNCTION_01,604,Rickshaw,0.937,12352,Northbound_Lane1,38.2,0
3401,2026-08-06 19:00:05,CAM_JUNCTION_01,604,Car,0.968,11283,Southbound_Lane1,44.9,0
3402,2026-08-06 19:00:05,CAM_JUNCTION_01,604,Car,0.924,7194,Northbound_Lane2,31.3,0
3403,2026-08-06 19:00:05,CAM_JUNCTION_01,604,Motorcycle,0.973,5850,Eastbound_Lane1,52.4,0
3404,2026-08-06 19:00:05,CAM_JUNCTION_01,604,Car,0.944,8596,Southbound_Lane1,11.8,0
3405,2026-08-06 19:00:05,CAM_JUNCTION_01,604,Car,0.914,16102,Northbound_Lane1,44.3,0
3406,2026-08-06 19:00:05,CAM_JUNCTION_01,605,Car,0.85,2620,Northbound_Lane2,27.5,0
3407,2026-08-06 19:00:05,CAM_JUNCTION_01,605,Car,0.796,8189,Southbound_Lane1,33.2,0
3408,2026-08-06 19:00:05,CAM_JUNCTION_01,605,Car,0.864,3827,Southbound_Lane1,11.9,0
3409,2026-08-06 19:00:06,CAM_JUNCTION_01,606,Car,0.926,16292,Northbound_Lane2,48.3,0
3410,2026-08-06 19:00:06,CAM_JUNCTION_01,606,Car,0.808,1951,Northbound_Lane2,5.2,0
3411,2026-08-06 19:00:06,CAM_JUNCTION_01,606,Car,0.922,7680,Westbound_Lane1,54.0,0
3412,2026-08-06 19:00:06,CAM_JUNCTION_01,606,Car,0.948,4800,Eastbound_Lane1,27.1,0
3413,2026-08-06 19:00:06,CAM_JUNCTION_01,607,Car,0.931,12383,Northbound_Lane2,39.3,0
3414,2026-08-06 19:00:06,CAM_JUNCTION_01,607,Car,0.884,1826,Eastbound_Lane1,51.3,0
3415,2026-08-06 19:00:06,CAM_JUNCTION_01,607,Car,0.785,11216,Eastbound_Lane1,2.8,0
3416,2026-08-06 19:00:06,CAM_JUNCTION_01,607,Car,0.912,5454,Westbound_Lane1,47.4,0
3417,2026-08-06 19:00:06,CAM_JUNCTION_01,607,Car,0.943,17866,Northbound_Lane2,4.0,0
3418,2026-08-06 19:00:06,CAM_JUNCTION_01,607,Car,0.782,8536,Eastbound_Lane1,46.9,0
3419,2026-08-06 19:00:07,CAM_JUNCTION_01,608,Car,0.81,1755,Northbound_Lane1,19.6,0
3420,2026-08-06 19:00:07,CAM_JUNCTION_01,608,Car,0.88,14066,Westbound_Lane1,7.9,0
3421,2026-08-06 19:00:07,CAM_JUNCTION_01,608,Car,0.931,14951,Westbound_Lane1,30.0,0
3422,2026-08-06 19:00:07,CAM_JUNCTION_01,608,Car,0.873,17933,Northbound_Lane2,11.3,0
3423,2026-08-06 19:00:07,CAM_JUNCTION_01,609,Car,0.862,6114,Eastbound_Lane1,53.7,0
3424,2026-08-06 19:00:07,CAM_JUNCTION_01,609,Car,0.971,2713,Southbound_Lane1,11.6,0
3425,2026-08-06 19:00:07,CAM_JUNCTION_01,609,Car,0.847,2025,Westbound_Lane1,16.4,0
3426,2026-08-06 19:00:07,CAM_JUNCTION_01,609,Car,0.862,17138,Northbound_Lane1,16.6,0
3427,2026-08-06 19:00:08,CAM_JUNCTION_01,610,Car,0.899,9820,Northbound_Lane2,28.6,0
3428,2026-08-06 19:00:08,CAM_JUNCTION_01,610,Truck,0.891,14722,Southbound_Lane1,7.1,0
3429,2026-08-06 19:00:08,CAM_JUNCTION_01,610,Car,0.844,4037,Southbound_Lane1,9.6,0
3430,2026-08-06 19:00:08,CAM_JUNCTION_01,610,Motorcycle,0.888,15406,Northbound_Lane1,21.2,0
3431,2026-08-06 19:00:08,CAM_JUNCTION_01,610,Motorcycle,0.837,10173,Westbound_Lane1,35.0,0
3432,2026-08-06 19:00:08,CAM_JUNCTION_01,611,Car,0.836,14555,Northbound_Lane2,25.2,0
3433,2026-08-06 19:00:08,CAM_JUNCTION_01,611,Rickshaw,0.941,8213,Eastbound_Lane1,0.8,0
3434,2026-08-06 19:00:09,CAM_JUNCTION_01,612,Car,0.791,5612,Westbound_Lane1,44.8,0
3435,2026-08-06 19:00:09,CAM_JUNCTION_01,612,Car,0.892,5404,Eastbound_Lane1,14.9,0
3436,2026-08-06 19:00:09,CAM_JUNCTION_01,612,Car,0.81,8217,Westbound_Lane1,49.4,0
3437,2026-08-06 19:00:09,CAM_JUNCTION_01,612,Car,0.797,11099,Eastbound_Lane1,51.7,0
3438,2026-08-06 19:00:09,CAM_JUNCTION_01,612,Car,0.957,8139,Northbound_Lane2,26.7,0
3439,2026-08-06 19:00:09,CAM_JUNCTION_01,613,Car,0.914,8572,Northbound_Lane1,3.5,0
3440,2026-08-06 19:00:09,CAM_JUNCTION_01,613,Car,0.914,14471,Westbound_Lane1,30.9,0
3441,2026-08-06 19:00:09,CAM_JUNCTION_01,613,Car,0.965,3133,Southbound_Lane1,4.6,0
3442,2026-08-06 19:00:09,CAM_JUNCTION_01,613,Car,0.914,12668,Westbound_Lane1,54.4,0
3443,2026-08-06 19:00:09,CAM_JUNCTION_01,613,Car,0.893,12815,Northbound_Lane1,16.9,0
3444,2026-08-06 19:00:09,CAM_JUNCTION_01,613,Motorcycle,0.917,11914,Eastbound_Lane1,44.4,0
3445,2026-08-06 19:00:10,CAM_JUNCTION_01,614,Car,0.82,13625,Eastbound_Lane1,44.9,0
3446,2026-08-06 19:00:10,CAM_JUNCTION_01,614,Motorcycle,0.884,15570,Southbound_Lane1,38.2,0
3447,2026-08-06 19:00:10,CAM_JUNCTION_01,614,Car,0.894,10740,Northbound_Lane2,24.9,0
3448,2026-08-06 19:00:10,CAM_JUNCTION_01,614,Car,0.869,17580,Northbound_Lane2,51.6,0
3449,2026-08-06 19:00:10,CAM_JUNCTION_01,615,Truck,0.816,13347,Eastbound_Lane1,53.6,0
3450,2026-08-06 19:00:10,CAM_JUNCTION_01,615,Car,0.875,16591,Southbound_Lane1,22.6,0
3451,2026-08-06 19:00:10,CAM_JUNCTION_01,615,Car,0.864,4109,Southbound_Lane1,7.5,0
3452,2026-08-06 19:00:10,CAM_JUNCTION_01,615,Car,0.869,4643,Southbound_Lane1,47.4,0
3453,2026-08-06 19:00:10,CAM_JUNCTION_01,615,Car,0.91,17177,Westbound_Lane1,33.8,0
3454,2026-08-06 19:00:10,CAM_JUNCTION_01,615,Car,0.79,10003,Northbound_Lane2,26.1,0
3455,2026-08-06 19:00:11,CAM_JUNCTION_01,616,Truck,0.928,3914,Southbound_Lane1,50.7,0
3456,2026-08-06 19:00:11,CAM_JUNCTION_01,616,Car,0.806,9236,Eastbound_Lane1,5.4,0
3457,2026-08-06 19:00:11,CAM_JUNCTION_01,616,Car,0.882,1833,Southbound_Lane1,46.7,0
3458,2026-08-06 19:00:11,CAM_JUNCTION_01,617,Car,0.875,9058,Southbound_Lane1,9.9,0
3459,2026-08-06 19:00:11,CAM_JUNCTION_01,617,Car,0.908,4366,Southbound_Lane1,26.6,0
3460,2026-08-06 19:00:12,CAM_JUNCTION_01,618,Car,0.881,3666,Westbound_Lane1,16.5,0
3461,2026-08-06 19:00:12,CAM_JUNCTION_01,618,Car,0.928,1213,Westbound_Lane1,26.4,0
3462,2026-08-06 19:00:12,CAM_JUNCTION_01,618,Car,0.856,14137,Northbound_Lane2,40.5,0
3463,2026-08-06 19:00:12,CAM_JUNCTION_01,618,Car,0.937,14228,Southbound_Lane1,5.2,0
3464,2026-08-06 19:00:12,CAM_JUNCTION_01,618,Car,0.809,11175,Northbound_Lane1,21.0,0
3465,2026-08-06 19:00:12,CAM_JUNCTION_01,619,Car,0.937,3266,Northbound_Lane1,23.4,0
3466,2026-08-06 19:00:12,CAM_JUNCTION_01,619,Rickshaw,0.782,13752,Southbound_Lane1,14.7,0
3467,2026-08-06 19:00:13,CAM_JUNCTION_01,620,Car,0.898,6652,Northbound_Lane2,26.2,0
3468,2026-08-06 19:00:13,CAM_JUNCTION_01,620,Car,0.81,14214,Northbound_Lane1,49.7,0
3469,2026-08-06 19:00:13,CAM_JUNCTION_01,620,Car,0.873,6890,Southbound_Lane1,19.9,0
3470,2026-08-06 19:00:13,CAM_JUNCTION_01,621,Car,0.904,9692,Southbound_Lane1,15.2,0
3471,2026-08-06 19:00:13,CAM_JUNCTION_01,621,Car,0.888,2543,Northbound_Lane1,26.4,0
3472,2026-08-06 19:00:13,CAM_JUNCTION_01,621,Car,0.892,16054,Eastbound_Lane1,53.1,0
3473,2026-08-06 19:00:13,CAM_JUNCTION_01,621,Car,0.817,3053,Westbound_Lane1,2.8,0
3474,2026-08-06 19:00:13,CAM_JUNCTION_01,621,Car,0.819,15529,Northbound_Lane2,14.0,0
3475,2026-08-06 19:00:14,CAM_JUNCTION_01,622,Car,0.824,2094,Eastbound_Lane1,51.7,0
3476,2026-08-06 19:00:14,CAM_JUNCTION_01,622,Car,0.962,6370,Eastbound_Lane1,32.9,0
3477,2026-08-06 19:00:14,CAM_JUNCTION_01,623,Motorcycle,0.866,15359,Northbound_Lane1,22.2,0
3478,2026-08-06 19:00:14,CAM_JUNCTION_01,623,Car,0.965,6809,Northbound_Lane1,19.1,0
3479,2026-08-06 19:00:14,CAM_JUNCTION_01,623,Car,0.96,11928,Northbound_Lane2,16.9,0
3480,2026-08-06 19:00:14,CAM_JUNCTION_01,623,Car,0.833,14783,Northbound_Lane2,38.2,0
3481,2026-08-06 19:00:15,CAM_JUNCTION_01,624,Car,0.786,9253,Northbound_Lane2,2.8,0
3482,2026-08-06 19:00:15,CAM_JUNCTION_01,624,Car,0.98,15972,Southbound_Lane1,12.4,0
3483,2026-08-06 19:00:15,CAM_JUNCTION_01,624,Car,0.919,10926,Northbound_Lane1,52.9,0
3484,2026-08-06 19:00:15,CAM_JUNCTION_01,624,Motorcycle,0.794,1543,Northbound_Lane1,16.2,0
3485,2026-08-06 19:00:15,CAM_JUNCTION_01,624,Car,0.808,15584,Southbound_Lane1,37.1,0
3486,2026-08-06 19:00:15,CAM_JUNCTION_01,624,Car,0.782,13838,Eastbound_Lane1,16.4,0
3487,2026-08-06 19:00:15,CAM_JUNCTION_01,625,Car,0.96,3913,Northbound_Lane1,9.6,0
3488,2026-08-06 19:00:15,CAM_JUNCTION_01,625,Car,0.798,14263,Eastbound_Lane1,45.8,0
3489,2026-08-06 19:00:15,CAM_JUNCTION_01,625,Car,0.964,9775,Northbound_Lane2,6.7,0
3490,2026-08-06 19:00:15,CAM_JUNCTION_01,625,Motorcycle,0.94,8420,Eastbound_Lane1,33.1,0
3491,2026-08-06 19:00:15,CAM_JUNCTION_01,625,Car,0.898,13986,Southbound_Lane1,35.9,0
3492,2026-08-06 19:00:15,CAM_JUNCTION_01,625,Car,0.926,2271,Southbound_Lane1,52.4,0
3493,2026-08-06 19:00:16,CAM_JUNCTION_01,626,Car,0.81,6489,Southbound_Lane1,45.1,0
3494,2026-08-06 19:00:16,CAM_JUNCTION_01,626,Car,0.861,16427,Eastbound_Lane1,45.0,0
3495,2026-08-06 19:00:16,CAM_JUNCTION_01,626,Motorcycle,0.792,7053,Southbound_Lane1,12.4,0
3496,2026-08-06 19:00:16,CAM_JUNCTION_01,627,Car,0.936,14003,Eastbound_Lane1,4.9,0
3497,2026-08-06 19:00:16,CAM_JUNCTION_01,627,Car,0.906,7857,Westbound_Lane1,7.5,0
3498,2026-08-06 19:00:17,CAM_JUNCTION_01,628,Motorcycle,0.793,13258,Northbound_Lane1,9.7,0
3499,2026-08-06 19:00:17,CAM_JUNCTION_01,628,Car,0.794,3404,Northbound_Lane2,38.5,0
3500,2026-08-06 19:00:17,CAM_JUNCTION_01,628,Car,0.906,11135,Southbound_Lane1,21.3,0
3501,2026-08-06 19:00:17,CAM_JUNCTION_01,628,Car,0.873,6898,Eastbound_Lane1,48.2,0
3502,2026-08-06 19:00:17,CAM_JUNCTION_01,628,Rickshaw,0.915,9269,Northbound_Lane1,30.7,0
3503,2026-08-06 19:00:17,CAM_JUNCTION_01,629,Car,0.934,5233,Northbound_Lane2,18.4,0
3504,2026-08-06 19:00:17,CAM_JUNCTION_01,629,Car,0.833,1246,Southbound_Lane1,25.2,0
3505,2026-08-06 19:00:17,CAM_JUNCTION_01,629,Car,0.904,4593,Southbound_Lane1,24.0,0
3506,2026-08-06 19:00:17,CAM_JUNCTION_01,629,Bus,0.892,5445,Westbound_Lane1,2.6,0
3507,2026-08-06 19:00:17,CAM_JUNCTION_01,629,Car,0.905,8172,Northbound_Lane2,30.0,0
3508,2026-08-06 19:00:17,CAM_JUNCTION_01,629,Car,0.975,15548,Northbound_Lane1,36.9,0
3509,2026-08-06 19:00:18,CAM_JUNCTION_01,630,Car,0.942,10302,Eastbound_Lane1,28.5,0
3510,2026-08-06 19:00:18,CAM_JUNCTION_01,630,Car,0.863,4749,Eastbound_Lane1,20.2,0
3511,2026-08-06 19:00:18,CAM_JUNCTION_01,631,Car,0.886,2516,Northbound_Lane1,54.1,0
3512,2026-08-06 19:00:18,CAM_JUNCTION_01,631,Car,0.903,1958,Northbound_Lane2,41.8,0
3513,2026-08-06 19:00:18,CAM_JUNCTION_01,631,Car,0.969,13933,Westbound_Lane1,46.4,0
3514,2026-08-06 19:00:18,CAM_JUNCTION_01,631,Car,0.824,6934,Eastbound_Lane1,6.7,0
3515,2026-08-06 19:00:18,CAM_JUNCTION_01,631,Bus,0.885,7352,Westbound_Lane1,53.8,0
3516,2026-08-06 19:00:19,CAM_JUNCTION_01,632,Car,0.97,3140,Eastbound_Lane1,49.2,0
3517,2026-08-06 19:00:19,CAM_JUNCTION_01,632,Car,0.819,6251,Eastbound_Lane1,13.3,0
3518,2026-08-06 19:00:19,CAM_JUNCTION_01,633,Car,0.917,9305,Northbound_Lane1,13.2,0
3519,2026-08-06 19:00:19,CAM_JUNCTION_01,633,Car,0.793,8899,Northbound_Lane1,46.1,0
3520,2026-08-06 19:00:19,CAM_JUNCTION_01,633,Car,0.873,17530,Eastbound_Lane1,23.2,0
3521,2026-08-06 19:00:19,CAM_JUNCTION_01,633,Car,0.911,3589,Westbound_Lane1,49.4,0
3522,2026-08-06 19:00:19,CAM_JUNCTION_01,633,Bus,0.859,12965,Eastbound_Lane1,27.8,0
3523,2026-08-06 19:00:20,CAM_JUNCTION_01,634,Rickshaw,0.809,8279,Eastbound_Lane1,46.2,0
3524,2026-08-06 19:00:20,CAM_JUNCTION_01,634,Car,0.91,11932,Northbound_Lane2,45.8,0
3525,2026-08-06 19:00:20,CAM_JUNCTION_01,634,Car,0.922,5106,Eastbound_Lane1,18.9,0
3526,2026-08-06 19:00:20,CAM_JUNCTION_01,634,Car,0.97,16204,Eastbound_Lane1,18.9,0
3527,2026-08-06 19:00:20,CAM_JUNCTION_01,634,Car,0.859,10277,Northbound_Lane1,44.2,0
3528,2026-08-06 19:00:20,CAM_JUNCTION_01,635,Rickshaw,0.896,12118,Northbound_Lane2,47.5,0
3529,2026-08-06 19:00:20,CAM_JUNCTION_01,635,Car,0.911,1580,Westbound_Lane1,9.0,0
3530,2026-08-06 19:00:20,CAM_JUNCTION_01,635,Car,0.915,1916,Southbound_Lane1,4.0,0
3531,2026-08-06 19:00:21,CAM_JUNCTION_01,636,Car,0.894,8692,Southbound_Lane1,20.4,0
3532,2026-08-06 19:00:21,CAM_JUNCTION_01,636,Motorcycle,0.943,15532,Northbound_Lane2,38.4,0
3533,2026-08-06 19:00:21,CAM_JUNCTION_01,636,Car,0.86,9407,Northbound_Lane2,16.7,0
3534,2026-08-06 19:00:21,CAM_JUNCTION_01,636,Car,0.921,3667,Westbound_Lane1,53.6,0
3535,2026-08-06 19:00:21,CAM_JUNCTION_01,637,Truck,0.804,15027,Northbound_Lane2,34.6,0
3536,2026-08-06 19:00:21,CAM_JUNCTION_01,637,Car,0.842,17207,Northbound_Lane2,5.9,0
3537,2026-08-06 19:00:21,CAM_JUNCTION_01,637,Car,0.939,11065,Northbound_Lane2,50.4,0
3538,2026-08-06 19:00:21,CAM_JUNCTION_01,637,Car,0.88,3239,Eastbound_Lane1,48.9,0
3539,2026-08-06 19:00:21,CAM_JUNCTION_01,637,Motorcycle,0.928,8175,Westbound_Lane1,49.8,0
3540,2026-08-06 19:00:22,CAM_JUNCTION_01,638,Car,0.969,2771,Eastbound_Lane1,20.9,0
3541,2026-08-06 19:00:22,CAM_JUNCTION_01,638,Car,0.855,9031,Northbound_Lane1,52.8,0
3542,2026-08-06 19:00:22,CAM_JUNCTION_01,638,Bus,0.888,9090,Northbound_Lane2,52.0,0
3543,2026-08-06 19:00:22,CAM_JUNCTION_01,638,Car,0.871,9252,Eastbound_Lane1,20.8,0
3544,2026-08-06 19:00:22,CAM_JUNCTION_01,638,Car,0.824,11838,Northbound_Lane2,23.7,0
3545,2026-08-06 19:00:22,CAM_JUNCTION_01,638,Car,0.959,5945,Northbound_Lane2,24.6,0
3546,2026-08-06 19:00:22,CAM_JUNCTION_01,639,Car,0.795,9695,Northbound_Lane1,37.7,0
3547,2026-08-06 19:00:22,CAM_JUNCTION_01,639,Rickshaw,0.91,8482,Eastbound_Lane1,24.5,0
3548,2026-08-06 19:00:22,CAM_JUNCTION_01,639,Car,0.936,11213,Northbound_Lane1,32.0,0
3549,2026-08-06 19:00:22,CAM_JUNCTION_01,639,Car,0.839,1570,Eastbound_Lane1,39.2,0
3550,2026-08-06 19:00:22,CAM_JUNCTION_01,639,Car,0.853,7736,Southbound_Lane1,44.8,0
3551,2026-08-06 19:00:22,CAM_JUNCTION_01,639,Ambulance,0.923,2300,Westbound_Lane1,53.8,1
3552,2026-08-06 19:00:23,CAM_JUNCTION_01,640,Car,0.822,14957,Westbound_Lane1,37.6,0
3553,2026-08-06 19:00:23,CAM_JUNCTION_01,640,Car,0.965,6757,Northbound_Lane1,49.2,0
3554,2026-08-06 19:00:23,CAM_JUNCTION_01,640,Car,0.876,14350,Westbound_Lane1,0.1,0
3555,2026-08-06 19:00:23,CAM_JUNCTION_01,640,Bus,0.967,17826,Northbound_Lane1,20.5,0
3556,2026-08-06 19:00:23,CAM_JUNCTION_01,640,Bus,0.834,8371,Southbound_Lane1,19.0,0
3557,2026-08-06 19:00:23,CAM_JUNCTION_01,640,Car,0.902,9134,Eastbound_Lane1,13.7,0
3558,2026-08-06 19:00:23,CAM_JUNCTION_01,641,Car,0.85,17203,Northbound_Lane2,15.0,0
3559,2026-08-06 19:00:23,CAM_JUNCTION_01,641,Car,0.845,12503,Southbound_Lane1,40.4,0
3560,2026-08-06 19:00:23,CAM_JUNCTION_01,641,Truck,0.965,2927,Eastbound_Lane1,40.8,0
3561,2026-08-06 19:00:23,CAM_JUNCTION_01,641,Motorcycle,0.931,14423,Westbound_Lane1,52.3,0
3562,2026-08-06 19:00:23,CAM_JUNCTION_01,641,Car,0.827,12913,Northbound_Lane2,12.8,0
3563,2026-08-06 19:00:23,CAM_JUNCTION_01,641,Car,0.906,1814,Northbound_Lane1,43.0,0
3564,2026-08-06 19:00:24,CAM_JUNCTION_01,642,Motorcycle,0.927,3227,Northbound_Lane1,15.4,0
3565,2026-08-06 19:00:24,CAM_JUNCTION_01,642,Car,0.891,11424,Northbound_Lane2,21.7,0
3566,2026-08-06 19:00:24,CAM_JUNCTION_01,642,Car,0.932,16441,Northbound_Lane1,46.4,0
3567,2026-08-06 19:00:24,CAM_JUNCTION_01,642,Car,0.821,14546,Eastbound_Lane1,42.9,0
3568,2026-08-06 19:00:24,CAM_JUNCTION_01,642,Truck,0.877,14499,Southbound_Lane1,18.8,0
3569,2026-08-06 19:00:24,CAM_JUNCTION_01,643,Car,0.929,13610,Southbound_Lane1,23.9,0
3570,2026-08-06 19:00:24,CAM_JUNCTION_01,643,Car,0.936,7806,Southbound_Lane1,22.8,0
3571,2026-08-06 19:00:25,CAM_JUNCTION_01,644,Motorcycle,0.956,7541,Northbound_Lane1,22.0,0
3572,2026-08-06 19:00:25,CAM_JUNCTION_01,644,Car,0.915,17328,Eastbound_Lane1,29.2,0
3573,2026-08-06 19:00:25,CAM_JUNCTION_01,645,Car,0.781,2103,Eastbound_Lane1,51.2,0
3574,2026-08-06 19:00:25,CAM_JUNCTION_01,645,Car,0.866,15006,Eastbound_Lane1,3.8,0
3575,2026-08-06 19:00:26,CAM_JUNCTION_01,646,Car,0.934,11892,Northbound_Lane2,23.3,0
3576,2026-08-06 19:00:26,CAM_JUNCTION_01,646,Car,0.955,7755,Westbound_Lane1,24.1,0
3577,2026-08-06 19:00:26,CAM_JUNCTION_01,646,Car,0.922,10532,Northbound_Lane2,44.9,0
3578,2026-08-06 19:00:26,CAM_JUNCTION_01,646,Car,0.85,12921,Westbound_Lane1,44.0,0
3579,2026-08-06 19:00:26,CAM_JUNCTION_01,647,Motorcycle,0.847,9371,Northbound_Lane1,23.9,0
3580,2026-08-06 19:00:26,CAM_JUNCTION_01,647,Car,0.972,12753,Northbound_Lane2,2.9,0
3581,2026-08-06 19:00:26,CAM_JUNCTION_01,647,Car,0.834,4116,Northbound_Lane1,52.7,0
3582,2026-08-06 19:00:26,CAM_JUNCTION_01,647,Car,0.835,17187,Eastbound_Lane1,42.6,0
3583,2026-08-06 19:00:27,CAM_JUNCTION_01,648,Car,0.785,11870,Northbound_Lane2,11.9,0
3584,2026-08-06 19:00:27,CAM_JUNCTION_01,648,Car,0.868,15957,Northbound_Lane1,11.6,0
3585,2026-08-06 19:00:27,CAM_JUNCTION_01,648,Car,0.85,9547,Westbound_Lane1,49.7,0
3586,2026-08-06 19:00:27,CAM_JUNCTION_01,648,Motorcycle,0.811,7944,Eastbound_Lane1,6.0,0
3587,2026-08-06 19:00:27,CAM_JUNCTION_01,649,Car,0.98,8435,Westbound_Lane1,18.1,0
3588,2026-08-06 19:00:27,CAM_JUNCTION_01,649,Car,0.954,4483,Northbound_Lane1,17.0,0
3589,2026-08-06 19:00:28,CAM_JUNCTION_01,650,Car,0.783,7927,Westbound_Lane1,50.2,0
3590,2026-08-06 19:00:28,CAM_JUNCTION_01,650,Car,0.888,6570,Northbound_Lane2,14.2,0
3591,2026-08-06 19:00:28,CAM_JUNCTION_01,650,Car,0.923,17176,Northbound_Lane2,22.8,0
3592,2026-08-06 19:00:28,CAM_JUNCTION_01,650,Car,0.783,1910,Westbound_Lane1,46.0,0
3593,2026-08-06 19:00:28,CAM_JUNCTION_01,650,Car,0.956,8901,Southbound_Lane1,46.0,0
3594,2026-08-06 19:00:28,CAM_JUNCTION_01,650,Bus,0.845,15305,Southbound_Lane1,46.7,0
3595,2026-08-06 19:00:28,CAM_JUNCTION_01,651,Car,0.941,9756,Southbound_Lane1,22.6,0
3596,2026-08-06 19:00:28,CAM_JUNCTION_01,651,Car,0.782,8633,Northbound_Lane1,47.3,0
3597,2026-08-06 19:00:29,CAM_JUNCTION_01,652,Car,0.789,12436,Northbound_Lane2,21.9,0
3598,2026-08-06 19:00:29,CAM_JUNCTION_01,652,Car,0.914,9541,Westbound_Lane1,14.2,0
3599,2026-08-06 19:00:29,CAM_JUNCTION_01,652,Car,0.82,4531,Eastbound_Lane1,44.6,0
3600,2026-08-06 19:00:29,CAM_JUNCTION_01,653,Car,0.865,17632,Northbound_Lane1,39.3,0
3601,2026-08-06 19:00:29,CAM_JUNCTION_01,653,Car,0.911,14130,Northbound_Lane2,17.5,0
3602,2026-08-06 19:00:30,CAM_JUNCTION_01,654,Car,0.804,3826,Northbound_Lane2,10.8,0
3603,2026-08-06 19:00:30,CAM_JUNCTION_01,654,Car,0.852,16449,Eastbound_Lane1,24.3,0
3604,2026-08-06 19:00:30,CAM_JUNCTION_01,654,Car,0.811,7504,Eastbound_Lane1,8.9,0
3605,2026-08-06 19:00:30,CAM_JUNCTION_01,654,Car,0.811,9615,Southbound_Lane1,22.0,0
3606,2026-08-06 19:00:30,CAM_JUNCTION_01,654,Motorcycle,0.852,2557,Northbound_Lane1,12.1,0
3607,2026-08-06 19:00:30,CAM_JUNCTION_01,655,Car,0.781,5579,Northbound_Lane1,30.4,0
3608,2026-08-06 19:00:30,CAM_JUNCTION_01,655,Bus,0.803,10685,Southbound_Lane1,12.9,0
3609,2026-08-06 19:00:30,CAM_JUNCTION_01,655,Car,0.851,9148,Northbound_Lane1,31.4,0
3610,2026-08-06 19:00:31,CAM_JUNCTION_01,656,Car,0.859,9503,Westbound_Lane1,28.7,0
3611,2026-08-06 19:00:31,CAM_JUNCTION_01,656,Car,0.846,4521,Westbound_Lane1,43.5,0
3612,2026-08-06 19:00:31,CAM_JUNCTION_01,656,Car,0.785,4438,Northbound_Lane2,9.3,0
3613,2026-08-06 19:00:31,CAM_JUNCTION_01,656,Car,0.916,2954,Northbound_Lane1,30.1,0
3614,2026-08-06 19:00:31,CAM_JUNCTION_01,656,Motorcycle,0.857,5371,Northbound_Lane1,51.3,0
3615,2026-08-06 19:00:31,CAM_JUNCTION_01,657,Truck,0.89,5750,Northbound_Lane2,4.1,0
3616,2026-08-06 19:00:31,CAM_JUNCTION_01,657,Car,0.839,17065,Northbound_Lane2,40.5,0
3617,2026-08-06 19:00:32,CAM_JUNCTION_01,658,Car,0.841,7461,Northbound_Lane2,44.5,0
3618,2026-08-06 19:00:32,CAM_JUNCTION_01,658,Motorcycle,0.968,9476,Northbound_Lane1,41.4,0
3619,2026-08-06 19:00:32,CAM_JUNCTION_01,658,Car,0.961,11831,Westbound_Lane1,24.5,0
3620,2026-08-06 19:00:32,CAM_JUNCTION_01,658,Car,0.796,3456,Westbound_Lane1,38.3,0
3621,2026-08-06 19:00:32,CAM_JUNCTION_01,658,Car,0.973,9703,Eastbound_Lane1,11.8,0
3622,2026-08-06 19:00:32,CAM_JUNCTION_01,658,Car,0.891,12102,Eastbound_Lane1,16.4,0
3623,2026-08-06 19:00:32,CAM_JUNCTION_01,659,Car,0.86,13807,Eastbound_Lane1,26.9,0
3624,2026-08-06 19:00:32,CAM_JUNCTION_01,659,Car,0.825,7153,Westbound_Lane1,34.0,0
3625,2026-08-06 19:00:32,CAM_JUNCTION_01,659,Car,0.91,17768,Northbound_Lane2,42.1,0
3626,2026-08-06 19:00:32,CAM_JUNCTION_01,659,Truck,0.794,5416,Eastbound_Lane1,37.0,0
3627,2026-08-06 19:00:32,CAM_JUNCTION_01,659,Ambulance,0.844,12829,Northbound_Lane2,71.5,1
3628,2026-08-06 19:00:33,CAM_JUNCTION_01,660,Car,0.832,1671,Eastbound_Lane1,31.8,0
3629,2026-08-06 19:00:33,CAM_JUNCTION_01,660,Car,0.96,12846,Southbound_Lane1,2.5,0
3630,2026-08-06 19:00:33,CAM_JUNCTION_01,660,Car,0.825,5647,Westbound_Lane1,28.1,0
3631,2026-08-06 19:00:33,CAM_JUNCTION_01,660,Motorcycle,0.933,12875,Northbound_Lane1,48.6,0
3632,2026-08-06 19:00:33,CAM_JUNCTION_01,660,Car,0.909,16843,Eastbound_Lane1,2.8,0
3633,2026-08-06 19:00:33,CAM_JUNCTION_01,661,Car,0.939,1719,Westbound_Lane1,11.2,0
3634,2026-08-06 19:00:33,CAM_JUNCTION_01,661,Motorcycle,0.856,4784,Eastbound_Lane1,16.3,0
3635,2026-08-06 19:00:34,CAM_JUNCTION_01,662,Car,0.846,11066,Eastbound_Lane1,18.8,0
3636,2026-08-06 19:00:34,CAM_JUNCTION_01,662,Car,0.932,5979,Northbound_Lane2,53.3,0
3637,2026-08-06 19:00:34,CAM_JUNCTION_01,662,Car,0.913,11619,Eastbound_Lane1,10.8,0
3638,2026-08-06 19:00:34,CAM_JUNCTION_01,662,Car,0.973,15305,Westbound_Lane1,43.8,0
3639,2026-08-06 19:00:34,CAM_JUNCTION_01,663,Car,0.792,11886,Southbound_Lane1,0.8,0
3640,2026-08-06 19:00:34,CAM_JUNCTION_01,663,Car,0.826,17403,Westbound_Lane1,29.9,0
3641,2026-08-06 19:00:34,CAM_JUNCTION_01,663,Car,0.882,11310,Westbound_Lane1,5.3,0
3642,2026-08-06 19:00:34,CAM_JUNCTION_01,663,Ambulance,0.842,15878,Southbound_Lane1,49.5,1
3643,2026-08-06 19:00:34,CAM_JUNCTION_01,663,Car,0.943,10296,Southbound_Lane1,41.9,0
3644,2026-08-06 19:00:35,CAM_JUNCTION_01,664,Car,0.8,5389,Eastbound_Lane1,30.3,0
3645,2026-08-06 19:00:35,CAM_JUNCTION_01,664,Car,0.822,3135,Northbound_Lane2,53.6,0
3646,2026-08-06 19:00:35,CAM_JUNCTION_01,665,Car,0.865,16936,Northbound_Lane2,28.8,0
3647,2026-08-06 19:00:35,CAM_JUNCTION_01,665,Car,0.934,5162,Northbound_Lane1,26.0,0
3648,2026-08-06 19:00:35,CAM_JUNCTION_01,665,Car,0.967,15243,Northbound_Lane2,53.0,0
3649,2026-08-06 19:00:36,CAM_JUNCTION_01,666,Car,0.831,5630,Southbound_Lane1,32.1,0
3650,2026-08-06 19:00:36,CAM_JUNCTION_01,666,Car,0.852,5027,Northbound_Lane1,11.6,0
3651,2026-08-06 19:00:36,CAM_JUNCTION_01,667,Motorcycle,0.87,2895,Eastbound_Lane1,49.5,0
3652,2026-08-06 19:00:36,CAM_JUNCTION_01,667,Car,0.95,13145,Northbound_Lane2,19.7,0
3653,2026-08-06 19:00:36,CAM_JUNCTION_01,667,Car,0.888,13888,Westbound_Lane1,26.7,0
3654,2026-08-06 19:00:36,CAM_JUNCTION_01,667,Car,0.915,12065,Southbound_Lane1,3.2,0
3655,2026-08-06 19:00:36,CAM_JUNCTION_01,667,Rickshaw,0.934,16592,Westbound_Lane1,37.3,0
3656,2026-08-06 19:00:37,CAM_JUNCTION_01,668,Truck,0.913,14381,Westbound_Lane1,38.4,0
3657,2026-08-06 19:00:37,CAM_JUNCTION_01,668,Bus,0.918,2703,Eastbound_Lane1,53.5,0
3658,2026-08-06 19:00:37,CAM_JUNCTION_01,668,Car,0.887,17100,Northbound_Lane1,31.0,0
3659,2026-08-06 19:00:37,CAM_JUNCTION_01,668,Car,0.836,5238,Eastbound_Lane1,22.6,0
3660,2026-08-06 19:00:37,CAM_JUNCTION_01,668,Truck,0.873,1500,Northbound_Lane2,13.6,0
3661,2026-08-06 19:00:37,CAM_JUNCTION_01,668,Car,0.918,3556,Westbound_Lane1,6.9,0
3662,2026-08-06 19:00:37,CAM_JUNCTION_01,669,Car,0.865,2104,Northbound_Lane1,47.6,0
3663,2026-08-06 19:00:37,CAM_JUNCTION_01,669,Car,0.927,16765,Northbound_Lane1,11.1,0
3664,2026-08-06 19:00:37,CAM_JUNCTION_01,669,Car,0.835,5992,Northbound_Lane1,11.2,0
3665,2026-08-06 19:00:37,CAM_JUNCTION_01,669,Car,0.814,14020,Southbound_Lane1,54.7,0
3666,2026-08-06 19:00:37,CAM_JUNCTION_01,669,Car,0.965,13682,Eastbound_Lane1,23.1,0
3667,2026-08-06 19:00:38,CAM_JUNCTION_01,670,Car,0.796,4921,Westbound_Lane1,35.0,0
3668,2026-08-06 19:00:38,CAM_JUNCTION_01,670,Car,0.909,2373,Eastbound_Lane1,0.3,0
3669,2026-08-06 19:00:38,CAM_JUNCTION_01,670,Bus,0.783,10942,Westbound_Lane1,19.2,0
3670,2026-08-06 19:00:38,CAM_JUNCTION_01,670,Truck,0.839,6967,Westbound_Lane1,28.8,0
3671,2026-08-06 19:00:38,CAM_JUNCTION_01,670,Car,0.797,8827,Westbound_Lane1,12.8,0
3672,2026-08-06 19:00:38,CAM_JUNCTION_01,671,Motorcycle,0.829,4770,Southbound_Lane1,4.9,0
3673,2026-08-06 19:00:38,CAM_JUNCTION_01,671,Car,0.814,6902,Eastbound_Lane1,16.0,0
3674,2026-08-06 19:00:38,CAM_JUNCTION_01,671,Motorcycle,0.864,1580,Northbound_Lane1,30.1,0
3675,2026-08-06 19:00:38,CAM_JUNCTION_01,671,Motorcycle,0.84,13330,Eastbound_Lane1,23.1,0
3676,2026-08-06 19:00:39,CAM_JUNCTION_01,672,Motorcycle,0.975,17368,Southbound_Lane1,30.5,0
3677,2026-08-06 19:00:39,CAM_JUNCTION_01,672,Rickshaw,0.828,16808,Southbound_Lane1,12.8,0
3678,2026-08-06 19:00:39,CAM_JUNCTION_01,673,Car,0.83,10578,Eastbound_Lane1,54.2,0
3679,2026-08-06 19:00:39,CAM_JUNCTION_01,673,Car,0.896,11135,Southbound_Lane1,54.5,0
3680,2026-08-06 19:00:39,CAM_JUNCTION_01,673,Car,0.836,9817,Southbound_Lane1,13.5,0
3681,2026-08-06 19:00:39,CAM_JUNCTION_01,673,Car,0.873,2097,Eastbound_Lane1,51.9,0
3682,2026-08-06 19:00:39,CAM_JUNCTION_01,673,Car,0.821,10286,Westbound_Lane1,18.5,0
3683,2026-08-06 19:00:39,CAM_JUNCTION_01,673,Bus,0.97,13494,Southbound_Lane1,39.5,0
3684,2026-08-06 19:00:40,CAM_JUNCTION_01,674,Bus,0.903,10206,Westbound_Lane1,16.7,0
3685,2026-08-06 19:00:40,CAM_JUNCTION_01,674,Car,0.903,11997,Northbound_Lane2,6.7,0
3686,2026-08-06 19:00:40,CAM_JUNCTION_01,674,Car,0.831,14374,Eastbound_Lane1,34.0,0
3687,2026-08-06 19:00:40,CAM_JUNCTION_01,674,Car,0.969,16585,Eastbound_Lane1,47.2,0
3688,2026-08-06 19:00:40,CAM_JUNCTION_01,675,Bus,0.957,11916,Westbound_Lane1,37.1,0
3689,2026-08-06 19:00:40,CAM_JUNCTION_01,675,Bus,0.813,12512,Northbound_Lane2,0.5,0
3690,2026-08-06 19:00:40,CAM_JUNCTION_01,675,Car,0.93,1631,Northbound_Lane2,10.7,0
3691,2026-08-06 19:00:41,CAM_JUNCTION_01,676,Car,0.801,17997,Eastbound_Lane1,6.5,0
3692,2026-08-06 19:00:41,CAM_JUNCTION_01,676,Car,0.923,8193,Northbound_Lane2,3.1,0
3693,2026-08-06 19:00:41,CAM_JUNCTION_01,676,Car,0.84,2683,Southbound_Lane1,41.0,0
3694,2026-08-06 19:00:41,CAM_JUNCTION_01,676,Motorcycle,0.79,15176,Eastbound_Lane1,10.7,0
3695,2026-08-06 19:00:41,CAM_JUNCTION_01,676,Car,0.936,12099,Northbound_Lane1,24.2,0
3696,2026-08-06 19:00:41,CAM_JUNCTION_01,677,Motorcycle,0.902,5468,Westbound_Lane1,34.4,0
3697,2026-08-06 19:00:41,CAM_JUNCTION_01,677,Car,0.847,1980,Eastbound_Lane1,6.7,0
3698,2026-08-06 19:00:41,CAM_JUNCTION_01,677,Bus,0.859,12947,Eastbound_Lane1,31.8,0
3699,2026-08-06 19:00:41,CAM_JUNCTION_01,677,Car,0.863,13414,Northbound_Lane2,53.4,0
3700,2026-08-06 19:00:41,CAM_JUNCTION_01,677,Car,0.825,10302,Westbound_Lane1,12.8,0
3701,2026-08-06 19:00:42,CAM_JUNCTION_01,678,Car,0.88,3997,Eastbound_Lane1,35.8,0
3702,2026-08-06 19:00:42,CAM_JUNCTION_01,678,Motorcycle,0.863,2899,Northbound_Lane2,1.9,0
3703,2026-08-06 19:00:42,CAM_JUNCTION_01,679,Truck,0.978,10246,Northbound_Lane2,19.5,0
3704,2026-08-06 19:00:42,CAM_JUNCTION_01,679,Truck,0.809,12592,Southbound_Lane1,39.2,0
3705,2026-08-06 19:00:42,CAM_JUNCTION_01,679,Car,0.902,16935,Northbound_Lane1,5.0,0
3706,2026-08-06 19:00:42,CAM_JUNCTION_01,679,Car,0.979,7255,Northbound_Lane1,8.5,0
3707,2026-08-06 19:00:42,CAM_JUNCTION_01,679,Car,0.795,2285,Westbound_Lane1,15.3,0
3708,2026-08-06 19:00:43,CAM_JUNCTION_01,680,Car,0.936,16276,Eastbound_Lane1,42.7,0
3709,2026-08-06 19:00:43,CAM_JUNCTION_01,680,Car,0.923,17664,Southbound_Lane1,50.6,0
3710,2026-08-06 19:00:43,CAM_JUNCTION_01,680,Car,0.89,16873,Eastbound_Lane1,42.5,0
3711,2026-08-06 19:00:43,CAM_JUNCTION_01,680,Car,0.804,16926,Eastbound_Lane1,27.5,0
3712,2026-08-06 19:00:43,CAM_JUNCTION_01,680,Motorcycle,0.938,5840,Westbound_Lane1,43.6,0
3713,2026-08-06 19:00:43,CAM_JUNCTION_01,680,Car,0.813,7970,Westbound_Lane1,21.1,0
3714,2026-08-06 19:00:43,CAM_JUNCTION_01,681,Car,0.812,8456,Westbound_Lane1,10.8,0
3715,2026-08-06 19:00:43,CAM_JUNCTION_01,681,Car,0.815,7684,Westbound_Lane1,34.2,0
3716,2026-08-06 19:00:43,CAM_JUNCTION_01,681,Bus,0.92,5080,Northbound_Lane2,23.7,0
3717,2026-08-06 19:00:43,CAM_JUNCTION_01,681,Bus,0.91,8146,Northbound_Lane1,43.7,0
3718,2026-08-06 19:00:44,CAM_JUNCTION_01,682,Car,0.9,17261,Southbound_Lane1,44.0,0
3719,2026-08-06 19:00:44,CAM_JUNCTION_01,682,Car,0.948,13550,Northbound_Lane1,54.5,0
3720,2026-08-06 19:00:44,CAM_JUNCTION_01,682,Car,0.889,13654,Northbound_Lane1,51.9,0
3721,2026-08-06 19:00:44,CAM_JUNCTION_01,682,Car,0.812,17143,Northbound_Lane1,45.6,0
3722,2026-08-06 19:00:44,CAM_JUNCTION_01,682,Car,0.866,8691,Westbound_Lane1,39.0,0
3723,2026-08-06 19:00:44,CAM_JUNCTION_01,683,Car,0.898,3669,Northbound_Lane1,7.3,0
3724,2026-08-06 19:00:44,CAM_JUNCTION_01,683,Car,0.784,8357,Northbound_Lane2,52.6,0
3725,2026-08-06 19:00:44,CAM_JUNCTION_01,683,Car,0.799,7270,Northbound_Lane1,53.3,0
3726,2026-08-06 19:00:44,CAM_JUNCTION_01,683,Car,0.975,15769,Southbound_Lane1,15.9,0
3727,2026-08-06 19:00:44,CAM_JUNCTION_01,683,Car,0.814,7895,Northbound_Lane1,28.3,0
3728,2026-08-06 19:00:44,CAM_JUNCTION_01,683,Car,0.895,2334,Northbound_Lane1,7.4,0
3729,2026-08-06 19:00:45,CAM_JUNCTION_01,684,Car,0.962,17291,Eastbound_Lane1,15.8,0
3730,2026-08-06 19:00:45,CAM_JUNCTION_01,684,Bus,0.861,13808,Southbound_Lane1,8.4,0
3731,2026-08-06 19:00:45,CAM_JUNCTION_01,684,Car,0.967,14493,Westbound_Lane1,45.4,0
3732,2026-08-06 19:00:45,CAM_JUNCTION_01,684,Car,0.803,8590,Westbound_Lane1,31.7,0
3733,2026-08-06 19:00:45,CAM_JUNCTION_01,684,Car,0.791,13112,Northbound_Lane2,26.6,0
3734,2026-08-06 19:00:45,CAM_JUNCTION_01,684,Car,0.913,1512,Northbound_Lane2,28.2,0
3735,2026-08-06 19:00:45,CAM_JUNCTION_01,685,Car,0.812,7229,Southbound_Lane1,44.4,0
3736,2026-08-06 19:00:45,CAM_JUNCTION_01,685,Car,0.814,8140,Northbound_Lane1,45.3,0
3737,2026-08-06 19:00:45,CAM_JUNCTION_01,685,Car,0.96,2600,Northbound_Lane2,5.9,0
3738,2026-08-06 19:00:46,CAM_JUNCTION_01,686,Car,0.819,2170,Northbound_Lane2,16.5,0
3739,2026-08-06 19:00:46,CAM_JUNCTION_01,686,Truck,0.907,4820,Eastbound_Lane1,22.1,0
3740,2026-08-06 19:00:46,CAM_JUNCTION_01,686,Rickshaw,0.832,10976,Eastbound_Lane1,29.1,0
3741,2026-08-06 19:00:46,CAM_JUNCTION_01,686,Car,0.966,9328,Westbound_Lane1,48.3,0
3742,2026-08-06 19:00:46,CAM_JUNCTION_01,687,Truck,0.907,14576,Northbound_Lane2,42.0,0
3743,2026-08-06 19:00:46,CAM_JUNCTION_01,687,Car,0.901,10181,Eastbound_Lane1,19.1,0
3744,2026-08-06 19:00:46,CAM_JUNCTION_01,687,Car,0.827,7926,Northbound_Lane2,6.9,0
3745,2026-08-06 19:00:47,CAM_JUNCTION_01,688,Car,0.959,16193,Eastbound_Lane1,14.0,0
3746,2026-08-06 19:00:47,CAM_JUNCTION_01,688,Car,0.908,15437,Westbound_Lane1,35.7,0
3747,2026-08-06 19:00:47,CAM_JUNCTION_01,688,Car,0.952,7238,Westbound_Lane1,31.9,0
3748,2026-08-06 19:00:47,CAM_JUNCTION_01,688,Car,0.89,8506,Eastbound_Lane1,38.2,0
3749,2026-08-06 19:00:47,CAM_JUNCTION_01,688,Car,0.879,17338,Northbound_Lane2,38.8,0
3750,2026-08-06 19:00:47,CAM_JUNCTION_01,689,Car,0.948,9915,Southbound_Lane1,15.0,0
3751,2026-08-06 19:00:47,CAM_JUNCTION_01,689,Truck,0.866,3958,Westbound_Lane1,21.7,0
3752,2026-08-06 19:00:47,CAM_JUNCTION_01,689,Car,0.963,12691,Westbound_Lane1,27.0,0
3753,2026-08-06 19:00:48,CAM_JUNCTION_01,690,Car,0.783,3442,Southbound_Lane1,32.5,0
3754,2026-08-06 19:00:48,CAM_JUNCTION_01,690,Car,0.909,8462,Southbound_Lane1,2.3,0
3755,2026-08-06 19:00:48,CAM_JUNCTION_01,690,Truck,0.837,15106,Eastbound_Lane1,16.4,0
3756,2026-08-06 19:00:48,CAM_JUNCTION_01,690,Car,0.897,2144,Northbound_Lane2,30.6,0
3757,2026-08-06 19:00:48,CAM_JUNCTION_01,690,Rickshaw,0.958,4048,Northbound_Lane2,51.0,0
3758,2026-08-06 19:00:48,CAM_JUNCTION_01,690,Car,0.88,9004,Westbound_Lane1,13.7,0
3759,2026-08-06 19:00:48,CAM_JUNCTION_01,691,Car,0.827,7711,Northbound_Lane1,48.8,0
3760,2026-08-06 19:00:48,CAM_JUNCTION_01,691,Motorcycle,0.924,2259,Eastbound_Lane1,30.9,0
3761,2026-08-06 19:00:48,CAM_JUNCTION_01,691,Car,0.784,14671,Eastbound_Lane1,3.4,0
3762,2026-08-06 19:00:48,CAM_JUNCTION_01,691,Bus,0.914,3896,Northbound_Lane2,36.7,0
3763,2026-08-06 19:00:48,CAM_JUNCTION_01,691,Car,0.873,1613,Westbound_Lane1,34.1,0
3764,2026-08-06 19:00:49,CAM_JUNCTION_01,692,Car,0.797,9240,Eastbound_Lane1,44.9,0
3765,2026-08-06 19:00:49,CAM_JUNCTION_01,692,Car,0.954,3370,Northbound_Lane2,49.1,0
3766,2026-08-06 19:00:49,CAM_JUNCTION_01,692,Car,0.931,3399,Northbound_Lane1,0.5,0
3767,2026-08-06 19:00:49,CAM_JUNCTION_01,692,Rickshaw,0.94,9754,Southbound_Lane1,4.1,0
3768,2026-08-06 19:00:49,CAM_JUNCTION_01,693,Car,0.929,16019,Southbound_Lane1,5.9,0
3769,2026-08-06 19:00:49,CAM_JUNCTION_01,693,Car,0.867,2564,Eastbound_Lane1,16.1,0
3770,2026-08-06 19:00:49,CAM_JUNCTION_01,693,Car,0.828,11286,Westbound_Lane1,35.7,0
3771,2026-08-06 19:00:49,CAM_JUNCTION_01,693,Motorcycle,0.844,11796,Southbound_Lane1,36.0,0
3772,2026-08-06 19:00:50,CAM_JUNCTION_01,694,Bus,0.896,11304,Southbound_Lane1,26.6,0
3773,2026-08-06 19:00:50,CAM_JUNCTION_01,694,Car,0.844,7289,Westbound_Lane1,52.5,0
3774,2026-08-06 19:00:50,CAM_JUNCTION_01,694,Car,0.882,17778,Eastbound_Lane1,13.3,0
3775,2026-08-06 19:00:50,CAM_JUNCTION_01,694,Car,0.812,12240,Westbound_Lane1,46.3,0
3776,2026-08-06 19:00:50,CAM_JUNCTION_01,694,Motorcycle,0.904,4557,Northbound_Lane1,42.5,0
3777,2026-08-06 19:00:50,CAM_JUNCTION_01,695,Car,0.781,15499,Northbound_Lane2,3.1,0
3778,2026-08-06 19:00:50,CAM_JUNCTION_01,695,Car,0.954,1775,Northbound_Lane1,30.2,0
3779,2026-08-06 19:00:50,CAM_JUNCTION_01,695,Truck,0.866,16723,Westbound_Lane1,21.3,0
3780,2026-08-06 19:00:50,CAM_JUNCTION_01,695,Car,0.962,8787,Eastbound_Lane1,37.8,0
3781,2026-08-06 19:00:50,CAM_JUNCTION_01,695,Car,0.953,11291,Northbound_Lane2,16.8,0
3782,2026-08-06 19:00:50,CAM_JUNCTION_01,695,Motorcycle,0.904,8237,Southbound_Lane1,5.2,0
3783,2026-08-06 19:00:51,CAM_JUNCTION_01,696,Bus,0.784,7485,Southbound_Lane1,5.7,0
3784,2026-08-06 19:00:51,CAM_JUNCTION_01,696,Car,0.97,7243,Northbound_Lane2,14.8,0
3785,2026-08-06 19:00:51,CAM_JUNCTION_01,697,Car,0.909,3967,Northbound_Lane1,18.7,0
3786,2026-08-06 19:00:51,CAM_JUNCTION_01,697,Car,0.891,13720,Westbound_Lane1,43.4,0
3787,2026-08-06 19:00:51,CAM_JUNCTION_01,697,Car,0.809,6005,Northbound_Lane1,44.2,0
3788,2026-08-06 19:00:51,CAM_JUNCTION_01,697,Motorcycle,0.926,5454,Northbound_Lane2,10.3,0
3789,2026-08-06 19:00:52,CAM_JUNCTION_01,698,Car,0.789,11947,Eastbound_Lane1,41.8,0
3790,2026-08-06 19:00:52,CAM_JUNCTION_01,698,Car,0.878,6539,Westbound_Lane1,24.3,0
3791,2026-08-06 19:00:52,CAM_JUNCTION_01,698,Car,0.889,17023,Westbound_Lane1,53.5,0
3792,2026-08-06 19:00:52,CAM_JUNCTION_01,699,Car,0.887,4360,Eastbound_Lane1,23.2,0
3793,2026-08-06 19:00:52,CAM_JUNCTION_01,699,Car,0.863,6935,Eastbound_Lane1,17.6,0
3794,2026-08-06 19:00:53,CAM_JUNCTION_01,700,Car,0.961,7126,Eastbound_Lane1,13.4,0
3795,2026-08-06 19:00:53,CAM_JUNCTION_01,700,Car,0.888,15467,Southbound_Lane1,43.9,0
3796,2026-08-06 19:00:53,CAM_JUNCTION_01,700,Car,0.804,7191,Eastbound_Lane1,14.7,0
3797,2026-08-06 19:00:53,CAM_JUNCTION_01,700,Car,0.858,12770,Southbound_Lane1,19.9,0
3798,2026-08-06 19:00:53,CAM_JUNCTION_01,700,Car,0.922,3408,Northbound_Lane1,37.9,0
3799,2026-08-06 19:00:53,CAM_JUNCTION_01,700,Car,0.828,3085,Northbound_Lane2,10.9,0
3800,2026-08-06 19:00:53,CAM_JUNCTION_01,701,Car,0.967,11477,Westbound_Lane1,37.8,0
3801,2026-08-06 19:00:53,CAM_JUNCTION_01,701,Car,0.866,1939,Northbound_Lane2,11.8,0
3802,2026-08-06 19:00:53,CAM_JUNCTION_01,701,Motorcycle,0.885,2417,Eastbound_Lane1,7.5,0
3803,2026-08-06 19:00:53,CAM_JUNCTION_01,701,Car,0.801,8011,Northbound_Lane2,12.5,0
3804,2026-08-06 19:00:53,CAM_JUNCTION_01,701,Car,0.903,3225,Eastbound_Lane1,13.8,0
3805,2026-08-06 19:00:53,CAM_JUNCTION_01,701,Car,0.875,7995,Eastbound_Lane1,24.9,0
3806,2026-08-06 19:00:54,CAM_JUNCTION_01,702,Car,0.828,15485,Southbound_Lane1,17.5,0
3807,2026-08-06 19:00:54,CAM_JUNCTION_01,702,Car,0.945,12836,Northbound_Lane2,16.6,0
3808,2026-08-06 19:00:54,CAM_JUNCTION_01,703,Car,0.881,15840,Southbound_Lane1,17.7,0
3809,2026-08-06 19:00:54,CAM_JUNCTION_01,703,Car,0.947,14629,Eastbound_Lane1,17.0,0
3810,2026-08-06 19:00:54,CAM_JUNCTION_01,703,Motorcycle,0.943,11044,Eastbound_Lane1,33.6,0
3811,2026-08-06 19:00:54,CAM_JUNCTION_01,703,Car,0.827,16862,Westbound_Lane1,13.3,0
3812,2026-08-06 19:00:54,CAM_JUNCTION_01,703,Car,0.822,7784,Northbound_Lane1,38.0,0
3813,2026-08-06 19:00:54,CAM_JUNCTION_01,703,Car,0.806,3889,Eastbound_Lane1,20.1,0
3814,2026-08-06 19:00:55,CAM_JUNCTION_01,704,Car,0.861,8086,Westbound_Lane1,41.9,0
3815,2026-08-06 19:00:55,CAM_JUNCTION_01,704,Car,0.819,4666,Westbound_Lane1,27.4,0
3816,2026-08-06 19:00:55,CAM_JUNCTION_01,704,Car,0.914,13928,Westbound_Lane1,45.9,0
3817,2026-08-06 19:00:55,CAM_JUNCTION_01,704,Car,0.898,6927,Westbound_Lane1,36.0,0
3818,2026-08-06 19:00:55,CAM_JUNCTION_01,704,Car,0.965,16410,Eastbound_Lane1,28.5,0
3819,2026-08-06 19:00:55,CAM_JUNCTION_01,704,Car,0.791,17455,Northbound_Lane2,36.1,0
3820,2026-08-06 19:00:55,CAM_JUNCTION_01,705,Car,0.907,13125,Northbound_Lane2,1.6,0
3821,2026-08-06 19:00:55,CAM_JUNCTION_01,705,Car,0.867,17879,Westbound_Lane1,52.4,0
3822,2026-08-06 19:00:55,CAM_JUNCTION_01,705,Car,0.976,16265,Northbound_Lane2,35.5,0
3823,2026-08-06 19:00:55,CAM_JUNCTION_01,705,Bus,0.802,2878,Northbound_Lane1,46.7,0
3824,2026-08-06 19:00:55,CAM_JUNCTION_01,705,Car,0.847,17360,Southbound_Lane1,9.1,0
3825,2026-08-06 19:00:56,CAM_JUNCTION_01,706,Motorcycle,0.836,9368,Eastbound_Lane1,1.3,0
3826,2026-08-06 19:00:56,CAM_JUNCTION_01,706,Car,0.888,2663,Southbound_Lane1,26.0,0
3827,2026-08-06 19:00:56,CAM_JUNCTION_01,706,Rickshaw,0.805,8205,Westbound_Lane1,53.1,0
3828,2026-08-06 19:00:56,CAM_JUNCTION_01,707,Car,0.907,14294,Eastbound_Lane1,2.4,0
3829,2026-08-06 19:00:56,CAM_JUNCTION_01,707,Car,0.923,12084,Westbound_Lane1,14.7,0
3830,2026-08-06 19:00:56,CAM_JUNCTION_01,707,Car,0.781,7236,Northbound_Lane1,53.2,0
3831,2026-08-06 19:00:56,CAM_JUNCTION_01,707,Car,0.81,6407,Northbound_Lane1,2.1,0
3832,2026-08-06 19:00:57,CAM_JUNCTION_01,708,Car,0.924,17051,Northbound_Lane2,7.8,0
3833,2026-08-06 19:00:57,CAM_JUNCTION_01,708,Car,0.961,3405,Southbound_Lane1,5.6,0
3834,2026-08-06 19:00:57,CAM_JUNCTION_01,708,Car,0.838,1270,Northbound_Lane2,14.2,0
3835,2026-08-06 19:00:57,CAM_JUNCTION_01,709,Car,0.822,12512,Northbound_Lane1,20.2,0
3836,2026-08-06 19:00:57,CAM_JUNCTION_01,709,Car,0.812,14008,Northbound_Lane2,18.2,0
3837,2026-08-06 19:00:57,CAM_JUNCTION_01,709,Motorcycle,0.909,7208,Eastbound_Lane1,51.1,0
3838,2026-08-06 19:00:57,CAM_JUNCTION_01,709,Car,0.921,16796,Eastbound_Lane1,48.3,0
3839,2026-08-06 19:00:58,CAM_JUNCTION_01,710,Car,0.956,10908,Eastbound_Lane1,25.1,0
3840,2026-08-06 19:00:58,CAM_JUNCTION_01,710,Rickshaw,0.888,15015,Westbound_Lane1,47.2,0
3841,2026-08-06 19:00:58,CAM_JUNCTION_01,711,Car,0.962,13555,Northbound_Lane2,14.9,0
3842,2026-08-06 19:00:58,CAM_JUNCTION_01,711,Car,0.846,1881,Westbound_Lane1,36.1,0
3843,2026-08-06 19:00:58,CAM_JUNCTION_01,711,Car,0.816,7333,Westbound_Lane1,0.9,0
3844,2026-08-06 19:00:58,CAM_JUNCTION_01,711,Car,0.885,6833,Northbound_Lane1,1.6,0
3845,2026-08-06 19:00:58,CAM_JUNCTION_01,711,Bus,0.965,3496,Westbound_Lane1,13.3,0
3846,2026-08-06 19:00:58,CAM_JUNCTION_01,711,Motorcycle,0.79,15131,Eastbound_Lane1,6.6,0
3847,2026-08-06 19:00:59,CAM_JUNCTION_01,712,Car,0.96,16074,Northbound_Lane2,42.7,0
3848,2026-08-06 19:00:59,CAM_JUNCTION_01,712,Car,0.909,1255,Northbound_Lane1,4.0,0
3849,2026-08-06 19:00:59,CAM_JUNCTION_01,713,Car,0.878,16929,Southbound_Lane1,34.6,0
3850,2026-08-06 19:00:59,CAM_JUNCTION_01,713,Car,0.946,6433,Eastbound_Lane1,33.3,0
3851,2026-08-06 19:01:00,CAM_JUNCTION_01,714,Car,0.793,6231,Westbound_Lane1,49.3,0
3852,2026-08-06 19:01:00,CAM_JUNCTION_01,714,Motorcycle,0.927,1553,Northbound_Lane2,20.4,0
3853,2026-08-06 19:01:00,CAM_JUNCTION_01,714,Motorcycle,0.884,10494,Westbound_Lane1,19.9,0
3854,2026-08-06 19:01:00,CAM_JUNCTION_01,715,Car,0.824,13184,Southbound_Lane1,53.4,0
3855,2026-08-06 19:01:00,CAM_JUNCTION_01,715,Car,0.939,6171,Eastbound_Lane1,31.1,0
3856,2026-08-06 19:01:00,CAM_JUNCTION_01,715,Car,0.878,16330,Eastbound_Lane1,9.3,0
3857,2026-08-06 19:01:00,CAM_JUNCTION_01,715,Bus,0.843,5776,Northbound_Lane1,24.4,0
3858,2026-08-06 19:01:00,CAM_JUNCTION_01,715,Truck,0.876,16867,Eastbound_Lane1,29.9,0
3859,2026-08-06 19:01:01,CAM_JUNCTION_01,716,Car,0.843,2904,Northbound_Lane1,20.3,0
3860,2026-08-06 19:01:01,CAM_JUNCTION_01,716,Car,0.858,12249,Northbound_Lane1,2.6,0
3861,2026-08-06 19:01:01,CAM_JUNCTION_01,716,Car,0.824,13976,Westbound_Lane1,17.9,0
3862,2026-08-06 19:01:01,CAM_JUNCTION_01,716,Car,0.949,14237,Southbound_Lane1,53.5,0
3863,2026-08-06 19:01:01,CAM_JUNCTION_01,717,Car,0.808,14491,Southbound_Lane1,55.0,0
3864,2026-08-06 19:01:01,CAM_JUNCTION_01,717,Car,0.81,10964,Northbound_Lane2,17.2,0
3865,2026-08-06 19:01:01,CAM_JUNCTION_01,717,Car,0.835,5196,Eastbound_Lane1,3.2,0
3866,2026-08-06 19:01:01,CAM_JUNCTION_01,717,Motorcycle,0.802,10382,Westbound_Lane1,8.2,0
3867,2026-08-06 19:01:02,CAM_JUNCTION_01,718,Car,0.827,9120,Eastbound_Lane1,39.4,0
3868,2026-08-06 19:01:02,CAM_JUNCTION_01,718,Car,0.809,7347,Westbound_Lane1,45.0,0
3869,2026-08-06 19:01:02,CAM_JUNCTION_01,719,Bus,0.812,15594,Eastbound_Lane1,14.3,0
3870,2026-08-06 19:01:02,CAM_JUNCTION_01,719,Car,0.85,13681,Northbound_Lane1,1.2,0
3871,2026-08-06 19:01:02,CAM_JUNCTION_01,719,Car,0.939,14688,Eastbound_Lane1,32.0,0
3872,2026-08-06 19:01:02,CAM_JUNCTION_01,719,Car,0.782,4907,Northbound_Lane2,52.9,0
3873,2026-08-06 19:01:02,CAM_JUNCTION_01,719,Car,0.893,4152,Southbound_Lane1,29.7,0
3874,2026-08-06 19:01:03,CAM_JUNCTION_01,720,Car,0.91,5080,Westbound_Lane1,50.6,0
3875,2026-08-06 19:01:03,CAM_JUNCTION_01,720,Car,0.878,15213,Southbound_Lane1,19.1,0
3876,2026-08-06 19:01:03,CAM_JUNCTION_01,720,Car,0.932,6498,Eastbound_Lane1,27.8,0
3877,2026-08-06 19:01:03,CAM_JUNCTION_01,720,Car,0.936,5220,Eastbound_Lane1,15.4,0
3878,2026-08-06 19:01:03,CAM_JUNCTION_01,720,Car,0.882,16066,Eastbound_Lane1,32.4,0
3879,2026-08-06 19:01:03,CAM_JUNCTION_01,720,Car,0.79,8882,Northbound_Lane1,8.3,0
3880,2026-08-06 19:01:03,CAM_JUNCTION_01,721,Car,0.814,5610,Westbound_Lane1,49.8,0
3881,2026-08-06 19:01:03,CAM_JUNCTION_01,721,Car,0.863,7723,Northbound_Lane2,32.5,0
3882,2026-08-06 19:01:03,CAM_JUNCTION_01,721,Car,0.832,2174,Southbound_Lane1,11.1,0
3883,2026-08-06 19:01:04,CAM_JUNCTION_01,722,Car,0.917,1861,Westbound_Lane1,19.8,0
3884,2026-08-06 19:01:04,CAM_JUNCTION_01,722,Car,0.813,2222,Westbound_Lane1,27.2,0
3885,2026-08-06 19:01:04,CAM_JUNCTION_01,722,Car,0.928,7509,Northbound_Lane2,52.3,0
3886,2026-08-06 19:01:04,CAM_JUNCTION_01,722,Car,0.845,10306,Eastbound_Lane1,43.4,0
3887,2026-08-06 19:01:04,CAM_JUNCTION_01,722,Car,0.856,11070,Southbound_Lane1,49.7,0
3888,2026-08-06 19:01:04,CAM_JUNCTION_01,723,Car,0.871,2962,Southbound_Lane1,42.0,0
3889,2026-08-06 19:01:04,CAM_JUNCTION_01,723,Car,0.833,10981,Eastbound_Lane1,0.3,0
3890,2026-08-06 19:01:04,CAM_JUNCTION_01,723,Car,0.844,11391,Westbound_Lane1,50.6,0
3891,2026-08-06 19:01:05,CAM_JUNCTION_01,724,Bus,0.833,1223,Eastbound_Lane1,6.4,0
3892,2026-08-06 19:01:05,CAM_JUNCTION_01,724,Car,0.962,13543,Westbound_Lane1,51.9,0
3893,2026-08-06 19:01:05,CAM_JUNCTION_01,724,Rickshaw,0.873,7295,Northbound_Lane1,37.2,0
3894,2026-08-06 19:01:05,CAM_JUNCTION_01,725,Bus,0.959,4302,Northbound_Lane2,49.0,0
3895,2026-08-06 19:01:05,CAM_JUNCTION_01,725,Car,0.793,7524,Northbound_Lane2,46.1,0
3896,2026-08-06 19:01:06,CAM_JUNCTION_01,726,Car,0.835,3781,Westbound_Lane1,43.8,0
3897,2026-08-06 19:01:06,CAM_JUNCTION_01,726,Car,0.954,6042,Westbound_Lane1,26.0,0
3898,2026-08-06 19:01:06,CAM_JUNCTION_01,726,Car,0.864,3404,Southbound_Lane1,29.9,0
3899,2026-08-06 19:01:06,CAM_JUNCTION_01,726,Car,0.84,11142,Eastbound_Lane1,54.2,0
3900,2026-08-06 19:01:06,CAM_JUNCTION_01,726,Car,0.872,16614,Eastbound_Lane1,13.9,0
3901,2026-08-06 19:01:06,CAM_JUNCTION_01,726,Car,0.9,16483,Southbound_Lane1,39.0,0
3902,2026-08-06 19:01:06,CAM_JUNCTION_01,727,Car,0.849,9610,Northbound_Lane1,11.7,0
3903,2026-08-06 19:01:06,CAM_JUNCTION_01,727,Bus,0.819,11949,Northbound_Lane1,38.2,0
3904,2026-08-06 19:01:06,CAM_JUNCTION_01,727,Car,0.849,16206,Westbound_Lane1,44.4,0
3905,2026-08-06 19:01:06,CAM_JUNCTION_01,727,Car,0.966,17077,Southbound_Lane1,23.6,0
3906,2026-08-06 19:01:06,CAM_JUNCTION_01,727,Car,0.804,1512,Westbound_Lane1,13.8,0
3907,2026-08-06 19:01:07,CAM_JUNCTION_01,728,Car,0.974,5280,Northbound_Lane1,26.2,0
3908,2026-08-06 19:01:07,CAM_JUNCTION_01,728,Car,0.919,13963,Eastbound_Lane1,4.9,0
3909,2026-08-06 19:01:07,CAM_JUNCTION_01,728,Car,0.93,15044,Northbound_Lane1,23.6,0
3910,2026-08-06 19:01:07,CAM_JUNCTION_01,729,Truck,0.782,16732,Westbound_Lane1,24.7,0
3911,2026-08-06 19:01:07,CAM_JUNCTION_01,729,Car,0.801,15104,Westbound_Lane1,11.6,0
3912,2026-08-06 19:01:07,CAM_JUNCTION_01,729,Car,0.829,4073,Eastbound_Lane1,21.8,0
3913,2026-08-06 19:01:07,CAM_JUNCTION_01,729,Truck,0.943,6792,Northbound_Lane2,11.7,0
3914,2026-08-06 19:01:08,CAM_JUNCTION_01,730,Car,0.936,17369,Westbound_Lane1,44.8,0
3915,2026-08-06 19:01:08,CAM_JUNCTION_01,730,Bus,0.859,15082,Southbound_Lane1,45.9,0
3916,2026-08-06 19:01:08,CAM_JUNCTION_01,730,Car,0.907,17871,Westbound_Lane1,41.6,0
3917,2026-08-06 19:01:08,CAM_JUNCTION_01,730,Car,0.791,14460,Eastbound_Lane1,5.6,0
3918,2026-08-06 19:01:08,CAM_JUNCTION_01,731,Car,0.794,8444,Westbound_Lane1,14.4,0
3919,2026-08-06 19:01:08,CAM_JUNCTION_01,731,Rickshaw,0.931,1884,Westbound_Lane1,46.2,0
3920,2026-08-06 19:01:08,CAM_JUNCTION_01,731,Car,0.853,5251,Northbound_Lane1,2.8,0
3921,2026-08-06 19:01:08,CAM_JUNCTION_01,731,Motorcycle,0.965,11206,Westbound_Lane1,33.4,0
3922,2026-08-06 19:01:08,CAM_JUNCTION_01,731,Car,0.852,17531,Northbound_Lane1,14.6,0
3923,2026-08-06 19:01:09,CAM_JUNCTION_01,732,Car,0.932,16885,Northbound_Lane1,37.6,0
3924,2026-08-06 19:01:09,CAM_JUNCTION_01,732,Car,0.911,3062,Northbound_Lane1,4.4,0
3925,2026-08-06 19:01:09,CAM_JUNCTION_01,732,Car,0.868,12972,Northbound_Lane2,33.9,0
3926,2026-08-06 19:01:09,CAM_JUNCTION_01,732,Car,0.876,9814,Southbound_Lane1,39.5,0
3927,2026-08-06 19:01:09,CAM_JUNCTION_01,732,Car,0.899,5068,Northbound_Lane1,41.3,0
3928,2026-08-06 19:01:09,CAM_JUNCTION_01,732,Car,0.956,9700,Eastbound_Lane1,11.5,0
3929,2026-08-06 19:01:09,CAM_JUNCTION_01,733,Car,0.862,10756,Northbound_Lane1,10.4,0
3930,2026-08-06 19:01:09,CAM_JUNCTION_01,733,Car,0.875,8378,Eastbound_Lane1,45.0,0
3931,2026-08-06 19:01:09,CAM_JUNCTION_01,733,Bus,0.906,14943,Southbound_Lane1,0.2,0
3932,2026-08-06 19:01:10,CAM_JUNCTION_01,734,Car,0.864,4874,Westbound_Lane1,40.9,0
3933,2026-08-06 19:01:10,CAM_JUNCTION_01,734,Car,0.948,6198,Northbound_Lane1,31.1,0
3934,2026-08-06 19:01:10,CAM_JUNCTION_01,734,Bus,0.952,10863,Northbound_Lane2,33.4,0
3935,2026-08-06 19:01:10,CAM_JUNCTION_01,734,Car,0.966,10044,Northbound_Lane2,10.2,0
3936,2026-08-06 19:01:10,CAM_JUNCTION_01,735,Car,0.896,17197,Eastbound_Lane1,17.5,0
3937,2026-08-06 19:01:10,CAM_JUNCTION_01,735,Car,0.825,9587,Southbound_Lane1,41.0,0
3938,2026-08-06 19:01:11,CAM_JUNCTION_01,736,Car,0.938,2781,Northbound_Lane1,39.5,0
3939,2026-08-06 19:01:11,CAM_JUNCTION_01,736,Car,0.885,4270,Westbound_Lane1,27.2,0
3940,2026-08-06 19:01:11,CAM_JUNCTION_01,736,Car,0.807,7435,Southbound_Lane1,46.4,0
3941,2026-08-06 19:01:11,CAM_JUNCTION_01,736,Car,0.856,10212,Westbound_Lane1,31.4,0
3942,2026-08-06 19:01:11,CAM_JUNCTION_01,736,Car,0.873,11303,Southbound_Lane1,6.2,0
3943,2026-08-06 19:01:11,CAM_JUNCTION_01,736,Car,0.863,12935,Northbound_Lane2,53.8,0
3944,2026-08-06 19:01:11,CAM_JUNCTION_01,737,Car,0.875,2038,Southbound_Lane1,34.5,0
3945,2026-08-06 19:01:11,CAM_JUNCTION_01,737,Truck,0.935,4167,Northbound_Lane2,36.2,0
3946,2026-08-06 19:01:11,CAM_JUNCTION_01,737,Ambulance,0.792,5532,Westbound_Lane1,66.9,1
3947,2026-08-06 19:01:11,CAM_JUNCTION_01,737,Car,0.891,4852,Northbound_Lane2,30.8,0
3948,2026-08-06 19:01:11,CAM_JUNCTION_01,737,Car,0.874,3791,Southbound_Lane1,39.3,0
3949,2026-08-06 19:01:12,CAM_JUNCTION_01,738,Car,0.817,11390,Westbound_Lane1,51.4,0
3950,2026-08-06 19:01:12,CAM_JUNCTION_01,738,Motorcycle,0.814,16890,Eastbound_Lane1,8.2,0
3951,2026-08-06 19:01:12,CAM_JUNCTION_01,738,Car,0.943,11646,Eastbound_Lane1,18.1,0
3952,2026-08-06 19:01:12,CAM_JUNCTION_01,739,Car,0.92,16519,Northbound_Lane2,47.6,0
3953,2026-08-06 19:01:12,CAM_JUNCTION_01,739,Car,0.9,11024,Northbound_Lane2,49.4,0
3954,2026-08-06 19:01:12,CAM_JUNCTION_01,739,Car,0.911,7397,Westbound_Lane1,26.0,0
3955,2026-08-06 19:01:13,CAM_JUNCTION_01,740,Car,0.89,3024,Southbound_Lane1,7.4,0
3956,2026-08-06 19:01:13,CAM_JUNCTION_01,740,Car,0.917,4785,Southbound_Lane1,6.6,0
3957,2026-08-06 19:01:13,CAM_JUNCTION_01,740,Car,0.806,4960,Southbound_Lane1,15.8,0
3958,2026-08-06 19:01:13,CAM_JUNCTION_01,740,Car,0.832,5797,Northbound_Lane1,12.9,0
3959,2026-08-06 19:01:13,CAM_JUNCTION_01,740,Bus,0.824,6842,Southbound_Lane1,40.0,0
3960,2026-08-06 19:01:13,CAM_JUNCTION_01,741,Car,0.857,1852,Southbound_Lane1,37.5,0
3961,2026-08-06 19:01:13,CAM_JUNCTION_01,741,Car,0.957,14753,Northbound_Lane1,14.3,0
3962,2026-08-06 19:01:13,CAM_JUNCTION_01,741,Car,0.857,5572,Northbound_Lane1,27.3,0
3963,2026-08-06 19:01:14,CAM_JUNCTION_01,742,Car,0.866,15251,Northbound_Lane2,49.9,0
3964,2026-08-06 19:01:14,CAM_JUNCTION_01,742,Car,0.789,11918,Northbound_Lane1,54.3,0
3965,2026-08-06 19:01:14,CAM_JUNCTION_01,743,Car,0.825,3309,Southbound_Lane1,23.5,0
3966,2026-08-06 19:01:14,CAM_JUNCTION_01,743,Car,0.823,10930,Northbound_Lane2,6.2,0
3967,2026-08-06 19:01:14,CAM_JUNCTION_01,743,Car,0.953,17684,Northbound_Lane1,6.2,0
3968,2026-08-06 19:01:14,CAM_JUNCTION_01,743,Car,0.976,13179,Southbound_Lane1,8.7,0
3969,2026-08-06 19:01:15,CAM_JUNCTION_01,744,Car,0.977,13125,Eastbound_Lane1,9.1,0
3970,2026-08-06 19:01:15,CAM_JUNCTION_01,744,Car,0.829,8045,Eastbound_Lane1,4.9,0
3971,2026-08-06 19:01:15,CAM_JUNCTION_01,745,Car,0.809,12163,Eastbound_Lane1,3.7,0
3972,2026-08-06 19:01:15,CAM_JUNCTION_01,745,Truck,0.875,3875,Westbound_Lane1,14.1,0
3973,2026-08-06 19:01:15,CAM_JUNCTION_01,745,Car,0.81,12445,Eastbound_Lane1,18.6,0
3974,2026-08-06 19:01:16,CAM_JUNCTION_01,746,Car,0.973,2967,Northbound_Lane2,38.8,0
3975,2026-08-06 19:01:16,CAM_JUNCTION_01,746,Car,0.972,12922,Southbound_Lane1,13.3,0
3976,2026-08-06 19:01:16,CAM_JUNCTION_01,747,Car,0.885,6803,Eastbound_Lane1,28.2,0
3977,2026-08-06 19:01:16,CAM_JUNCTION_01,747,Car,0.795,8575,Southbound_Lane1,1.9,0
3978,2026-08-06 19:01:16,CAM_JUNCTION_01,747,Car,0.947,5654,Northbound_Lane2,40.5,0
3979,2026-08-06 19:01:16,CAM_JUNCTION_01,747,Motorcycle,0.872,14255,Southbound_Lane1,27.5,0
3980,2026-08-06 19:01:16,CAM_JUNCTION_01,747,Motorcycle,0.915,9489,Northbound_Lane2,12.7,0
3981,2026-08-06 19:01:17,CAM_JUNCTION_01,748,Car,0.918,1828,Northbound_Lane2,48.8,0
3982,2026-08-06 19:01:17,CAM_JUNCTION_01,748,Motorcycle,0.867,1723,Eastbound_Lane1,19.6,0
3983,2026-08-06 19:01:17,CAM_JUNCTION_01,749,Car,0.94,12058,Northbound_Lane2,36.6,0
3984,2026-08-06 19:01:17,CAM_JUNCTION_01,749,Car,0.825,6158,Northbound_Lane1,28.6,0
3985,2026-08-06 19:01:18,CAM_JUNCTION_01,750,Car,0.79,12389,Northbound_Lane2,29.8,0
3986,2026-08-06 19:01:18,CAM_JUNCTION_01,750,Car,0.87,12158,Eastbound_Lane1,37.6,0
3987,2026-08-06 19:01:18,CAM_JUNCTION_01,750,Car,0.884,8546,Eastbound_Lane1,11.5,0
3988,2026-08-06 19:01:18,CAM_JUNCTION_01,751,Car,0.784,11137,Southbound_Lane1,27.9,0
3989,2026-08-06 19:01:18,CAM_JUNCTION_01,751,Car,0.902,15849,Eastbound_Lane1,27.1,0
3990,2026-08-06 19:01:18,CAM_JUNCTION_01,751,Car,0.915,3033,Southbound_Lane1,20.7,0
3991,2026-08-06 19:01:18,CAM_JUNCTION_01,751,Car,0.935,11751,Northbound_Lane1,32.4,0
3992,2026-08-06 19:01:18,CAM_JUNCTION_01,751,Car,0.967,15721,Northbound_Lane2,26.8,0
3993,2026-08-06 19:01:19,CAM_JUNCTION_01,752,Rickshaw,0.783,15495,Northbound_Lane1,33.6,0
3994,2026-08-06 19:01:19,CAM_JUNCTION_01,752,Truck,0.837,11569,Northbound_Lane1,39.0,0
3995,2026-08-06 19:01:19,CAM_JUNCTION_01,752,Car,0.877,12384,Northbound_Lane1,37.1,0
3996,2026-08-06 19:01:19,CAM_JUNCTION_01,752,Car,0.851,8640,Eastbound_Lane1,49.3,0
3997,2026-08-06 19:01:19,CAM_JUNCTION_01,752,Car,0.814,16138,Southbound_Lane1,16.3,0
3998,2026-08-06 19:01:19,CAM_JUNCTION_01,753,Truck,0.867,8737,Southbound_Lane1,7.6,0
3999,2026-08-06 19:01:19,CAM_JUNCTION_01,753,Car,0.889,9788,Eastbound_Lane1,14.7,0
4000,2026-08-06 19:01:19,CAM_JUNCTION_01,753,Car,0.956,16110,Northbound_Lane1,0.9,0
4001,2026-08-06 19:01:19,CAM_JUNCTION_01,753,Motorcycle,0.895,13752,Southbound_Lane1,12.8,0
4002,2026-08-06 19:01:20,CAM_JUNCTION_01,754,Car,0.888,10482,Northbound_Lane1,17.5,0
4003,2026-08-06 19:01:20,CAM_JUNCTION_01,754,Car,0.915,9008,Northbound_Lane2,9.7,0
4004,2026-08-06 19:01:20,CAM_JUNCTION_01,754,Car,0.795,6057,Northbound_Lane1,18.7,0
4005,2026-08-06 19:01:20,CAM_JUNCTION_01,754,Car,0.847,10691,Northbound_Lane1,18.9,0
4006,2026-08-06 19:01:20,CAM_JUNCTION_01,754,Motorcycle,0.852,9142,Southbound_Lane1,20.0,0
4007,2026-08-06 19:01:20,CAM_JUNCTION_01,755,Car,0.867,14699,Westbound_Lane1,39.3,0
4008,2026-08-06 19:01:20,CAM_JUNCTION_01,755,Car,0.941,4687,Northbound_Lane1,37.6,0
4009,2026-08-06 19:01:21,CAM_JUNCTION_01,756,Car,0.885,7772,Eastbound_Lane1,34.3,0
4010,2026-08-06 19:01:21,CAM_JUNCTION_01,756,Car,0.876,9657,Northbound_Lane2,38.2,0
4011,2026-08-06 19:01:21,CAM_JUNCTION_01,756,Car,0.82,10607,Eastbound_Lane1,31.7,0
4012,2026-08-06 19:01:21,CAM_JUNCTION_01,756,Bus,0.927,13132,Westbound_Lane1,52.0,0
4013,2026-08-06 19:01:21,CAM_JUNCTION_01,756,Car,0.855,2788,Westbound_Lane1,1.8,0
4014,2026-08-06 19:01:21,CAM_JUNCTION_01,756,Bus,0.926,13806,Northbound_Lane1,27.5,0
4015,2026-08-06 19:01:21,CAM_JUNCTION_01,757,Car,0.833,13508,Northbound_Lane1,39.9,0
4016,2026-08-06 19:01:21,CAM_JUNCTION_01,757,Car,0.937,14217,Northbound_Lane2,2.3,0
4017,2026-08-06 19:01:21,CAM_JUNCTION_01,757,Car,0.803,7701,Eastbound_Lane1,20.4,0
4018,2026-08-06 19:01:21,CAM_JUNCTION_01,757,Car,0.974,9283,Northbound_Lane2,13.3,0
4019,2026-08-06 19:01:22,CAM_JUNCTION_01,758,Car,0.922,10807,Northbound_Lane1,7.3,0
4020,2026-08-06 19:01:22,CAM_JUNCTION_01,758,Car,0.883,8943,Southbound_Lane1,35.3,0
4021,2026-08-06 19:01:22,CAM_JUNCTION_01,759,Car,0.969,13090,Southbound_Lane1,40.4,0
4022,2026-08-06 19:01:22,CAM_JUNCTION_01,759,Car,0.834,12289,Northbound_Lane1,25.0,0
4023,2026-08-06 19:01:22,CAM_JUNCTION_01,759,Car,0.939,7028,Northbound_Lane2,17.9,0
4024,2026-08-06 19:01:22,CAM_JUNCTION_01,759,Car,0.95,2758,Northbound_Lane2,22.6,0
4025,2026-08-06 19:01:22,CAM_JUNCTION_01,759,Car,0.953,16304,Northbound_Lane2,21.7,0
4026,2026-08-06 19:01:23,CAM_JUNCTION_01,760,Car,0.963,2595,Westbound_Lane1,51.2,0
4027,2026-08-06 19:01:23,CAM_JUNCTION_01,760,Car,0.791,9603,Northbound_Lane2,31.7,0
4028,2026-08-06 19:01:23,CAM_JUNCTION_01,760,Car,0.801,4665,Southbound_Lane1,18.4,0
4029,2026-08-06 19:01:23,CAM_JUNCTION_01,760,Car,0.825,17821,Westbound_Lane1,45.9,0
4030,2026-08-06 19:01:23,CAM_JUNCTION_01,760,Rickshaw,0.976,13061,Westbound_Lane1,41.4,0
4031,2026-08-06 19:01:23,CAM_JUNCTION_01,760,Ambulance,0.977,4864,Southbound_Lane1,55.7,1
4032,2026-08-06 19:01:23,CAM_JUNCTION_01,761,Motorcycle,0.835,11258,Northbound_Lane2,53.8,0
4033,2026-08-06 19:01:23,CAM_JUNCTION_01,761,Car,0.871,16718,Eastbound_Lane1,38.4,0
4034,2026-08-06 19:01:24,CAM_JUNCTION_01,762,Car,0.931,7454,Westbound_Lane1,51.4,0
4035,2026-08-06 19:01:24,CAM_JUNCTION_01,762,Car,0.886,14637,Northbound_Lane1,43.6,0
4036,2026-08-06 19:01:24,CAM_JUNCTION_01,762,Car,0.863,14669,Northbound_Lane1,31.1,0
4037,2026-08-06 19:01:24,CAM_JUNCTION_01,763,Car,0.935,16137,Southbound_Lane1,34.7,0
4038,2026-08-06 19:01:24,CAM_JUNCTION_01,763,Car,0.826,3207,Northbound_Lane2,18.0,0
4039,2026-08-06 19:01:24,CAM_JUNCTION_01,763,Car,0.942,11624,Eastbound_Lane1,37.5,0
4040,2026-08-06 19:01:24,CAM_JUNCTION_01,763,Bus,0.88,16022,Southbound_Lane1,29.3,0
4041,2026-08-06 19:01:25,CAM_JUNCTION_01,764,Bus,0.885,4885,Southbound_Lane1,40.3,0
4042,2026-08-06 19:01:25,CAM_JUNCTION_01,764,Car,0.959,5254,Southbound_Lane1,6.2,0
4043,2026-08-06 19:01:25,CAM_JUNCTION_01,764,Car,0.932,7533,Westbound_Lane1,13.4,0
4044,2026-08-06 19:01:25,CAM_JUNCTION_01,764,Car,0.904,7501,Southbound_Lane1,8.8,0
4045,2026-08-06 19:01:25,CAM_JUNCTION_01,765,Car,0.881,5388,Northbound_Lane2,46.4,0
4046,2026-08-06 19:01:25,CAM_JUNCTION_01,765,Car,0.861,15261,Northbound_Lane1,23.8,0
4047,2026-08-06 19:01:26,CAM_JUNCTION_01,766,Car,0.913,9278,Southbound_Lane1,39.1,0
4048,2026-08-06 19:01:26,CAM_JUNCTION_01,766,Car,0.949,10933,Northbound_Lane1,7.3,0
4049,2026-08-06 19:01:26,CAM_JUNCTION_01,766,Bus,0.86,4050,Eastbound_Lane1,13.9,0
4050,2026-08-06 19:01:26,CAM_JUNCTION_01,766,Car,0.973,13673,Northbound_Lane2,37.2,0
4051,2026-08-06 19:01:26,CAM_JUNCTION_01,767,Car,0.893,7184,Westbound_Lane1,50.9,0
4052,2026-08-06 19:01:26,CAM_JUNCTION_01,767,Car,0.799,9478,Westbound_Lane1,10.5,0
4053,2026-08-06 19:01:26,CAM_JUNCTION_01,767,Car,0.968,12502,Southbound_Lane1,27.3,0
4054,2026-08-06 19:01:26,CAM_JUNCTION_01,767,Car,0.883,9292,Northbound_Lane1,54.7,0
4055,2026-08-06 19:01:27,CAM_JUNCTION_01,768,Car,0.975,16022,Eastbound_Lane1,10.6,0
4056,2026-08-06 19:01:27,CAM_JUNCTION_01,768,Motorcycle,0.966,3214,Northbound_Lane1,50.5,0
4057,2026-08-06 19:01:27,CAM_JUNCTION_01,769,Car,0.83,11133,Northbound_Lane2,49.0,0
4058,2026-08-06 19:01:27,CAM_JUNCTION_01,769,Car,0.848,13322,Westbound_Lane1,28.1,0
4059,2026-08-06 19:01:27,CAM_JUNCTION_01,769,Car,0.928,13761,Westbound_Lane1,44.6,0
4060,2026-08-06 19:01:28,CAM_JUNCTION_01,770,Car,0.881,4841,Southbound_Lane1,9.5,0
4061,2026-08-06 19:01:28,CAM_JUNCTION_01,770,Car,0.873,17213,Eastbound_Lane1,0.9,0
4062,2026-08-06 19:01:28,CAM_JUNCTION_01,770,Car,0.898,4912,Westbound_Lane1,31.0,0
4063,2026-08-06 19:01:28,CAM_JUNCTION_01,770,Motorcycle,0.901,9821,Northbound_Lane1,11.7,0
4064,2026-08-06 19:01:28,CAM_JUNCTION_01,770,Truck,0.927,9907,Southbound_Lane1,32.9,0
4065,2026-08-06 19:01:28,CAM_JUNCTION_01,770,Car,0.803,2460,Eastbound_Lane1,27.0,0
4066,2026-08-06 19:01:28,CAM_JUNCTION_01,771,Car,0.791,1818,Westbound_Lane1,11.1,0
4067,2026-08-06 19:01:28,CAM_JUNCTION_01,771,Motorcycle,0.904,9895,Eastbound_Lane1,44.4,0
4068,2026-08-06 19:01:28,CAM_JUNCTION_01,771,Car,0.893,16312,Eastbound_Lane1,48.5,0
4069,2026-08-06 19:01:28,CAM_JUNCTION_01,771,Motorcycle,0.887,2979,Westbound_Lane1,6.4,0
4070,2026-08-06 19:01:29,CAM_JUNCTION_01,772,Car,0.924,10360,Southbound_Lane1,17.0,0
4071,2026-08-06 19:01:29,CAM_JUNCTION_01,772,Motorcycle,0.883,11986,Northbound_Lane1,24.0,0
4072,2026-08-06 19:01:29,CAM_JUNCTION_01,772,Car,0.89,15359,Westbound_Lane1,52.2,0
4073,2026-08-06 19:01:29,CAM_JUNCTION_01,773,Car,0.862,14851,Westbound_Lane1,33.9,0
4074,2026-08-06 19:01:29,CAM_JUNCTION_01,773,Car,0.812,6352,Southbound_Lane1,29.5,0
4075,2026-08-06 19:01:29,CAM_JUNCTION_01,773,Car,0.915,1968,Northbound_Lane1,1.3,0
4076,2026-08-06 19:01:29,CAM_JUNCTION_01,773,Car,0.8,5376,Northbound_Lane2,34.7,0
4077,2026-08-06 19:01:29,CAM_JUNCTION_01,773,Truck,0.829,16719,Eastbound_Lane1,17.2,0
4078,2026-08-06 19:01:30,CAM_JUNCTION_01,774,Car,0.952,8807,Northbound_Lane2,23.4,0
4079,2026-08-06 19:01:30,CAM_JUNCTION_01,774,Car,0.826,1671,Southbound_Lane1,54.5,0
4080,2026-08-06 19:01:30,CAM_JUNCTION_01,774,Car,0.898,4149,Westbound_Lane1,27.8,0
4081,2026-08-06 19:01:30,CAM_JUNCTION_01,774,Rickshaw,0.792,1499,Southbound_Lane1,24.9,0
4082,2026-08-06 19:01:30,CAM_JUNCTION_01,774,Car,0.95,3943,Northbound_Lane2,33.4,0
4083,2026-08-06 19:01:30,CAM_JUNCTION_01,775,Bus,0.851,17114,Eastbound_Lane1,26.8,0
4084,2026-08-06 19:01:30,CAM_JUNCTION_01,775,Car,0.86,10180,Northbound_Lane2,26.5,0
4085,2026-08-06 19:01:30,CAM_JUNCTION_01,775,Car,0.838,11583,Northbound_Lane2,34.0,0
4086,2026-08-06 19:01:31,CAM_JUNCTION_01,776,Car,0.93,5228,Eastbound_Lane1,13.9,0
4087,2026-08-06 19:01:31,CAM_JUNCTION_01,776,Motorcycle,0.868,17245,Southbound_Lane1,32.3,0
4088,2026-08-06 19:01:31,CAM_JUNCTION_01,776,Car,0.866,7659,Southbound_Lane1,18.6,0
4089,2026-08-06 19:01:31,CAM_JUNCTION_01,776,Car,0.896,12706,Eastbound_Lane1,1.3,0
4090,2026-08-06 19:01:31,CAM_JUNCTION_01,777,Car,0.949,6790,Westbound_Lane1,4.2,0
4091,2026-08-06 19:01:31,CAM_JUNCTION_01,777,Car,0.966,5527,Eastbound_Lane1,1.3,0
4092,2026-08-06 19:01:31,CAM_JUNCTION_01,777,Car,0.939,17915,Northbound_Lane2,42.0,0
4093,2026-08-06 19:01:31,CAM_JUNCTION_01,777,Motorcycle,0.917,5995,Northbound_Lane2,44.7,0
4094,2026-08-06 19:01:32,CAM_JUNCTION_01,778,Car,0.916,5861,Westbound_Lane1,51.0,0
4095,2026-08-06 19:01:32,CAM_JUNCTION_01,778,Car,0.805,4666,Northbound_Lane1,19.4,0
4096,2026-08-06 19:01:32,CAM_JUNCTION_01,778,Car,0.848,13090,Northbound_Lane2,37.5,0
4097,2026-08-06 19:01:32,CAM_JUNCTION_01,778,Car,0.861,3595,Eastbound_Lane1,6.7,0
4098,2026-08-06 19:01:32,CAM_JUNCTION_01,778,Car,0.945,11187,Northbound_Lane1,51.3,0
4099,2026-08-06 19:01:32,CAM_JUNCTION_01,778,Car,0.842,7647,Southbound_Lane1,7.2,0
4100,2026-08-06 19:01:32,CAM_JUNCTION_01,779,Bus,0.974,17691,Northbound_Lane1,1.9,0
4101,2026-08-06 19:01:32,CAM_JUNCTION_01,779,Car,0.971,5693,Eastbound_Lane1,25.8,0
4102,2026-08-06 19:01:32,CAM_JUNCTION_01,779,Car,0.871,13479,Northbound_Lane2,32.5,0
4103,2026-08-06 19:01:32,CAM_JUNCTION_01,779,Bus,0.788,16136,Northbound_Lane2,40.4,0
4104,2026-08-06 19:01:33,CAM_JUNCTION_01,780,Car,0.977,11861,Northbound_Lane2,52.8,0
4105,2026-08-06 19:01:33,CAM_JUNCTION_01,780,Car,0.853,1591,Northbound_Lane1,48.4,0
4106,2026-08-06 19:01:33,CAM_JUNCTION_01,780,Car,0.895,12803,Southbound_Lane1,28.2,0
4107,2026-08-06 19:01:33,CAM_JUNCTION_01,780,Motorcycle,0.971,6282,Northbound_Lane1,54.9,0
4108,2026-08-06 19:01:33,CAM_JUNCTION_01,780,Car,0.9,10169,Southbound_Lane1,0.8,0
4109,2026-08-06 19:01:33,CAM_JUNCTION_01,780,Car,0.909,8433,Southbound_Lane1,5.3,0
4110,2026-08-06 19:01:33,CAM_JUNCTION_01,781,Car,0.936,14565,Southbound_Lane1,44.8,0
4111,2026-08-06 19:01:33,CAM_JUNCTION_01,781,Car,0.838,2033,Northbound_Lane1,4.4,0
4112,2026-08-06 19:01:33,CAM_JUNCTION_01,781,Car,0.958,2197,Northbound_Lane1,19.8,0
4113,2026-08-06 19:01:33,CAM_JUNCTION_01,781,Car,0.804,17562,Westbound_Lane1,11.6,0
4114,2026-08-06 19:01:34,CAM_JUNCTION_01,782,Car,0.867,9139,Eastbound_Lane1,33.9,0
4115,2026-08-06 19:01:34,CAM_JUNCTION_01,782,Car,0.797,10166,Southbound_Lane1,35.6,0
4116,2026-08-06 19:01:34,CAM_JUNCTION_01,782,Car,0.854,17378,Northbound_Lane2,54.8,0
4117,2026-08-06 19:01:34,CAM_JUNCTION_01,782,Car,0.965,5657,Northbound_Lane2,36.9,0
4118,2026-08-06 19:01:34,CAM_JUNCTION_01,782,Car,0.813,3415,Eastbound_Lane1,16.2,0
4119,2026-08-06 19:01:34,CAM_JUNCTION_01,782,Motorcycle,0.848,2910,Northbound_Lane2,32.0,0
4120,2026-08-06 19:01:34,CAM_JUNCTION_01,783,Motorcycle,0.905,4306,Northbound_Lane2,5.3,0
4121,2026-08-06 19:01:34,CAM_JUNCTION_01,783,Car,0.8,4885,Eastbound_Lane1,1.1,0
4122,2026-08-06 19:01:35,CAM_JUNCTION_01,784,Car,0.905,9868,Westbound_Lane1,16.6,0
4123,2026-08-06 19:01:35,CAM_JUNCTION_01,784,Car,0.82,17273,Southbound_Lane1,5.1,0
4124,2026-08-06 19:01:35,CAM_JUNCTION_01,784,Car,0.82,14150,Northbound_Lane1,45.1,0
4125,2026-08-06 19:01:35,CAM_JUNCTION_01,785,Motorcycle,0.889,15765,Westbound_Lane1,29.4,0
4126,2026-08-06 19:01:35,CAM_JUNCTION_01,785,Car,0.876,13816,Westbound_Lane1,1.9,0
4127,2026-08-06 19:01:35,CAM_JUNCTION_01,785,Car,0.817,2978,Northbound_Lane2,33.1,0
4128,2026-08-06 19:01:35,CAM_JUNCTION_01,785,Car,0.853,17989,Southbound_Lane1,3.7,0
4129,2026-08-06 19:01:36,CAM_JUNCTION_01,786,Car,0.907,1206,Eastbound_Lane1,8.0,0
4130,2026-08-06 19:01:36,CAM_JUNCTION_01,786,Car,0.792,16459,Westbound_Lane1,54.1,0
4131,2026-08-06 19:01:36,CAM_JUNCTION_01,786,Car,0.915,8598,Eastbound_Lane1,32.3,0
4132,2026-08-06 19:01:36,CAM_JUNCTION_01,787,Car,0.897,15839,Northbound_Lane1,17.7,0
4133,2026-08-06 19:01:36,CAM_JUNCTION_01,787,Car,0.87,3006,Northbound_Lane1,47.8,0
4134,2026-08-06 19:01:36,CAM_JUNCTION_01,787,Car,0.881,9020,Northbound_Lane1,33.8,0
4135,2026-08-06 19:01:36,CAM_JUNCTION_01,787,Car,0.949,14467,Northbound_Lane1,11.5,0
4136,2026-08-06 19:01:37,CAM_JUNCTION_01,788,Car,0.823,9046,Westbound_Lane1,42.2,0
4137,2026-08-06 19:01:37,CAM_JUNCTION_01,788,Car,0.968,14868,Southbound_Lane1,34.2,0
4138,2026-08-06 19:01:37,CAM_JUNCTION_01,789,Car,0.93,15212,Southbound_Lane1,15.9,0
4139,2026-08-06 19:01:37,CAM_JUNCTION_01,789,Car,0.927,12186,Southbound_Lane1,12.7,0
4140,2026-08-06 19:01:38,CAM_JUNCTION_01,790,Car,0.926,16028,Westbound_Lane1,25.7,0
4141,2026-08-06 19:01:38,CAM_JUNCTION_01,790,Car,0.946,2122,Southbound_Lane1,29.9,0
4142,2026-08-06 19:01:38,CAM_JUNCTION_01,791,Truck,0.78,2939,Northbound_Lane2,16.2,0
4143,2026-08-06 19:01:38,CAM_JUNCTION_01,791,Rickshaw,0.884,4790,Southbound_Lane1,14.9,0
4144,2026-08-06 19:01:38,CAM_JUNCTION_01,791,Car,0.826,17503,Northbound_Lane2,47.0,0
4145,2026-08-06 19:01:38,CAM_JUNCTION_01,791,Car,0.866,6424,Northbound_Lane2,30.6,0
4146,2026-08-06 19:01:39,CAM_JUNCTION_01,792,Car,0.88,14927,Westbound_Lane1,6.9,0
4147,2026-08-06 19:01:39,CAM_JUNCTION_01,792,Car,0.901,14766,Eastbound_Lane1,26.3,0
4148,2026-08-06 19:01:39,CAM_JUNCTION_01,792,Rickshaw,0.799,4935,Eastbound_Lane1,33.9,0
4149,2026-08-06 19:01:39,CAM_JUNCTION_01,793,Car,0.834,6547,Westbound_Lane1,7.9,0
4150,2026-08-06 19:01:39,CAM_JUNCTION_01,793,Car,0.9,17411,Northbound_Lane2,27.2,0
4151,2026-08-06 19:01:39,CAM_JUNCTION_01,793,Car,0.96,13225,Northbound_Lane1,50.2,0
4152,2026-08-06 19:01:39,CAM_JUNCTION_01,793,Car,0.789,15264,Westbound_Lane1,3.4,0
4153,2026-08-06 19:01:39,CAM_JUNCTION_01,793,Bus,0.86,15156,Northbound_Lane2,24.1,0
4154,2026-08-06 19:01:40,CAM_JUNCTION_01,794,Car,0.933,17893,Southbound_Lane1,26.4,0
4155,2026-08-06 19:01:40,CAM_JUNCTION_01,794,Car,0.805,5053,Northbound_Lane2,4.7,0
4156,2026-08-06 19:01:40,CAM_JUNCTION_01,794,Car,0.79,17157,Northbound_Lane2,11.2,0
4157,2026-08-06 19:01:40,CAM_JUNCTION_01,795,Car,0.864,3623,Southbound_Lane1,6.6,0
4158,2026-08-06 19:01:40,CAM_JUNCTION_01,795,Car,0.863,11580,Westbound_Lane1,14.8,0
4159,2026-08-06 19:01:41,CAM_JUNCTION_01,796,Bus,0.901,3419,Southbound_Lane1,12.6,0
4160,2026-08-06 19:01:41,CAM_JUNCTION_01,796,Car,0.94,5824,Northbound_Lane2,42.2,0
4161,2026-08-06 19:01:41,CAM_JUNCTION_01,796,Car,0.901,5732,Southbound_Lane1,42.7,0
4162,2026-08-06 19:01:41,CAM_JUNCTION_01,796,Bus,0.866,12816,Northbound_Lane2,35.7,0
4163,2026-08-06 19:01:41,CAM_JUNCTION_01,796,Car,0.959,14635,Northbound_Lane2,19.4,0
4164,2026-08-06 19:01:41,CAM_JUNCTION_01,796,Car,0.834,15143,Northbound_Lane1,45.6,0
4165,2026-08-06 19:01:41,CAM_JUNCTION_01,797,Motorcycle,0.974,3963,Northbound_Lane2,39.5,0
4166,2026-08-06 19:01:41,CAM_JUNCTION_01,797,Car,0.788,13980,Eastbound_Lane1,17.5,0
4167,2026-08-06 19:01:41,CAM_JUNCTION_01,797,Car,0.858,3078,Southbound_Lane1,23.3,0
4168,2026-08-06 19:01:41,CAM_JUNCTION_01,797,Bus,0.859,2636,Southbound_Lane1,21.0,0
4169,2026-08-06 19:01:41,CAM_JUNCTION_01,797,Car,0.839,4465,Westbound_Lane1,25.3,0
4170,2026-08-06 19:01:42,CAM_JUNCTION_01,798,Car,0.975,13703,Westbound_Lane1,24.5,0
4171,2026-08-06 19:01:42,CAM_JUNCTION_01,798,Car,0.784,17553,Northbound_Lane2,30.9,0
4172,2026-08-06 19:01:42,CAM_JUNCTION_01,798,Car,0.806,6065,Eastbound_Lane1,8.6,0
4173,2026-08-06 19:01:42,CAM_JUNCTION_01,798,Car,0.958,5040,Northbound_Lane1,34.4,0
4174,2026-08-06 19:01:42,CAM_JUNCTION_01,798,Bus,0.797,5712,Westbound_Lane1,4.3,0
4175,2026-08-06 19:01:42,CAM_JUNCTION_01,799,Truck,0.854,12090,Southbound_Lane1,53.8,0
4176,2026-08-06 19:01:42,CAM_JUNCTION_01,799,Rickshaw,0.889,13457,Southbound_Lane1,45.5,0
4177,2026-08-06 19:01:42,CAM_JUNCTION_01,799,Car,0.83,6863,Eastbound_Lane1,41.6,0
4178,2026-08-06 19:01:42,CAM_JUNCTION_01,799,Car,0.848,5706,Westbound_Lane1,29.5,0
4179,2026-08-06 19:01:42,CAM_JUNCTION_01,799,Car,0.887,16347,Northbound_Lane2,38.3,0
4180,2026-08-06 19:01:43,CAM_JUNCTION_01,800,Motorcycle,0.791,17897,Northbound_Lane2,11.8,0
4181,2026-08-06 19:01:43,CAM_JUNCTION_01,800,Motorcycle,0.901,2671,Southbound_Lane1,54.1,0
4182,2026-08-06 19:01:43,CAM_JUNCTION_01,800,Car,0.913,4530,Northbound_Lane2,5.6,0
4183,2026-08-06 19:01:43,CAM_JUNCTION_01,800,Rickshaw,0.869,12782,Northbound_Lane2,11.0,0
4184,2026-08-06 19:01:43,CAM_JUNCTION_01,800,Car,0.88,11968,Southbound_Lane1,36.3,0
4185,2026-08-06 19:01:43,CAM_JUNCTION_01,801,Motorcycle,0.882,9738,Northbound_Lane2,45.8,0
4186,2026-08-06 19:01:43,CAM_JUNCTION_01,801,Car,0.81,9491,Westbound_Lane1,19.2,0
4187,2026-08-06 19:01:43,CAM_JUNCTION_01,801,Car,0.806,9486,Westbound_Lane1,22.8,0
4188,2026-08-06 19:01:43,CAM_JUNCTION_01,801,Bus,0.857,15363,Northbound_Lane1,48.5,0
4189,2026-08-06 19:01:44,CAM_JUNCTION_01,802,Car,0.957,12534,Northbound_Lane2,20.9,0
4190,2026-08-06 19:01:44,CAM_JUNCTION_01,802,Car,0.832,13351,Northbound_Lane1,5.8,0
4191,2026-08-06 19:01:44,CAM_JUNCTION_01,802,Motorcycle,0.973,13820,Southbound_Lane1,23.0,0
4192,2026-08-06 19:01:44,CAM_JUNCTION_01,803,Car,0.953,9320,Northbound_Lane1,17.3,0
4193,2026-08-06 19:01:44,CAM_JUNCTION_01,803,Car,0.798,11656,Southbound_Lane1,16.1,0
4194,2026-08-06 19:01:45,CAM_JUNCTION_01,804,Car,0.948,6244,Southbound_Lane1,24.1,0
4195,2026-08-06 19:01:45,CAM_JUNCTION_01,804,Car,0.876,5263,Northbound_Lane2,49.2,0
4196,2026-08-06 19:01:45,CAM_JUNCTION_01,804,Car,0.927,12456,Southbound_Lane1,41.5,0
4197,2026-08-06 19:01:45,CAM_JUNCTION_01,804,Car,0.886,10543,Northbound_Lane2,3.1,0
4198,2026-08-06 19:01:45,CAM_JUNCTION_01,805,Car,0.813,6241,Northbound_Lane1,18.3,0
4199,2026-08-06 19:01:45,CAM_JUNCTION_01,805,Car,0.935,3740,Westbound_Lane1,40.2,0
4200,2026-08-06 19:01:45,CAM_JUNCTION_01,805,Car,0.827,3096,Southbound_Lane1,1.1,0
4201,2026-08-06 19:01:46,CAM_JUNCTION_01,806,Car,0.918,11763,Northbound_Lane2,0.3,0
4202,2026-08-06 19:01:46,CAM_JUNCTION_01,806,Car,0.937,17451,Eastbound_Lane1,4.8,0
4203,2026-08-06 19:01:46,CAM_JUNCTION_01,806,Car,0.902,17036,Westbound_Lane1,49.5,0
4204,2026-08-06 19:01:46,CAM_JUNCTION_01,806,Car,0.815,11498,Eastbound_Lane1,51.2,0
4205,2026-08-06 19:01:46,CAM_JUNCTION_01,806,Car,0.854,1550,Northbound_Lane2,29.9,0
4206,2026-08-06 19:01:46,CAM_JUNCTION_01,807,Truck,0.84,4270,Southbound_Lane1,8.5,0
4207,2026-08-06 19:01:46,CAM_JUNCTION_01,807,Motorcycle,0.798,1971,Northbound_Lane1,8.0,0
4208,2026-08-06 19:01:47,CAM_JUNCTION_01,808,Car,0.951,10833,Westbound_Lane1,26.5,0
4209,2026-08-06 19:01:47,CAM_JUNCTION_01,808,Car,0.945,10839,Eastbound_Lane1,54.3,0
4210,2026-08-06 19:01:47,CAM_JUNCTION_01,808,Car,0.858,15322,Northbound_Lane1,5.2,0
4211,2026-08-06 19:01:47,CAM_JUNCTION_01,808,Car,0.894,10179,Westbound_Lane1,34.5,0
4212,2026-08-06 19:01:47,CAM_JUNCTION_01,808,Motorcycle,0.964,3474,Eastbound_Lane1,27.9,0
4213,2026-08-06 19:01:47,CAM_JUNCTION_01,808,Car,0.946,5505,Southbound_Lane1,1.7,0
4214,2026-08-06 19:01:47,CAM_JUNCTION_01,809,Car,0.904,6626,Northbound_Lane2,52.0,0
4215,2026-08-06 19:01:47,CAM_JUNCTION_01,809,Car,0.786,5781,Northbound_Lane1,39.3,0
4216,2026-08-06 19:01:47,CAM_JUNCTION_01,809,Car,0.817,8046,Southbound_Lane1,13.5,0
4217,2026-08-06 19:01:47,CAM_JUNCTION_01,809,Bus,0.94,10251,Southbound_Lane1,10.6,0
4218,2026-08-06 19:01:47,CAM_JUNCTION_01,809,Car,0.908,13609,Northbound_Lane1,21.3,0
4219,2026-08-06 19:01:48,CAM_JUNCTION_01,810,Bus,0.902,3474,Westbound_Lane1,38.8,0
4220,2026-08-06 19:01:48,CAM_JUNCTION_01,810,Car,0.822,4416,Westbound_Lane1,44.2,0
4221,2026-08-06 19:01:48,CAM_JUNCTION_01,810,Car,0.87,11297,Eastbound_Lane1,15.4,0
4222,2026-08-06 19:01:48,CAM_JUNCTION_01,810,Bus,0.884,11847,Southbound_Lane1,41.3,0
4223,2026-08-06 19:01:48,CAM_JUNCTION_01,811,Car,0.919,3177,Southbound_Lane1,16.5,0
4224,2026-08-06 19:01:48,CAM_JUNCTION_01,811,Motorcycle,0.96,12330,Westbound_Lane1,54.6,0
4225,2026-08-06 19:01:48,CAM_JUNCTION_01,811,Car,0.822,14688,Northbound_Lane2,6.8,0
4226,2026-08-06 19:01:48,CAM_JUNCTION_01,811,Car,0.81,2311,Eastbound_Lane1,37.1,0
4227,2026-08-06 19:01:48,CAM_JUNCTION_01,811,Bus,0.915,10288,Southbound_Lane1,53.1,0
4228,2026-08-06 19:01:48,CAM_JUNCTION_01,811,Car,0.782,2624,Eastbound_Lane1,13.8,0
4229,2026-08-06 19:01:49,CAM_JUNCTION_01,812,Car,0.935,14213,Southbound_Lane1,53.1,0
4230,2026-08-06 19:01:49,CAM_JUNCTION_01,812,Car,0.933,7928,Northbound_Lane1,29.2,0
4231,2026-08-06 19:01:49,CAM_JUNCTION_01,812,Car,0.954,6104,Southbound_Lane1,31.9,0
4232,2026-08-06 19:01:49,CAM_JUNCTION_01,812,Car,0.95,4531,Eastbound_Lane1,54.6,0
4233,2026-08-06 19:01:49,CAM_JUNCTION_01,813,Bus,0.783,16226,Westbound_Lane1,23.7,0
4234,2026-08-06 19:01:49,CAM_JUNCTION_01,813,Car,0.801,14749,Northbound_Lane2,2.0,0
4235,2026-08-06 19:01:49,CAM_JUNCTION_01,813,Car,0.966,11518,Westbound_Lane1,48.0,0
4236,2026-08-06 19:01:49,CAM_JUNCTION_01,813,Car,0.849,6966,Eastbound_Lane1,22.0,0
4237,2026-08-06 19:01:49,CAM_JUNCTION_01,813,Car,0.838,4790,Northbound_Lane1,14.3,0
4238,2026-08-06 19:01:50,CAM_JUNCTION_01,814,Car,0.955,17918,Northbound_Lane1,19.6,0
4239,2026-08-06 19:01:50,CAM_JUNCTION_01,814,Car,0.808,4657,Westbound_Lane1,43.6,0
4240,2026-08-06 19:01:50,CAM_JUNCTION_01,814,Truck,0.949,15061,Eastbound_Lane1,33.7,0
4241,2026-08-06 19:01:50,CAM_JUNCTION_01,814,Motorcycle,0.955,12226,Southbound_Lane1,52.0,0
4242,2026-08-06 19:01:50,CAM_JUNCTION_01,815,Car,0.969,12666,Eastbound_Lane1,48.4,0
4243,2026-08-06 19:01:50,CAM_JUNCTION_01,815,Car,0.8,7586,Westbound_Lane1,26.7,0
4244,2026-08-06 19:01:50,CAM_JUNCTION_01,815,Car,0.811,11974,Northbound_Lane1,8.6,0
4245,2026-08-06 19:01:51,CAM_JUNCTION_01,816,Car,0.939,10655,Southbound_Lane1,27.0,0
4246,2026-08-06 19:01:51,CAM_JUNCTION_01,816,Car,0.95,3642,Southbound_Lane1,34.5,0
4247,2026-08-06 19:01:51,CAM_JUNCTION_01,816,Car,0.818,5876,Eastbound_Lane1,11.8,0
4248,2026-08-06 19:01:51,CAM_JUNCTION_01,816,Car,0.916,4831,Southbound_Lane1,25.3,0
4249,2026-08-06 19:01:51,CAM_JUNCTION_01,816,Car,0.868,4535,Northbound_Lane1,45.6,0
4250,2026-08-06 19:01:51,CAM_JUNCTION_01,816,Car,0.79,7982,Southbound_Lane1,38.0,0
4251,2026-08-06 19:01:51,CAM_JUNCTION_01,817,Car,0.914,10819,Northbound_Lane2,48.8,0
4252,2026-08-06 19:01:51,CAM_JUNCTION_01,817,Car,0.857,2652,Eastbound_Lane1,50.4,0
4253,2026-08-06 19:01:51,CAM_JUNCTION_01,817,Car,0.914,5722,Northbound_Lane1,13.2,0
4254,2026-08-06 19:01:51,CAM_JUNCTION_01,817,Car,0.82,4966,Eastbound_Lane1,41.1,0
4255,2026-08-06 19:01:51,CAM_JUNCTION_01,817,Car,0.871,7741,Westbound_Lane1,19.7,0
4256,2026-08-06 19:01:52,CAM_JUNCTION_01,818,Car,0.82,1359,Westbound_Lane1,5.3,0
4257,2026-08-06 19:01:52,CAM_JUNCTION_01,818,Bus,0.964,8543,Eastbound_Lane1,2.0,0
4258,2026-08-06 19:01:52,CAM_JUNCTION_01,818,Car,0.921,15227,Southbound_Lane1,29.2,0
4259,2026-08-06 19:01:52,CAM_JUNCTION_01,818,Car,0.896,16408,Northbound_Lane2,9.4,0
4260,2026-08-06 19:01:52,CAM_JUNCTION_01,819,Car,0.843,13297,Northbound_Lane1,52.1,0
4261,2026-08-06 19:01:52,CAM_JUNCTION_01,819,Car,0.829,17370,Westbound_Lane1,14.3,0
4262,2026-08-06 19:01:52,CAM_JUNCTION_01,819,Car,0.935,7385,Northbound_Lane1,27.8,0
4263,2026-08-06 19:01:52,CAM_JUNCTION_01,819,Bus,0.967,7023,Southbound_Lane1,6.7,0
4264,2026-08-06 19:01:52,CAM_JUNCTION_01,819,Car,0.896,4026,Eastbound_Lane1,24.8,0
4265,2026-08-06 19:01:52,CAM_JUNCTION_01,819,Car,0.878,9792,Northbound_Lane2,19.4,0
4266,2026-08-06 19:01:53,CAM_JUNCTION_01,820,Car,0.871,7073,Northbound_Lane2,9.0,0
4267,2026-08-06 19:01:53,CAM_JUNCTION_01,820,Motorcycle,0.904,5008,Northbound_Lane2,41.5,0
4268,2026-08-06 19:01:53,CAM_JUNCTION_01,820,Rickshaw,0.891,2497,Westbound_Lane1,44.1,0
4269,2026-08-06 19:01:53,CAM_JUNCTION_01,820,Car,0.964,17543,Westbound_Lane1,35.2,0
4270,2026-08-06 19:01:53,CAM_JUNCTION_01,820,Car,0.881,3538,Eastbound_Lane1,54.9,0
4271,2026-08-06 19:01:53,CAM_JUNCTION_01,821,Car,0.88,8853,Westbound_Lane1,3.7,0
4272,2026-08-06 19:01:53,CAM_JUNCTION_01,821,Car,0.885,9653,Eastbound_Lane1,20.3,0
4273,2026-08-06 19:01:53,CAM_JUNCTION_01,821,Car,0.98,15869,Northbound_Lane2,12.0,0
4274,2026-08-06 19:01:53,CAM_JUNCTION_01,821,Car,0.891,2652,Westbound_Lane1,6.0,0
4275,2026-08-06 19:01:54,CAM_JUNCTION_01,822,Car,0.871,8642,Northbound_Lane1,18.2,0
4276,2026-08-06 19:01:54,CAM_JUNCTION_01,822,Car,0.881,9941,Northbound_Lane2,47.6,0
4277,2026-08-06 19:01:54,CAM_JUNCTION_01,822,Car,0.794,11021,Eastbound_Lane1,17.4,0
4278,2026-08-06 19:01:54,CAM_JUNCTION_01,822,Car,0.913,9376,Northbound_Lane1,39.4,0
4279,2026-08-06 19:01:54,CAM_JUNCTION_01,822,Car,0.925,11139,Northbound_Lane1,16.8,0
4280,2026-08-06 19:01:54,CAM_JUNCTION_01,823,Car,0.929,8666,Eastbound_Lane1,12.2,0
4281,2026-08-06 19:01:54,CAM_JUNCTION_01,823,Car,0.925,11290,Westbound_Lane1,40.0,0
4282,2026-08-06 19:01:55,CAM_JUNCTION_01,824,Car,0.939,9404,Southbound_Lane1,46.1,0
4283,2026-08-06 19:01:55,CAM_JUNCTION_01,824,Car,0.861,13922,Northbound_Lane2,39.3,0
4284,2026-08-06 19:01:55,CAM_JUNCTION_01,824,Car,0.832,1997,Northbound_Lane2,48.0,0
4285,2026-08-06 19:01:55,CAM_JUNCTION_01,824,Car,0.853,16319,Northbound_Lane1,29.3,0
4286,2026-08-06 19:01:55,CAM_JUNCTION_01,824,Car,0.831,16826,Westbound_Lane1,37.6,0
4287,2026-08-06 19:01:55,CAM_JUNCTION_01,824,Car,0.813,11706,Eastbound_Lane1,30.0,0
4288,2026-08-06 19:01:55,CAM_JUNCTION_01,825,Car,0.942,15507,Westbound_Lane1,13.2,0
4289,2026-08-06 19:01:55,CAM_JUNCTION_01,825,Car,0.893,4033,Southbound_Lane1,7.0,0
4290,2026-08-06 19:01:55,CAM_JUNCTION_01,825,Car,0.832,3726,Southbound_Lane1,50.0,0
4291,2026-08-06 19:01:55,CAM_JUNCTION_01,825,Car,0.912,9373,Northbound_Lane2,18.8,0
4292,2026-08-06 19:01:55,CAM_JUNCTION_01,825,Bus,0.912,9254,Southbound_Lane1,19.4,0
4293,2026-08-06 19:01:55,CAM_JUNCTION_01,825,Car,0.918,11754,Northbound_Lane1,23.6,0
4294,2026-08-06 19:01:56,CAM_JUNCTION_01,826,Car,0.798,12734,Eastbound_Lane1,44.4,0
4295,2026-08-06 19:01:56,CAM_JUNCTION_01,826,Car,0.782,2855,Southbound_Lane1,16.4,0
4296,2026-08-06 19:01:56,CAM_JUNCTION_01,826,Motorcycle,0.854,7895,Southbound_Lane1,10.4,0
4297,2026-08-06 19:01:56,CAM_JUNCTION_01,826,Bus,0.976,3298,Northbound_Lane2,47.7,0
4298,2026-08-06 19:01:56,CAM_JUNCTION_01,827,Car,0.834,11427,Northbound_Lane2,25.5,0
4299,2026-08-06 19:01:56,CAM_JUNCTION_01,827,Car,0.832,10625,Westbound_Lane1,10.3,0
4300,2026-08-06 19:01:57,CAM_JUNCTION_01,828,Car,0.971,9869,Westbound_Lane1,44.0,0
4301,2026-08-06 19:01:57,CAM_JUNCTION_01,828,Car,0.825,1915,Southbound_Lane1,31.8,0
4302,2026-08-06 19:01:57,CAM_JUNCTION_01,829,Car,0.795,11989,Northbound_Lane2,15.9,0
4303,2026-08-06 19:01:57,CAM_JUNCTION_01,829,Car,0.92,16565,Eastbound_Lane1,28.5,0
4304,2026-08-06 19:01:58,CAM_JUNCTION_01,830,Car,0.908,2602,Southbound_Lane1,12.5,0
4305,2026-08-06 19:01:58,CAM_JUNCTION_01,830,Car,0.866,11995,Northbound_Lane2,51.5,0
4306,2026-08-06 19:01:58,CAM_JUNCTION_01,830,Car,0.816,2362,Eastbound_Lane1,6.9,0
4307,2026-08-06 19:01:58,CAM_JUNCTION_01,830,Car,0.913,2908,Northbound_Lane2,38.9,0
4308,2026-08-06 19:01:58,CAM_JUNCTION_01,830,Car,0.84,2689,Eastbound_Lane1,28.1,0
4309,2026-08-06 19:01:58,CAM_JUNCTION_01,830,Bus,0.849,10250,Southbound_Lane1,33.2,0
4310,2026-08-06 19:01:58,CAM_JUNCTION_01,831,Car,0.903,13221,Northbound_Lane1,2.4,0
4311,2026-08-06 19:01:58,CAM_JUNCTION_01,831,Car,0.887,16245,Northbound_Lane1,5.8,0
4312,2026-08-06 19:01:58,CAM_JUNCTION_01,831,Car,0.797,6409,Westbound_Lane1,43.7,0
4313,2026-08-06 19:01:58,CAM_JUNCTION_01,831,Car,0.829,8855,Eastbound_Lane1,31.6,0
4314,2026-08-06 19:01:58,CAM_JUNCTION_01,831,Car,0.853,7401,Northbound_Lane1,9.6,0
4315,2026-08-06 19:01:59,CAM_JUNCTION_01,832,Car,0.854,10689,Northbound_Lane2,6.1,0
4316,2026-08-06 19:01:59,CAM_JUNCTION_01,832,Car,0.919,1286,Northbound_Lane1,47.9,0
4317,2026-08-06 19:01:59,CAM_JUNCTION_01,832,Car,0.852,4207,Northbound_Lane2,14.3,0
4318,2026-08-06 19:01:59,CAM_JUNCTION_01,832,Car,0.916,7968,Northbound_Lane1,50.0,0
4319,2026-08-06 19:01:59,CAM_JUNCTION_01,833,Motorcycle,0.882,14438,Southbound_Lane1,14.4,0
4320,2026-08-06 19:01:59,CAM_JUNCTION_01,833,Car,0.914,4576,Westbound_Lane1,27.0,0
4321,2026-08-06 19:01:59,CAM_JUNCTION_01,833,Motorcycle,0.957,16825,Northbound_Lane1,10.6,0
4322,2026-08-06 19:01:59,CAM_JUNCTION_01,833,Bus,0.98,6663,Northbound_Lane2,25.9,0
4323,2026-08-06 19:01:59,CAM_JUNCTION_01,833,Car,0.802,2178,Southbound_Lane1,31.0,0
4324,2026-08-06 19:02:00,CAM_JUNCTION_01,834,Car,0.89,14038,Eastbound_Lane1,49.9,0
4325,2026-08-06 19:02:00,CAM_JUNCTION_01,834,Motorcycle,0.964,6176,Eastbound_Lane1,8.2,0
4326,2026-08-06 19:02:00,CAM_JUNCTION_01,834,Motorcycle,0.901,17782,Northbound_Lane2,29.1,0
4327,2026-08-06 19:02:00,CAM_JUNCTION_01,834,Car,0.928,5501,Northbound_Lane2,51.1,0
4328,2026-08-06 19:02:00,CAM_JUNCTION_01,834,Car,0.856,10555,Northbound_Lane2,45.4,0
4329,2026-08-06 19:02:00,CAM_JUNCTION_01,835,Car,0.811,2475,Westbound_Lane1,0.5,0
4330,2026-08-06 19:02:00,CAM_JUNCTION_01,835,Car,0.861,6612,Eastbound_Lane1,26.5,0
4331,2026-08-06 19:02:00,CAM_JUNCTION_01,835,Car,0.899,6112,Northbound_Lane2,0.6,0
4332,2026-08-06 19:02:01,CAM_JUNCTION_01,836,Bus,0.838,15237,Westbound_Lane1,39.7,0
4333,2026-08-06 19:02:01,CAM_JUNCTION_01,836,Rickshaw,0.808,14489,Northbound_Lane1,0.3,0
4334,2026-08-06 19:02:01,CAM_JUNCTION_01,836,Car,0.897,14978,Southbound_Lane1,18.7,0
4335,2026-08-06 19:02:01,CAM_JUNCTION_01,836,Bus,0.797,4173,Northbound_Lane2,16.2,0
4336,2026-08-06 19:02:01,CAM_JUNCTION_01,836,Car,0.9,12493,Eastbound_Lane1,53.8,0
4337,2026-08-06 19:02:01,CAM_JUNCTION_01,837,Car,0.826,11272,Northbound_Lane2,16.2,0
4338,2026-08-06 19:02:01,CAM_JUNCTION_01,837,Car,0.787,8401,Northbound_Lane1,45.9,0
4339,2026-08-06 19:02:02,CAM_JUNCTION_01,838,Car,0.886,3641,Westbound_Lane1,19.6,0
4340,2026-08-06 19:02:02,CAM_JUNCTION_01,838,Car,0.964,11593,Westbound_Lane1,45.2,0
4341,2026-08-06 19:02:02,CAM_JUNCTION_01,838,Car,0.874,4116,Westbound_Lane1,9.8,0
4342,2026-08-06 19:02:02,CAM_JUNCTION_01,839,Car,0.948,6507,Eastbound_Lane1,38.2,0
4343,2026-08-06 19:02:02,CAM_JUNCTION_01,839,Car,0.816,1390,Westbound_Lane1,20.9,0
4344,2026-08-06 19:02:02,CAM_JUNCTION_01,839,Motorcycle,0.966,5514,Northbound_Lane2,3.0,0
4345,2026-08-06 19:02:02,CAM_JUNCTION_01,839,Car,0.918,10820,Southbound_Lane1,50.6,0
4346,2026-08-06 19:02:02,CAM_JUNCTION_01,839,Car,0.818,12838,Northbound_Lane2,22.6,0
4347,2026-08-06 19:02:02,CAM_JUNCTION_01,839,Truck,0.84,8979,Northbound_Lane1,8.5,0
4348,2026-08-06 19:02:03,CAM_JUNCTION_01,840,Car,0.873,10388,Eastbound_Lane1,32.6,0
4349,2026-08-06 19:02:03,CAM_JUNCTION_01,840,Car,0.945,15608,Westbound_Lane1,49.0,0
4350,2026-08-06 19:02:03,CAM_JUNCTION_01,840,Car,0.87,8741,Eastbound_Lane1,28.7,0
4351,2026-08-06 19:02:03,CAM_JUNCTION_01,840,Car,0.861,14356,Westbound_Lane1,29.4,0
4352,2026-08-06 19:02:03,CAM_JUNCTION_01,840,Car,0.79,2511,Northbound_Lane1,27.1,0
4353,2026-08-06 19:02:03,CAM_JUNCTION_01,840,Car,0.95,17670,Northbound_Lane2,6.8,0
4354,2026-08-06 19:02:03,CAM_JUNCTION_01,841,Car,0.787,6354,Northbound_Lane2,51.2,0
4355,2026-08-06 19:02:03,CAM_JUNCTION_01,841,Car,0.938,15878,Eastbound_Lane1,38.6,0
4356,2026-08-06 19:02:04,CAM_JUNCTION_01,842,Car,0.941,10090,Eastbound_Lane1,34.3,0
4357,2026-08-06 19:02:04,CAM_JUNCTION_01,842,Car,0.863,11921,Northbound_Lane1,52.5,0
4358,2026-08-06 19:02:04,CAM_JUNCTION_01,842,Car,0.842,7787,Northbound_Lane2,10.0,0
4359,2026-08-06 19:02:04,CAM_JUNCTION_01,842,Car,0.886,6145,Southbound_Lane1,16.9,0
4360,2026-08-06 19:02:04,CAM_JUNCTION_01,842,Bus,0.816,17869,Eastbound_Lane1,32.7,0
4361,2026-08-06 19:02:04,CAM_JUNCTION_01,843,Car,0.786,4226,Northbound_Lane2,31.2,0
4362,2026-08-06 19:02:04,CAM_JUNCTION_01,843,Car,0.79,9061,Eastbound_Lane1,54.3,0
4363,2026-08-06 19:02:04,CAM_JUNCTION_01,843,Car,0.946,16563,Northbound_Lane1,32.5,0
4364,2026-08-06 19:02:04,CAM_JUNCTION_01,843,Car,0.826,13505,Northbound_Lane1,16.3,0
4365,2026-08-06 19:02:05,CAM_JUNCTION_01,844,Motorcycle,0.861,12289,Westbound_Lane1,37.7,0
4366,2026-08-06 19:02:05,CAM_JUNCTION_01,844,Car,0.948,16093,Northbound_Lane2,48.6,0
4367,2026-08-06 19:02:05,CAM_JUNCTION_01,844,Rickshaw,0.808,7879,Eastbound_Lane1,8.8,0
4368,2026-08-06 19:02:05,CAM_JUNCTION_01,844,Car,0.802,13062,Eastbound_Lane1,54.2,0
4369,2026-08-06 19:02:05,CAM_JUNCTION_01,844,Car,0.789,9731,Eastbound_Lane1,0.4,0
4370,2026-08-06 19:02:05,CAM_JUNCTION_01,844,Motorcycle,0.83,10330,Northbound_Lane2,12.6,0
4371,2026-08-06 19:02:05,CAM_JUNCTION_01,845,Car,0.919,11684,Westbound_Lane1,30.8,0
4372,2026-08-06 19:02:05,CAM_JUNCTION_01,845,Car,0.975,13140,Eastbound_Lane1,14.4,0
4373,2026-08-06 19:02:05,CAM_JUNCTION_01,845,Car,0.823,3902,Northbound_Lane2,3.0,0
4374,2026-08-06 19:02:06,CAM_JUNCTION_01,846,Car,0.837,16239,Northbound_Lane2,35.4,0
4375,2026-08-06 19:02:06,CAM_JUNCTION_01,846,Car,0.902,3893,Westbound_Lane1,32.2,0
4376,2026-08-06 19:02:06,CAM_JUNCTION_01,846,Car,0.905,1869,Southbound_Lane1,16.7,0
4377,2026-08-06 19:02:06,CAM_JUNCTION_01,847,Car,0.945,3005,Eastbound_Lane1,21.0,0
4378,2026-08-06 19:02:06,CAM_JUNCTION_01,847,Car,0.943,1810,Eastbound_Lane1,27.6,0
4379,2026-08-06 19:02:07,CAM_JUNCTION_01,848,Car,0.946,4642,Eastbound_Lane1,53.9,0
4380,2026-08-06 19:02:07,CAM_JUNCTION_01,848,Car,0.881,16619,Eastbound_Lane1,15.3,0
4381,2026-08-06 19:02:07,CAM_JUNCTION_01,848,Car,0.885,5256,Eastbound_Lane1,48.7,0
4382,2026-08-06 19:02:07,CAM_JUNCTION_01,849,Car,0.972,15708,Northbound_Lane1,42.3,0
4383,2026-08-06 19:02:07,CAM_JUNCTION_01,849,Car,0.935,10474,Westbound_Lane1,21.4,0
4384,2026-08-06 19:02:07,CAM_JUNCTION_01,849,Ambulance,0.857,10224,Northbound_Lane1,52.6,1
4385,2026-08-06 19:02:07,CAM_JUNCTION_01,849,Car,0.954,13995,Northbound_Lane2,29.6,0
4386,2026-08-06 19:02:08,CAM_JUNCTION_01,850,Car,0.794,16805,Westbound_Lane1,29.1,0
4387,2026-08-06 19:02:08,CAM_JUNCTION_01,850,Bus,0.914,4129,Northbound_Lane2,50.6,0
4388,2026-08-06 19:02:08,CAM_JUNCTION_01,850,Motorcycle,0.786,16099,Northbound_Lane2,33.4,0
4389,2026-08-06 19:02:08,CAM_JUNCTION_01,850,Car,0.96,2653,Eastbound_Lane1,41.3,0
4390,2026-08-06 19:02:08,CAM_JUNCTION_01,851,Car,0.945,3203,Northbound_Lane2,36.2,0
4391,2026-08-06 19:02:08,CAM_JUNCTION_01,851,Car,0.793,7686,Northbound_Lane2,9.0,0
4392,2026-08-06 19:02:09,CAM_JUNCTION_01,852,Car,0.903,8098,Westbound_Lane1,39.6,0
4393,2026-08-06 19:02:09,CAM_JUNCTION_01,852,Car,0.852,11768,Eastbound_Lane1,22.8,0
4394,2026-08-06 19:02:09,CAM_JUNCTION_01,852,Car,0.978,5075,Westbound_Lane1,6.3,0
4395,2026-08-06 19:02:09,CAM_JUNCTION_01,852,Car,0.962,5282,Westbound_Lane1,38.3,0
4396,2026-08-06 19:02:09,CAM_JUNCTION_01,852,Car,0.81,9180,Southbound_Lane1,46.5,0
4397,2026-08-06 19:02:09,CAM_JUNCTION_01,852,Motorcycle,0.852,13606,Northbound_Lane1,28.3,0
4398,2026-08-06 19:02:09,CAM_JUNCTION_01,853,Car,0.825,13976,Northbound_Lane2,54.6,0
4399,2026-08-06 19:02:09,CAM_JUNCTION_01,853,Car,0.949,6150,Northbound_Lane1,14.8,0
4400,2026-08-06 19:02:09,CAM_JUNCTION_01,853,Car,0.97,10034,Northbound_Lane1,0.4,0
4401,2026-08-06 19:02:10,CAM_JUNCTION_01,854,Truck,0.834,17197,Eastbound_Lane1,15.9,0
4402,2026-08-06 19:02:10,CAM_JUNCTION_01,854,Car,0.898,15854,Westbound_Lane1,49.5,0
4403,2026-08-06 19:02:10,CAM_JUNCTION_01,854,Car,0.926,8961,Westbound_Lane1,27.7,0
4404,2026-08-06 19:02:10,CAM_JUNCTION_01,854,Car,0.877,9026,Eastbound_Lane1,29.6,0
4405,2026-08-06 19:02:10,CAM_JUNCTION_01,855,Car,0.953,12769,Northbound_Lane1,34.0,0
4406,2026-08-06 19:02:10,CAM_JUNCTION_01,855,Car,0.955,8014,Westbound_Lane1,15.3,0
4407,2026-08-06 19:02:11,CAM_JUNCTION_01,856,Truck,0.912,13975,Southbound_Lane1,21.8,0
4408,2026-08-06 19:02:11,CAM_JUNCTION_01,856,Car,0.924,11769,Northbound_Lane1,24.0,0
4409,2026-08-06 19:02:11,CAM_JUNCTION_01,856,Motorcycle,0.937,15971,Northbound_Lane2,19.6,0
4410,2026-08-06 19:02:11,CAM_JUNCTION_01,856,Car,0.959,11451,Northbound_Lane2,0.8,0
4411,2026-08-06 19:02:11,CAM_JUNCTION_01,856,Car,0.841,2093,Eastbound_Lane1,9.5,0
4412,2026-08-06 19:02:11,CAM_JUNCTION_01,856,Car,0.894,16711,Southbound_Lane1,25.4,0
4413,2026-08-06 19:02:11,CAM_JUNCTION_01,857,Car,0.787,8526,Westbound_Lane1,27.1,0
4414,2026-08-06 19:02:11,CAM_JUNCTION_01,857,Car,0.935,16048,Northbound_Lane2,45.7,0
4415,2026-08-06 19:02:11,CAM_JUNCTION_01,857,Car,0.852,12832,Southbound_Lane1,14.2,0
4416,2026-08-06 19:02:11,CAM_JUNCTION_01,857,Car,0.836,4995,Eastbound_Lane1,37.4,0
4417,2026-08-06 19:02:11,CAM_JUNCTION_01,857,Bus,0.831,2384,Southbound_Lane1,17.5,0
4418,2026-08-06 19:02:11,CAM_JUNCTION_01,857,Car,0.866,10184,Eastbound_Lane1,40.9,0
4419,2026-08-06 19:02:12,CAM_JUNCTION_01,858,Car,0.799,17356,Northbound_Lane1,47.2,0
4420,2026-08-06 19:02:12,CAM_JUNCTION_01,858,Car,0.846,10239,Westbound_Lane1,23.9,0
4421,2026-08-06 19:02:12,CAM_JUNCTION_01,858,Car,0.783,10345,Eastbound_Lane1,22.2,0
4422,2026-08-06 19:02:12,CAM_JUNCTION_01,858,Motorcycle,0.971,10029,Southbound_Lane1,22.3,0
4423,2026-08-06 19:02:12,CAM_JUNCTION_01,858,Car,0.975,1622,Northbound_Lane2,34.7,0
4424,2026-08-06 19:02:12,CAM_JUNCTION_01,859,Bus,0.865,8856,Westbound_Lane1,54.0,0
4425,2026-08-06 19:02:12,CAM_JUNCTION_01,859,Truck,0.869,3727,Northbound_Lane2,3.8,0
4426,2026-08-06 19:02:12,CAM_JUNCTION_01,859,Car,0.86,6518,Southbound_Lane1,31.6,0
4427,2026-08-06 19:02:13,CAM_JUNCTION_01,860,Truck,0.797,8180,Northbound_Lane1,20.3,0
4428,2026-08-06 19:02:13,CAM_JUNCTION_01,860,Car,0.929,6139,Eastbound_Lane1,17.5,0
4429,2026-08-06 19:02:13,CAM_JUNCTION_01,860,Bus,0.842,2777,Eastbound_Lane1,8.5,0
4430,2026-08-06 19:02:13,CAM_JUNCTION_01,860,Car,0.781,11164,Northbound_Lane2,46.9,0
4431,2026-08-06 19:02:13,CAM_JUNCTION_01,860,Car,0.835,16958,Eastbound_Lane1,10.3,0
4432,2026-08-06 19:02:13,CAM_JUNCTION_01,861,Car,0.963,17704,Westbound_Lane1,40.9,0
4433,2026-08-06 19:02:13,CAM_JUNCTION_01,861,Rickshaw,0.907,10331,Eastbound_Lane1,8.9,0
4434,2026-08-06 19:02:14,CAM_JUNCTION_01,862,Bus,0.826,4795,Westbound_Lane1,3.0,0
4435,2026-08-06 19:02:14,CAM_JUNCTION_01,862,Bus,0.893,13929,Northbound_Lane1,32.7,0
4436,2026-08-06 19:02:14,CAM_JUNCTION_01,862,Car,0.828,6432,Southbound_Lane1,30.1,0
4437,2026-08-06 19:02:14,CAM_JUNCTION_01,862,Car,0.875,8179,Eastbound_Lane1,34.2,0
4438,2026-08-06 19:02:14,CAM_JUNCTION_01,863,Car,0.926,15268,Eastbound_Lane1,12.9,0
4439,2026-08-06 19:02:14,CAM_JUNCTION_01,863,Car,0.798,2884,Eastbound_Lane1,51.9,0
4440,2026-08-06 19:02:14,CAM_JUNCTION_01,863,Car,0.9,4096,Northbound_Lane2,12.9,0
4441,2026-08-06 19:02:15,CAM_JUNCTION_01,864,Motorcycle,0.831,13655,Southbound_Lane1,52.3,0
4442,2026-08-06 19:02:15,CAM_JUNCTION_01,864,Car,0.784,3196,Northbound_Lane1,51.7,0
4443,2026-08-06 19:02:15,CAM_JUNCTION_01,864,Car,0.82,17802,Northbound_Lane1,52.3,0
4444,2026-08-06 19:02:15,CAM_JUNCTION_01,865,Car,0.974,5478,Southbound_Lane1,44.1,0
4445,2026-08-06 19:02:15,CAM_JUNCTION_01,865,Car,0.896,17650,Westbound_Lane1,21.2,0
4446,2026-08-06 19:02:15,CAM_JUNCTION_01,865,Car,0.827,15201,Eastbound_Lane1,31.0,0
4447,2026-08-06 19:02:15,CAM_JUNCTION_01,865,Car,0.969,5763,Westbound_Lane1,45.9,0
4448,2026-08-06 19:02:15,CAM_JUNCTION_01,865,Car,0.814,15721,Westbound_Lane1,52.2,0
4449,2026-08-06 19:02:15,CAM_JUNCTION_01,865,Car,0.937,15100,Northbound_Lane1,1.3,0
4450,2026-08-06 19:02:16,CAM_JUNCTION_01,866,Truck,0.96,6083,Northbound_Lane1,28.9,0
4451,2026-08-06 19:02:16,CAM_JUNCTION_01,866,Motorcycle,0.804,16299,Westbound_Lane1,19.6,0
4452,2026-08-06 19:02:16,CAM_JUNCTION_01,866,Car,0.796,12534,Northbound_Lane2,47.9,0
4453,2026-08-06 19:02:16,CAM_JUNCTION_01,866,Car,0.945,15534,Northbound_Lane1,27.7,0
4454,2026-08-06 19:02:16,CAM_JUNCTION_01,866,Car,0.935,12055,Northbound_Lane2,20.4,0
4455,2026-08-06 19:02:16,CAM_JUNCTION_01,867,Car,0.878,5270,Eastbound_Lane1,31.9,0
4456,2026-08-06 19:02:16,CAM_JUNCTION_01,867,Car,0.833,2929,Southbound_Lane1,11.3,0
4457,2026-08-06 19:02:16,CAM_JUNCTION_01,867,Car,0.782,10299,Northbound_Lane1,10.0,0
4458,2026-08-06 19:02:16,CAM_JUNCTION_01,867,Car,0.865,9768,Northbound_Lane2,14.7,0
4459,2026-08-06 19:02:17,CAM_JUNCTION_01,868,Motorcycle,0.913,5684,Northbound_Lane1,28.2,0
4460,2026-08-06 19:02:17,CAM_JUNCTION_01,868,Car,0.822,9235,Northbound_Lane2,48.1,0
4461,2026-08-06 19:02:17,CAM_JUNCTION_01,868,Motorcycle,0.888,17156,Eastbound_Lane1,10.3,0
4462,2026-08-06 19:02:17,CAM_JUNCTION_01,868,Car,0.95,8830,Northbound_Lane2,38.9,0
4463,2026-08-06 19:02:17,CAM_JUNCTION_01,868,Car,0.928,15580,Eastbound_Lane1,50.3,0
4464,2026-08-06 19:02:17,CAM_JUNCTION_01,868,Car,0.923,5168,Westbound_Lane1,43.9,0
4465,2026-08-06 19:02:17,CAM_JUNCTION_01,869,Car,0.792,11594,Southbound_Lane1,42.7,0
4466,2026-08-06 19:02:17,CAM_JUNCTION_01,869,Car,0.945,4909,Westbound_Lane1,34.0,0
4467,2026-08-06 19:02:17,CAM_JUNCTION_01,869,Car,0.914,4503,Northbound_Lane1,43.0,0
4468,2026-08-06 19:02:18,CAM_JUNCTION_01,870,Car,0.864,3847,Eastbound_Lane1,40.7,0
4469,2026-08-06 19:02:18,CAM_JUNCTION_01,870,Car,0.849,2490,Eastbound_Lane1,22.3,0
4470,2026-08-06 19:02:18,CAM_JUNCTION_01,870,Bus,0.906,8413,Southbound_Lane1,18.9,0
4471,2026-08-06 19:02:18,CAM_JUNCTION_01,871,Car,0.971,3526,Southbound_Lane1,29.6,0
4472,2026-08-06 19:02:18,CAM_JUNCTION_01,871,Car,0.961,5632,Westbound_Lane1,29.3,0
4473,2026-08-06 19:02:18,CAM_JUNCTION_01,871,Car,0.891,16475,Eastbound_Lane1,2.6,0
4474,2026-08-06 19:02:18,CAM_JUNCTION_01,871,Motorcycle,0.802,14027,Eastbound_Lane1,54.0,0
4475,2026-08-06 19:02:18,CAM_JUNCTION_01,871,Bus,0.911,15682,Northbound_Lane2,46.6,0
4476,2026-08-06 19:02:18,CAM_JUNCTION_01,871,Truck,0.93,15413,Northbound_Lane2,43.7,0
4477,2026-08-06 19:02:19,CAM_JUNCTION_01,872,Car,0.963,11570,Northbound_Lane1,0.0,0
4478,2026-08-06 19:02:19,CAM_JUNCTION_01,872,Car,0.81,6092,Southbound_Lane1,50.5,0
4479,2026-08-06 19:02:19,CAM_JUNCTION_01,872,Car,0.782,3886,Eastbound_Lane1,14.5,0
4480,2026-08-06 19:02:19,CAM_JUNCTION_01,872,Motorcycle,0.943,10927,Southbound_Lane1,46.6,0
4481,2026-08-06 19:02:19,CAM_JUNCTION_01,873,Car,0.899,11251,Southbound_Lane1,22.3,0
4482,2026-08-06 19:02:19,CAM_JUNCTION_01,873,Car,0.865,15529,Westbound_Lane1,0.9,0
4483,2026-08-06 19:02:20,CAM_JUNCTION_01,874,Car,0.918,3160,Westbound_Lane1,19.6,0
4484,2026-08-06 19:02:20,CAM_JUNCTION_01,874,Car,0.882,6142,Northbound_Lane2,41.1,0
4485,2026-08-06 19:02:20,CAM_JUNCTION_01,874,Bus,0.956,5069,Eastbound_Lane1,17.5,0
4486,2026-08-06 19:02:20,CAM_JUNCTION_01,875,Car,0.947,17566,Southbound_Lane1,10.5,0
4487,2026-08-06 19:02:20,CAM_JUNCTION_01,875,Car,0.963,2054,Westbound_Lane1,35.3,0
4488,2026-08-06 19:02:20,CAM_JUNCTION_01,875,Car,0.858,17931,Southbound_Lane1,50.7,0
4489,2026-08-06 19:02:21,CAM_JUNCTION_01,876,Rickshaw,0.874,6667,Eastbound_Lane1,48.0,0
4490,2026-08-06 19:02:21,CAM_JUNCTION_01,876,Motorcycle,0.816,8455,Eastbound_Lane1,38.6,0
4491,2026-08-06 19:02:21,CAM_JUNCTION_01,876,Car,0.879,12258,Eastbound_Lane1,50.8,0
4492,2026-08-06 19:02:21,CAM_JUNCTION_01,877,Car,0.953,13766,Northbound_Lane1,42.9,0
4493,2026-08-06 19:02:21,CAM_JUNCTION_01,877,Motorcycle,0.918,3823,Northbound_Lane2,37.3,0
4494,2026-08-06 19:02:21,CAM_JUNCTION_01,877,Car,0.86,2729,Eastbound_Lane1,21.4,0
4495,2026-08-06 19:02:21,CAM_JUNCTION_01,877,Car,0.844,3252,Northbound_Lane2,5.2,0
4496,2026-08-06 19:02:21,CAM_JUNCTION_01,877,Car,0.795,7987,Eastbound_Lane1,36.4,0
4497,2026-08-06 19:02:22,CAM_JUNCTION_01,878,Car,0.975,16212,Northbound_Lane1,12.8,0
4498,2026-08-06 19:02:22,CAM_JUNCTION_01,878,Car,0.98,1712,Westbound_Lane1,27.0,0
4499,2026-08-06 19:02:22,CAM_JUNCTION_01,878,Car,0.821,4473,Westbound_Lane1,4.0,0
4500,2026-08-06 19:02:22,CAM_JUNCTION_01,878,Car,0.95,5636,Southbound_Lane1,42.6,0
4501,2026-08-06 19:02:22,CAM_JUNCTION_01,878,Car,0.964,1236,Northbound_Lane1,42.0,0
4502,2026-08-06 19:02:22,CAM_JUNCTION_01,878,Truck,0.957,6809,Southbound_Lane1,46.0,0
4503,2026-08-06 19:02:22,CAM_JUNCTION_01,879,Car,0.788,14026,Southbound_Lane1,54.5,0
4504,2026-08-06 19:02:22,CAM_JUNCTION_01,879,Car,0.928,4246,Eastbound_Lane1,5.9,0
4505,2026-08-06 19:02:22,CAM_JUNCTION_01,879,Car,0.817,13388,Northbound_Lane2,36.4,0
4506,2026-08-06 19:02:23,CAM_JUNCTION_01,880,Car,0.924,5465,Westbound_Lane1,41.9,0
4507,2026-08-06 19:02:23,CAM_JUNCTION_01,880,Car,0.807,9316,Southbound_Lane1,12.8,0
4508,2026-08-06 19:02:23,CAM_JUNCTION_01,880,Car,0.854,5621,Northbound_Lane1,47.9,0
4509,2026-08-06 19:02:23,CAM_JUNCTION_01,881,Car,0.792,15915,Westbound_Lane1,34.9,0
4510,2026-08-06 19:02:23,CAM_JUNCTION_01,881,Car,0.949,8150,Southbound_Lane1,41.2,0
4511,2026-08-06 19:02:24,CAM_JUNCTION_01,882,Bus,0.961,11863,Northbound_Lane1,43.2,0
4512,2026-08-06 19:02:24,CAM_JUNCTION_01,882,Car,0.909,10137,Northbound_Lane1,46.5,0
4513,2026-08-06 19:02:24,CAM_JUNCTION_01,882,Car,0.929,13206,Eastbound_Lane1,4.5,0
4514,2026-08-06 19:02:24,CAM_JUNCTION_01,882,Car,0.895,15847,Westbound_Lane1,52.3,0
4515,2026-08-06 19:02:24,CAM_JUNCTION_01,882,Rickshaw,0.828,15013,Northbound_Lane1,26.6,0
4516,2026-08-06 19:02:24,CAM_JUNCTION_01,883,Car,0.837,13375,Northbound_Lane2,31.3,0
4517,2026-08-06 19:02:24,CAM_JUNCTION_01,883,Car,0.974,12481,Northbound_Lane1,44.6,0
4518,2026-08-06 19:02:24,CAM_JUNCTION_01,883,Car,0.975,8163,Northbound_Lane1,26.4,0
4519,2026-08-06 19:02:24,CAM_JUNCTION_01,883,Car,0.959,13212,Northbound_Lane2,54.5,0
4520,2026-08-06 19:02:25,CAM_JUNCTION_01,884,Car,0.852,13385,Northbound_Lane2,43.6,0
4521,2026-08-06 19:02:25,CAM_JUNCTION_01,884,Car,0.868,9325,Northbound_Lane1,21.7,0
4522,2026-08-06 19:02:25,CAM_JUNCTION_01,884,Car,0.897,4031,Westbound_Lane1,31.5,0
4523,2026-08-06 19:02:25,CAM_JUNCTION_01,884,Car,0.959,17695,Eastbound_Lane1,11.6,0
4524,2026-08-06 19:02:25,CAM_JUNCTION_01,884,Car,0.968,4358,Northbound_Lane2,22.3,0
4525,2026-08-06 19:02:25,CAM_JUNCTION_01,885,Car,0.863,2436,Northbound_Lane1,38.4,0
4526,2026-08-06 19:02:25,CAM_JUNCTION_01,885,Car,0.877,1673,Southbound_Lane1,24.1,0
4527,2026-08-06 19:02:25,CAM_JUNCTION_01,885,Bus,0.789,16118,Northbound_Lane1,29.5,0
4528,2026-08-06 19:02:26,CAM_JUNCTION_01,886,Motorcycle,0.927,8038,Eastbound_Lane1,28.0,0
4529,2026-08-06 19:02:26,CAM_JUNCTION_01,886,Bus,0.864,12936,Westbound_Lane1,42.8,0
4530,2026-08-06 19:02:26,CAM_JUNCTION_01,886,Car,0.844,3161,Northbound_Lane2,21.0,0
4531,2026-08-06 19:02:26,CAM_JUNCTION_01,886,Car,0.859,7722,Northbound_Lane1,52.8,0
4532,2026-08-06 19:02:26,CAM_JUNCTION_01,886,Car,0.976,7220,Eastbound_Lane1,38.1,0
4533,2026-08-06 19:02:26,CAM_JUNCTION_01,887,Car,0.844,12190,Northbound_Lane1,20.2,0
4534,2026-08-06 19:02:26,CAM_JUNCTION_01,887,Car,0.822,17696,Eastbound_Lane1,16.5,0
4535,2026-08-06 19:02:26,CAM_JUNCTION_01,887,Motorcycle,0.898,15217,Southbound_Lane1,13.5,0
4536,2026-08-06 19:02:27,CAM_JUNCTION_01,888,Rickshaw,0.855,6305,Northbound_Lane2,9.2,0
4537,2026-08-06 19:02:27,CAM_JUNCTION_01,888,Car,0.821,13470,Southbound_Lane1,45.4,0
4538,2026-08-06 19:02:27,CAM_JUNCTION_01,888,Car,0.844,16957,Westbound_Lane1,32.4,0
4539,2026-08-06 19:02:27,CAM_JUNCTION_01,888,Car,0.971,17871,Eastbound_Lane1,52.9,0
4540,2026-08-06 19:02:27,CAM_JUNCTION_01,888,Car,0.797,12344,Southbound_Lane1,44.7,0
4541,2026-08-06 19:02:27,CAM_JUNCTION_01,888,Car,0.804,6906,Southbound_Lane1,7.7,0
4542,2026-08-06 19:02:27,CAM_JUNCTION_01,889,Car,0.867,9356,Northbound_Lane1,29.0,0
4543,2026-08-06 19:02:27,CAM_JUNCTION_01,889,Car,0.925,15512,Eastbound_Lane1,14.2,0
4544,2026-08-06 19:02:27,CAM_JUNCTION_01,889,Car,0.807,16025,Northbound_Lane2,29.8,0
4545,2026-08-06 19:02:27,CAM_JUNCTION_01,889,Car,0.818,6494,Northbound_Lane2,43.8,0
4546,2026-08-06 19:02:27,CAM_JUNCTION_01,889,Car,0.869,13368,Northbound_Lane2,18.6,0
4547,2026-08-06 19:02:27,CAM_JUNCTION_01,889,Motorcycle,0.955,16424,Westbound_Lane1,22.8,0
4548,2026-08-06 19:02:28,CAM_JUNCTION_01,890,Car,0.975,3580,Northbound_Lane2,3.9,0
4549,2026-08-06 19:02:28,CAM_JUNCTION_01,890,Car,0.788,1531,Northbound_Lane2,27.8,0
4550,2026-08-06 19:02:28,CAM_JUNCTION_01,890,Car,0.846,4161,Northbound_Lane2,3.8,0
4551,2026-08-06 19:02:28,CAM_JUNCTION_01,890,Bus,0.865,13146,Northbound_Lane2,37.3,0
4552,2026-08-06 19:02:28,CAM_JUNCTION_01,891,Car,0.818,15905,Northbound_Lane2,24.8,0
4553,2026-08-06 19:02:28,CAM_JUNCTION_01,891,Car,0.821,7883,Southbound_Lane1,33.2,0
4554,2026-08-06 19:02:28,CAM_JUNCTION_01,891,Car,0.863,15541,Northbound_Lane2,5.2,0
4555,2026-08-06 19:02:28,CAM_JUNCTION_01,891,Motorcycle,0.97,15874,Northbound_Lane2,34.0,0
4556,2026-08-06 19:02:29,CAM_JUNCTION_01,892,Car,0.866,2337,Northbound_Lane2,16.0,0
4557,2026-08-06 19:02:29,CAM_JUNCTION_01,892,Car,0.888,6956,Southbound_Lane1,50.7,0
4558,2026-08-06 19:02:29,CAM_JUNCTION_01,892,Car,0.974,11821,Eastbound_Lane1,2.5,0
4559,2026-08-06 19:02:29,CAM_JUNCTION_01,892,Car,0.94,12783,Northbound_Lane2,46.5,0
4560,2026-08-06 19:02:29,CAM_JUNCTION_01,893,Truck,0.933,17035,Southbound_Lane1,43.8,0
4561,2026-08-06 19:02:29,CAM_JUNCTION_01,893,Car,0.905,16538,Northbound_Lane2,20.2,0
4562,2026-08-06 19:02:29,CAM_JUNCTION_01,893,Car,0.889,3721,Eastbound_Lane1,38.0,0
4563,2026-08-06 19:02:29,CAM_JUNCTION_01,893,Car,0.791,13763,Eastbound_Lane1,34.0,0
4564,2026-08-06 19:02:30,CAM_JUNCTION_01,894,Car,0.833,7042,Westbound_Lane1,10.8,0
4565,2026-08-06 19:02:30,CAM_JUNCTION_01,894,Car,0.871,2988,Southbound_Lane1,41.0,0
4566,2026-08-06 19:02:30,CAM_JUNCTION_01,894,Rickshaw,0.922,12242,Westbound_Lane1,32.8,0
4567,2026-08-06 19:02:30,CAM_JUNCTION_01,895,Truck,0.887,6829,Southbound_Lane1,2.2,0
4568,2026-08-06 19:02:30,CAM_JUNCTION_01,895,Car,0.842,11810,Northbound_Lane2,1.4,0
4569,2026-08-06 19:02:31,CAM_JUNCTION_01,896,Bus,0.854,13172,Eastbound_Lane1,48.5,0
4570,2026-08-06 19:02:31,CAM_JUNCTION_01,896,Car,0.952,10157,Northbound_Lane2,46.5,0
4571,2026-08-06 19:02:31,CAM_JUNCTION_01,897,Motorcycle,0.961,7370,Southbound_Lane1,2.9,0
4572,2026-08-06 19:02:31,CAM_JUNCTION_01,897,Car,0.979,7840,Westbound_Lane1,13.5,0
4573,2026-08-06 19:02:31,CAM_JUNCTION_01,897,Car,0.789,15095,Southbound_Lane1,41.0,0
4574,2026-08-06 19:02:31,CAM_JUNCTION_01,897,Motorcycle,0.902,9188,Westbound_Lane1,41.4,0
4575,2026-08-06 19:02:32,CAM_JUNCTION_01,898,Car,0.932,1574,Eastbound_Lane1,41.1,0
4576,2026-08-06 19:02:32,CAM_JUNCTION_01,898,Car,0.929,10353,Southbound_Lane1,54.0,0
4577,2026-08-06 19:02:32,CAM_JUNCTION_01,898,Motorcycle,0.832,7933,Westbound_Lane1,43.7,0
4578,2026-08-06 19:02:32,CAM_JUNCTION_01,898,Car,0.952,8727,Northbound_Lane1,47.8,0
4579,2026-08-06 19:02:32,CAM_JUNCTION_01,898,Car,0.928,3539,Northbound_Lane2,40.0,0
4580,2026-08-06 19:02:32,CAM_JUNCTION_01,899,Motorcycle,0.825,11488,Eastbound_Lane1,43.9,0
4581,2026-08-06 19:02:32,CAM_JUNCTION_01,899,Car,0.973,3038,Westbound_Lane1,43.1,0
4582,2026-08-06 19:02:32,CAM_JUNCTION_01,899,Car,0.848,4869,Southbound_Lane1,40.1,0
4583,2026-08-06 19:02:32,CAM_JUNCTION_01,899,Car,0.803,12358,Northbound_Lane2,32.5,0
4584,2026-08-06 19:02:32,CAM_JUNCTION_01,899,Car,0.783,10025,Northbound_Lane1,34.3,0
4585,2026-08-06 19:02:32,CAM_JUNCTION_01,899,Car,0.942,13222,Northbound_Lane2,22.8,0
4586,2026-08-06 19:02:33,CAM_JUNCTION_01,900,Car,0.826,13387,Eastbound_Lane1,37.9,0
4587,2026-08-06 19:02:33,CAM_JUNCTION_01,900,Car,0.836,16377,Northbound_Lane1,36.8,0
4588,2026-08-06 19:02:33,CAM_JUNCTION_01,900,Car,0.803,11413,Westbound_Lane1,12.5,0
4589,2026-08-06 19:02:33,CAM_JUNCTION_01,900,Car,0.824,10820,Northbound_Lane2,28.0,0
4590,2026-08-06 19:02:33,CAM_JUNCTION_01,900,Car,0.948,6055,Northbound_Lane1,37.3,0
4591,2026-08-06 19:02:33,CAM_JUNCTION_01,900,Car,0.832,9333,Eastbound_Lane1,34.2,0
4592,2026-08-06 19:02:33,CAM_JUNCTION_01,901,Car,0.841,2721,Northbound_Lane2,21.4,0
4593,2026-08-06 19:02:33,CAM_JUNCTION_01,901,Car,0.874,3032,Southbound_Lane1,6.8,0
4594,2026-08-06 19:02:34,CAM_JUNCTION_01,902,Car,0.943,1932,Northbound_Lane1,51.7,0
4595,2026-08-06 19:02:34,CAM_JUNCTION_01,902,Car,0.932,1997,Westbound_Lane1,2.0,0
4596,2026-08-06 19:02:34,CAM_JUNCTION_01,902,Car,0.815,6784,Southbound_Lane1,16.6,0
4597,2026-08-06 19:02:34,CAM_JUNCTION_01,902,Motorcycle,0.794,5456,Southbound_Lane1,33.9,0
4598,2026-08-06 19:02:34,CAM_JUNCTION_01,902,Car,0.913,11454,Northbound_Lane1,2.8,0
4599,2026-08-06 19:02:34,CAM_JUNCTION_01,903,Motorcycle,0.955,7627,Southbound_Lane1,9.8,0
4600,2026-08-06 19:02:34,CAM_JUNCTION_01,903,Car,0.834,17936,Northbound_Lane2,27.2,0
4601,2026-08-06 19:02:34,CAM_JUNCTION_01,903,Car,0.944,2903,Southbound_Lane1,44.9,0
4602,2026-08-06 19:02:34,CAM_JUNCTION_01,903,Motorcycle,0.783,8631,Eastbound_Lane1,38.4,0
4603,2026-08-06 19:02:35,CAM_JUNCTION_01,904,Rickshaw,0.906,6733,Northbound_Lane2,52.2,0
4604,2026-08-06 19:02:35,CAM_JUNCTION_01,904,Motorcycle,0.897,16253,Northbound_Lane2,45.9,0
4605,2026-08-06 19:02:35,CAM_JUNCTION_01,904,Car,0.878,14442,Eastbound_Lane1,25.0,0
4606,2026-08-06 19:02:35,CAM_JUNCTION_01,904,Motorcycle,0.876,13983,Eastbound_Lane1,3.8,0
4607,2026-08-06 19:02:35,CAM_JUNCTION_01,904,Car,0.941,10391,Northbound_Lane2,38.2,0
4608,2026-08-06 19:02:35,CAM_JUNCTION_01,904,Car,0.783,6003,Southbound_Lane1,29.7,0
4609,2026-08-06 19:02:35,CAM_JUNCTION_01,905,Car,0.916,1820,Northbound_Lane1,52.8,0
4610,2026-08-06 19:02:35,CAM_JUNCTION_01,905,Car,0.979,7627,Eastbound_Lane1,25.4,0
4611,2026-08-06 19:02:35,CAM_JUNCTION_01,905,Car,0.96,1612,Southbound_Lane1,37.2,0
4612,2026-08-06 19:02:35,CAM_JUNCTION_01,905,Motorcycle,0.913,13891,Westbound_Lane1,25.4,0
4613,2026-08-06 19:02:35,CAM_JUNCTION_01,905,Car,0.915,8895,Northbound_Lane2,52.0,0
4614,2026-08-06 19:02:36,CAM_JUNCTION_01,906,Car,0.864,11540,Eastbound_Lane1,35.2,0
4615,2026-08-06 19:02:36,CAM_JUNCTION_01,906,Car,0.882,8880,Northbound_Lane1,52.5,0
4616,2026-08-06 19:02:36,CAM_JUNCTION_01,906,Car,0.849,3325,Westbound_Lane1,5.8,0
4617,2026-08-06 19:02:36,CAM_JUNCTION_01,907,Car,0.909,9116,Northbound_Lane2,45.0,0
4618,2026-08-06 19:02:36,CAM_JUNCTION_01,907,Car,0.925,1676,Northbound_Lane2,20.5,0
4619,2026-08-06 19:02:36,CAM_JUNCTION_01,907,Car,0.842,8164,Northbound_Lane2,10.5,0
4620,2026-08-06 19:02:36,CAM_JUNCTION_01,907,Car,0.955,9618,Westbound_Lane1,36.7,0
4621,2026-08-06 19:02:37,CAM_JUNCTION_01,908,Car,0.81,17943,Eastbound_Lane1,41.4,0
4622,2026-08-06 19:02:37,CAM_JUNCTION_01,908,Car,0.893,13051,Northbound_Lane1,35.3,0
4623,2026-08-06 19:02:37,CAM_JUNCTION_01,908,Car,0.971,10714,Northbound_Lane1,51.8,0
4624,2026-08-06 19:02:37,CAM_JUNCTION_01,908,Car,0.868,7223,Southbound_Lane1,26.0,0
4625,2026-08-06 19:02:37,CAM_JUNCTION_01,908,Car,0.868,11479,Eastbound_Lane1,32.2,0
4626,2026-08-06 19:02:37,CAM_JUNCTION_01,909,Car,0.834,17413,Northbound_Lane2,39.0,0
4627,2026-08-06 19:02:37,CAM_JUNCTION_01,909,Car,0.838,16345,Eastbound_Lane1,35.4,0
4628,2026-08-06 19:02:37,CAM_JUNCTION_01,909,Car,0.867,14022,Eastbound_Lane1,46.6,0
4629,2026-08-06 19:02:37,CAM_JUNCTION_01,909,Car,0.866,11340,Westbound_Lane1,17.2,0
4630,2026-08-06 19:02:37,CAM_JUNCTION_01,909,Truck,0.787,1739,Eastbound_Lane1,26.8,0
4631,2026-08-06 19:02:37,CAM_JUNCTION_01,909,Car,0.906,11499,Eastbound_Lane1,48.6,0
4632,2026-08-06 19:02:38,CAM_JUNCTION_01,910,Car,0.794,16919,Westbound_Lane1,24.3,0
4633,2026-08-06 19:02:38,CAM_JUNCTION_01,910,Car,0.811,4657,Southbound_Lane1,53.8,0
4634,2026-08-06 19:02:38,CAM_JUNCTION_01,910,Bus,0.94,5624,Northbound_Lane2,3.4,0
4635,2026-08-06 19:02:38,CAM_JUNCTION_01,910,Car,0.904,15928,Eastbound_Lane1,49.8,0
4636,2026-08-06 19:02:38,CAM_JUNCTION_01,911,Car,0.912,12409,Southbound_Lane1,26.0,0
4637,2026-08-06 19:02:38,CAM_JUNCTION_01,911,Car,0.892,17901,Eastbound_Lane1,21.0,0
4638,2026-08-06 19:02:38,CAM_JUNCTION_01,911,Car,0.881,17094,Northbound_Lane1,23.8,0
4639,2026-08-06 19:02:39,CAM_JUNCTION_01,912,Car,0.782,10610,Northbound_Lane2,45.6,0
4640,2026-08-06 19:02:39,CAM_JUNCTION_01,912,Car,0.857,6963,Northbound_Lane1,42.0,0
4641,2026-08-06 19:02:39,CAM_JUNCTION_01,912,Car,0.878,17317,Northbound_Lane2,18.1,0
4642,2026-08-06 19:02:39,CAM_JUNCTION_01,912,Car,0.951,12327,Eastbound_Lane1,24.7,0
4643,2026-08-06 19:02:39,CAM_JUNCTION_01,912,Car,0.96,16920,Northbound_Lane2,27.4,0
4644,2026-08-06 19:02:39,CAM_JUNCTION_01,913,Car,0.809,1220,Southbound_Lane1,38.1,0
4645,2026-08-06 19:02:39,CAM_JUNCTION_01,913,Car,0.809,6315,Southbound_Lane1,30.1,0
4646,2026-08-06 19:02:39,CAM_JUNCTION_01,913,Car,0.852,2741,Westbound_Lane1,10.7,0
4647,2026-08-06 19:02:40,CAM_JUNCTION_01,914,Car,0.913,5882,Southbound_Lane1,6.5,0
4648,2026-08-06 19:02:40,CAM_JUNCTION_01,914,Motorcycle,0.936,16601,Westbound_Lane1,26.7,0
4649,2026-08-06 19:02:40,CAM_JUNCTION_01,914,Motorcycle,0.814,4449,Northbound_Lane1,36.3,0
4650,2026-08-06 19:02:40,CAM_JUNCTION_01,914,Motorcycle,0.933,10331,Westbound_Lane1,19.9,0
4651,2026-08-06 19:02:40,CAM_JUNCTION_01,914,Car,0.905,11366,Northbound_Lane1,49.0,0
4652,2026-08-06 19:02:40,CAM_JUNCTION_01,914,Car,0.823,9888,Southbound_Lane1,26.4,0
4653,2026-08-06 19:02:40,CAM_JUNCTION_01,915,Car,0.893,6850,Westbound_Lane1,5.3,0
4654,2026-08-06 19:02:40,CAM_JUNCTION_01,915,Bus,0.93,7765,Northbound_Lane2,5.7,0
4655,2026-08-06 19:02:41,CAM_JUNCTION_01,916,Car,0.924,12743,Northbound_Lane2,15.5,0
4656,2026-08-06 19:02:41,CAM_JUNCTION_01,916,Car,0.928,4926,Northbound_Lane2,54.1,0
4657,2026-08-06 19:02:41,CAM_JUNCTION_01,916,Car,0.852,5358,Southbound_Lane1,21.5,0
4658,2026-08-06 19:02:41,CAM_JUNCTION_01,916,Car,0.973,13974,Westbound_Lane1,40.7,0
4659,2026-08-06 19:02:41,CAM_JUNCTION_01,916,Car,0.805,6760,Eastbound_Lane1,44.9,0
4660,2026-08-06 19:02:41,CAM_JUNCTION_01,917,Car,0.812,2431,Northbound_Lane1,27.8,0
4661,2026-08-06 19:02:41,CAM_JUNCTION_01,917,Car,0.978,10605,Northbound_Lane1,35.7,0
4662,2026-08-06 19:02:41,CAM_JUNCTION_01,917,Car,0.964,3831,Northbound_Lane2,9.4,0
4663,2026-08-06 19:02:41,CAM_JUNCTION_01,917,Car,0.805,5723,Northbound_Lane2,38.5,0
4664,2026-08-06 19:02:42,CAM_JUNCTION_01,918,Car,0.843,7682,Northbound_Lane1,20.3,0
4665,2026-08-06 19:02:42,CAM_JUNCTION_01,918,Car,0.942,3182,Westbound_Lane1,24.4,0
4666,2026-08-06 19:02:42,CAM_JUNCTION_01,918,Car,0.94,10549,Northbound_Lane1,5.2,0
4667,2026-08-06 19:02:42,CAM_JUNCTION_01,918,Car,0.938,2322,Southbound_Lane1,28.2,0
4668,2026-08-06 19:02:42,CAM_JUNCTION_01,918,Car,0.934,4866,Southbound_Lane1,5.4,0
4669,2026-08-06 19:02:42,CAM_JUNCTION_01,918,Rickshaw,0.842,11867,Southbound_Lane1,25.5,0
4670,2026-08-06 19:02:42,CAM_JUNCTION_01,919,Motorcycle,0.869,17501,Northbound_Lane2,10.1,0
4671,2026-08-06 19:02:42,CAM_JUNCTION_01,919,Car,0.895,13628,Northbound_Lane2,17.9,0
4672,2026-08-06 19:02:42,CAM_JUNCTION_01,919,Car,0.933,3273,Westbound_Lane1,19.9,0
4673,2026-08-06 19:02:42,CAM_JUNCTION_01,919,Car,0.796,10741,Westbound_Lane1,30.9,0
4674,2026-08-06 19:02:42,CAM_JUNCTION_01,919,Truck,0.938,12392,Westbound_Lane1,49.2,0
4675,2026-08-06 19:02:42,CAM_JUNCTION_01,919,Car,0.933,4790,Eastbound_Lane1,47.6,0
4676,2026-08-06 19:02:43,CAM_JUNCTION_01,920,Car,0.96,1945,Southbound_Lane1,42.0,0
4677,2026-08-06 19:02:43,CAM_JUNCTION_01,920,Car,0.913,15482,Eastbound_Lane1,11.8,0
4678,2026-08-06 19:02:43,CAM_JUNCTION_01,920,Bus,0.906,7224,Eastbound_Lane1,14.3,0
4679,2026-08-06 19:02:43,CAM_JUNCTION_01,921,Car,0.857,4974,Northbound_Lane1,24.8,0
4680,2026-08-06 19:02:43,CAM_JUNCTION_01,921,Car,0.928,17131,Southbound_Lane1,28.0,0
4681,2026-08-06 19:02:44,CAM_JUNCTION_01,922,Car,0.97,4820,Northbound_Lane1,3.6,0
4682,2026-08-06 19:02:44,CAM_JUNCTION_01,922,Car,0.852,14136,Northbound_Lane2,30.9,0
4683,2026-08-06 19:02:44,CAM_JUNCTION_01,922,Motorcycle,0.945,2441,Westbound_Lane1,45.3,0
4684,2026-08-06 19:02:44,CAM_JUNCTION_01,922,Motorcycle,0.912,14604,Eastbound_Lane1,22.7,0
4685,2026-08-06 19:02:44,CAM_JUNCTION_01,923,Car,0.835,2243,Westbound_Lane1,28.4,0
4686,2026-08-06 19:02:44,CAM_JUNCTION_01,923,Car,0.852,13208,Westbound_Lane1,46.1,0
4687,2026-08-06 19:02:44,CAM_JUNCTION_01,923,Car,0.899,17967,Eastbound_Lane1,45.3,0
4688,2026-08-06 19:02:44,CAM_JUNCTION_01,923,Car,0.791,7427,Eastbound_Lane1,36.0,0
4689,2026-08-06 19:02:44,CAM_JUNCTION_01,923,Motorcycle,0.781,2861,Northbound_Lane2,20.6,0
4690,2026-08-06 19:02:45,CAM_JUNCTION_01,924,Car,0.94,3041,Northbound_Lane2,41.6,0
4691,2026-08-06 19:02:45,CAM_JUNCTION_01,924,Motorcycle,0.82,8373,Westbound_Lane1,10.6,0
4692,2026-08-06 19:02:45,CAM_JUNCTION_01,924,Car,0.869,12320,Eastbound_Lane1,14.1,0
4693,2026-08-06 19:02:45,CAM_JUNCTION_01,924,Car,0.829,9161,Westbound_Lane1,54.4,0
4694,2026-08-06 19:02:45,CAM_JUNCTION_01,924,Car,0.891,2784,Westbound_Lane1,38.5,0
4695,2026-08-06 19:02:45,CAM_JUNCTION_01,925,Car,0.931,17980,Southbound_Lane1,39.4,0
4696,2026-08-06 19:02:45,CAM_JUNCTION_01,925,Car,0.943,4901,Eastbound_Lane1,23.1,0
4697,2026-08-06 19:02:46,CAM_JUNCTION_01,926,Car,0.877,6191,Northbound_Lane2,43.3,0
4698,2026-08-06 19:02:46,CAM_JUNCTION_01,926,Rickshaw,0.862,1204,Westbound_Lane1,43.9,0
4699,2026-08-06 19:02:46,CAM_JUNCTION_01,926,Car,0.872,9631,Westbound_Lane1,8.9,0
4700,2026-08-06 19:02:46,CAM_JUNCTION_01,926,Car,0.89,8317,Westbound_Lane1,11.8,0
4701,2026-08-06 19:02:46,CAM_JUNCTION_01,926,Rickshaw,0.795,9352,Southbound_Lane1,34.2,0
4702,2026-08-06 19:02:46,CAM_JUNCTION_01,926,Truck,0.974,8414,Eastbound_Lane1,31.3,0
4703,2026-08-06 19:02:46,CAM_JUNCTION_01,927,Truck,0.872,16535,Westbound_Lane1,10.1,0
4704,2026-08-06 19:02:46,CAM_JUNCTION_01,927,Truck,0.936,6248,Northbound_Lane1,43.8,0
4705,2026-08-06 19:02:46,CAM_JUNCTION_01,927,Car,0.836,10187,Westbound_Lane1,36.9,0
4706,2026-08-06 19:02:46,CAM_JUNCTION_01,927,Car,0.801,10344,Eastbound_Lane1,20.3,0
4707,2026-08-06 19:02:46,CAM_JUNCTION_01,927,Car,0.958,11772,Eastbound_Lane1,47.5,0
4708,2026-08-06 19:02:46,CAM_JUNCTION_01,927,Car,0.915,6112,Northbound_Lane1,11.8,0
4709,2026-08-06 19:02:47,CAM_JUNCTION_01,928,Car,0.885,17061,Eastbound_Lane1,6.6,0
4710,2026-08-06 19:02:47,CAM_JUNCTION_01,928,Car,0.806,1628,Eastbound_Lane1,25.6,0
4711,2026-08-06 19:02:47,CAM_JUNCTION_01,928,Car,0.845,8696,Eastbound_Lane1,19.8,0
4712,2026-08-06 19:02:47,CAM_JUNCTION_01,928,Car,0.964,13144,Westbound_Lane1,3.6,0
4713,2026-08-06 19:02:47,CAM_JUNCTION_01,929,Car,0.972,17575,Westbound_Lane1,38.4,0
4714,2026-08-06 19:02:47,CAM_JUNCTION_01,929,Car,0.972,17631,Northbound_Lane1,24.0,0
4715,2026-08-06 19:02:47,CAM_JUNCTION_01,929,Car,0.895,8877,Eastbound_Lane1,34.5,0
4716,2026-08-06 19:02:47,CAM_JUNCTION_01,929,Car,0.812,11723,Eastbound_Lane1,28.0,0
4717,2026-08-06 19:02:48,CAM_JUNCTION_01,930,Car,0.873,1771,Eastbound_Lane1,54.4,0
4718,2026-08-06 19:02:48,CAM_JUNCTION_01,930,Motorcycle,0.867,15677,Northbound_Lane1,33.1,0
4719,2026-08-06 19:02:48,CAM_JUNCTION_01,930,Motorcycle,0.93,2086,Eastbound_Lane1,44.0,0
4720,2026-08-06 19:02:48,CAM_JUNCTION_01,930,Car,0.977,7788,Northbound_Lane1,19.7,0
4721,2026-08-06 19:02:48,CAM_JUNCTION_01,930,Car,0.813,5593,Eastbound_Lane1,10.3,0
4722,2026-08-06 19:02:48,CAM_JUNCTION_01,931,Motorcycle,0.858,6348,Southbound_Lane1,36.5,0
4723,2026-08-06 19:02:48,CAM_JUNCTION_01,931,Car,0.93,3575,Northbound_Lane1,50.0,0
4724,2026-08-06 19:02:48,CAM_JUNCTION_01,931,Car,0.922,12871,Westbound_Lane1,36.0,0
4725,2026-08-06 19:02:48,CAM_JUNCTION_01,931,Car,0.892,9307,Southbound_Lane1,5.0,0
4726,2026-08-06 19:02:49,CAM_JUNCTION_01,932,Motorcycle,0.8,16775,Northbound_Lane1,47.4,0
4727,2026-08-06 19:02:49,CAM_JUNCTION_01,932,Car,0.867,12560,Northbound_Lane1,6.7,0
4728,2026-08-06 19:02:49,CAM_JUNCTION_01,932,Car,0.976,1565,Eastbound_Lane1,34.2,0
4729,2026-08-06 19:02:49,CAM_JUNCTION_01,932,Car,0.796,11677,Northbound_Lane1,32.7,0
4730,2026-08-06 19:02:49,CAM_JUNCTION_01,932,Car,0.927,8780,Northbound_Lane1,26.8,0
4731,2026-08-06 19:02:49,CAM_JUNCTION_01,932,Car,0.942,13470,Northbound_Lane1,29.3,0
4732,2026-08-06 19:02:49,CAM_JUNCTION_01,933,Bus,0.835,16480,Southbound_Lane1,54.0,0
4733,2026-08-06 19:02:49,CAM_JUNCTION_01,933,Rickshaw,0.903,1357,Eastbound_Lane1,43.4,0
4734,2026-08-06 19:02:49,CAM_JUNCTION_01,933,Car,0.927,7623,Southbound_Lane1,46.6,0
4735,2026-08-06 19:02:50,CAM_JUNCTION_01,934,Car,0.976,3845,Eastbound_Lane1,17.4,0
4736,2026-08-06 19:02:50,CAM_JUNCTION_01,934,Car,0.869,4762,Eastbound_Lane1,21.6,0
4737,2026-08-06 19:02:50,CAM_JUNCTION_01,934,Car,0.901,11896,Westbound_Lane1,44.5,0
4738,2026-08-06 19:02:50,CAM_JUNCTION_01,935,Car,0.81,16849,Southbound_Lane1,19.2,0
4739,2026-08-06 19:02:50,CAM_JUNCTION_01,935,Rickshaw,0.803,1703,Northbound_Lane2,28.5,0
4740,2026-08-06 19:02:51,CAM_JUNCTION_01,936,Car,0.885,14698,Southbound_Lane1,2.1,0
4741,2026-08-06 19:02:51,CAM_JUNCTION_01,936,Car,0.854,15477,Northbound_Lane2,15.8,0
4742,2026-08-06 19:02:51,CAM_JUNCTION_01,937,Car,0.806,13884,Northbound_Lane1,49.8,0
4743,2026-08-06 19:02:51,CAM_JUNCTION_01,937,Motorcycle,0.81,1774,Eastbound_Lane1,45.1,0
4744,2026-08-06 19:02:51,CAM_JUNCTION_01,937,Car,0.94,9420,Southbound_Lane1,6.9,0
4745,2026-08-06 19:02:51,CAM_JUNCTION_01,937,Car,0.877,17025,Northbound_Lane1,36.7,0
4746,2026-08-06 19:02:51,CAM_JUNCTION_01,937,Car,0.882,4019,Southbound_Lane1,38.1,0
4747,2026-08-06 19:02:51,CAM_JUNCTION_01,937,Car,0.904,14999,Westbound_Lane1,31.0,0
4748,2026-08-06 19:02:52,CAM_JUNCTION_01,938,Car,0.883,7981,Northbound_Lane2,36.4,0
4749,2026-08-06 19:02:52,CAM_JUNCTION_01,938,Car,0.89,15432,Northbound_Lane1,36.0,0
4750,2026-08-06 19:02:52,CAM_JUNCTION_01,938,Car,0.91,12472,Eastbound_Lane1,31.8,0
4751,2026-08-06 19:02:52,CAM_JUNCTION_01,938,Bus,0.796,12254,Westbound_Lane1,49.3,0
4752,2026-08-06 19:02:52,CAM_JUNCTION_01,938,Car,0.912,5186,Eastbound_Lane1,43.5,0
4753,2026-08-06 19:02:52,CAM_JUNCTION_01,939,Car,0.905,12254,Northbound_Lane1,26.3,0
4754,2026-08-06 19:02:52,CAM_JUNCTION_01,939,Motorcycle,0.85,14332,Northbound_Lane2,49.1,0
4755,2026-08-06 19:02:52,CAM_JUNCTION_01,939,Car,0.799,4594,Northbound_Lane2,35.0,0
4756,2026-08-06 19:02:52,CAM_JUNCTION_01,939,Car,0.855,9770,Northbound_Lane1,54.7,0
4757,2026-08-06 19:02:52,CAM_JUNCTION_01,939,Car,0.874,15730,Northbound_Lane1,41.0,0
4758,2026-08-06 19:02:52,CAM_JUNCTION_01,939,Car,0.902,16865,Northbound_Lane2,48.2,0
4759,2026-08-06 19:02:53,CAM_JUNCTION_01,940,Car,0.944,5667,Westbound_Lane1,1.2,0
4760,2026-08-06 19:02:53,CAM_JUNCTION_01,940,Car,0.958,16561,Southbound_Lane1,37.7,0
4761,2026-08-06 19:02:53,CAM_JUNCTION_01,940,Bus,0.976,7895,Westbound_Lane1,42.5,0
4762,2026-08-06 19:02:53,CAM_JUNCTION_01,940,Car,0.795,16062,Northbound_Lane2,37.6,0
4763,2026-08-06 19:02:53,CAM_JUNCTION_01,940,Car,0.863,14987,Southbound_Lane1,24.7,0
4764,2026-08-06 19:02:53,CAM_JUNCTION_01,941,Car,0.964,15600,Westbound_Lane1,6.7,0
4765,2026-08-06 19:02:53,CAM_JUNCTION_01,941,Car,0.93,17744,Westbound_Lane1,21.8,0
4766,2026-08-06 19:02:53,CAM_JUNCTION_01,941,Truck,0.96,3393,Eastbound_Lane1,2.6,0
4767,2026-08-06 19:02:53,CAM_JUNCTION_01,941,Car,0.96,14144,Northbound_Lane2,16.2,0
4768,2026-08-06 19:02:54,CAM_JUNCTION_01,942,Car,0.948,15346,Southbound_Lane1,23.2,0
4769,2026-08-06 19:02:54,CAM_JUNCTION_01,942,Motorcycle,0.846,13999,Westbound_Lane1,1.8,0
4770,2026-08-06 19:02:54,CAM_JUNCTION_01,943,Car,0.876,13372,Southbound_Lane1,32.8,0
4771,2026-08-06 19:02:54,CAM_JUNCTION_01,943,Car,0.806,1224,Northbound_Lane2,15.4,0
4772,2026-08-06 19:02:54,CAM_JUNCTION_01,943,Car,0.826,15927,Northbound_Lane2,48.5,0
4773,2026-08-06 19:02:55,CAM_JUNCTION_01,944,Car,0.858,15991,Southbound_Lane1,5.3,0
4774,2026-08-06 19:02:55,CAM_JUNCTION_01,944,Motorcycle,0.811,4704,Westbound_Lane1,25.6,0
4775,2026-08-06 19:02:55,CAM_JUNCTION_01,944,Rickshaw,0.972,9891,Southbound_Lane1,29.0,0
4776,2026-08-06 19:02:55,CAM_JUNCTION_01,944,Motorcycle,0.846,8575,Southbound_Lane1,26.3,0
4777,2026-08-06 19:02:55,CAM_JUNCTION_01,944,Rickshaw,0.922,9870,Eastbound_Lane1,23.7,0
4778,2026-08-06 19:02:55,CAM_JUNCTION_01,945,Car,0.97,8293,Westbound_Lane1,41.0,0
4779,2026-08-06 19:02:55,CAM_JUNCTION_01,945,Bus,0.855,7885,Southbound_Lane1,22.9,0
4780,2026-08-06 19:02:55,CAM_JUNCTION_01,945,Car,0.79,10705,Northbound_Lane2,54.3,0
4781,2026-08-06 19:02:55,CAM_JUNCTION_01,945,Rickshaw,0.917,4980,Westbound_Lane1,52.3,0
4782,2026-08-06 19:02:56,CAM_JUNCTION_01,946,Car,0.855,15729,Southbound_Lane1,34.6,0
4783,2026-08-06 19:02:56,CAM_JUNCTION_01,946,Car,0.946,4402,Eastbound_Lane1,28.1,0
4784,2026-08-06 19:02:56,CAM_JUNCTION_01,946,Car,0.881,6580,Northbound_Lane2,35.6,0
4785,2026-08-06 19:02:56,CAM_JUNCTION_01,947,Car,0.872,9796,Eastbound_Lane1,39.8,0
4786,2026-08-06 19:02:56,CAM_JUNCTION_01,947,Car,0.854,5791,Northbound_Lane1,14.5,0
4787,2026-08-06 19:02:56,CAM_JUNCTION_01,947,Motorcycle,0.897,2354,Northbound_Lane2,14.0,0
4788,2026-08-06 19:02:57,CAM_JUNCTION_01,948,Car,0.903,3578,Northbound_Lane1,33.1,0
4789,2026-08-06 19:02:57,CAM_JUNCTION_01,948,Car,0.801,3089,Southbound_Lane1,42.6,0
4790,2026-08-06 19:02:57,CAM_JUNCTION_01,948,Car,0.796,10451,Eastbound_Lane1,48.3,0
4791,2026-08-06 19:02:57,CAM_JUNCTION_01,948,Car,0.839,8936,Westbound_Lane1,39.8,0
4792,2026-08-06 19:02:57,CAM_JUNCTION_01,948,Car,0.907,1803,Westbound_Lane1,18.7,0
4793,2026-08-06 19:02:57,CAM_JUNCTION_01,948,Car,0.954,14092,Eastbound_Lane1,9.8,0
4794,2026-08-06 19:02:57,CAM_JUNCTION_01,949,Car,0.938,4163,Southbound_Lane1,8.8,0
4795,2026-08-06 19:02:57,CAM_JUNCTION_01,949,Car,0.866,15997,Northbound_Lane1,17.4,0
4796,2026-08-06 19:02:57,CAM_JUNCTION_01,949,Car,0.912,6209,Northbound_Lane1,42.4,0
4797,2026-08-06 19:02:57,CAM_JUNCTION_01,949,Car,0.954,6510,Eastbound_Lane1,11.8,0
4798,2026-08-06 19:02:57,CAM_JUNCTION_01,949,Truck,0.921,3018,Eastbound_Lane1,9.0,0
4799,2026-08-06 19:02:58,CAM_JUNCTION_01,950,Bus,0.896,8085,Northbound_Lane2,50.1,0
4800,2026-08-06 19:02:58,CAM_JUNCTION_01,950,Car,0.936,12263,Westbound_Lane1,17.3,0
4801,2026-08-06 19:02:58,CAM_JUNCTION_01,950,Car,0.909,10017,Southbound_Lane1,41.1,0
4802,2026-08-06 19:02:58,CAM_JUNCTION_01,950,Motorcycle,0.868,1983,Eastbound_Lane1,20.2,0
4803,2026-08-06 19:02:58,CAM_JUNCTION_01,950,Car,0.8,8924,Eastbound_Lane1,44.7,0
4804,2026-08-06 19:02:58,CAM_JUNCTION_01,950,Ambulance,0.834,4570,Northbound_Lane2,39.5,1
4805,2026-08-06 19:02:58,CAM_JUNCTION_01,951,Bus,0.919,10883,Westbound_Lane1,37.9,0
4806,2026-08-06 19:02:58,CAM_JUNCTION_01,951,Car,0.916,14120,Northbound_Lane1,9.1,0
4807,2026-08-06 19:02:58,CAM_JUNCTION_01,951,Car,0.812,6276,Southbound_Lane1,8.8,0
4808,2026-08-06 19:02:58,CAM_JUNCTION_01,951,Car,0.85,3743,Northbound_Lane2,6.5,0
4809,2026-08-06 19:02:59,CAM_JUNCTION_01,952,Car,0.795,16846,Eastbound_Lane1,26.0,0
4810,2026-08-06 19:02:59,CAM_JUNCTION_01,952,Car,0.874,1846,Eastbound_Lane1,37.7,0
4811,2026-08-06 19:02:59,CAM_JUNCTION_01,952,Car,0.793,1343,Northbound_Lane1,34.9,0
4812,2026-08-06 19:02:59,CAM_JUNCTION_01,953,Motorcycle,0.834,5032,Southbound_Lane1,24.7,0
4813,2026-08-06 19:02:59,CAM_JUNCTION_01,953,Rickshaw,0.875,15186,Westbound_Lane1,35.7,0
4814,2026-08-06 19:02:59,CAM_JUNCTION_01,953,Car,0.813,15445,Westbound_Lane1,6.9,0
4815,2026-08-06 19:02:59,CAM_JUNCTION_01,953,Car,0.902,2247,Westbound_Lane1,34.0,0
4816,2026-08-06 19:03:00,CAM_JUNCTION_01,954,Car,0.876,17748,Southbound_Lane1,34.1,0
4817,2026-08-06 19:03:00,CAM_JUNCTION_01,954,Car,0.944,7813,Northbound_Lane1,20.1,0
4818,2026-08-06 19:03:00,CAM_JUNCTION_01,954,Car,0.977,11559,Northbound_Lane1,5.3,0
4819,2026-08-06 19:03:00,CAM_JUNCTION_01,955,Car,0.919,1284,Eastbound_Lane1,1.4,0
4820,2026-08-06 19:03:00,CAM_JUNCTION_01,955,Motorcycle,0.803,10252,Northbound_Lane1,26.8,0
4821,2026-08-06 19:03:00,CAM_JUNCTION_01,955,Car,0.845,3910,Eastbound_Lane1,2.4,0
4822,2026-08-06 19:03:00,CAM_JUNCTION_01,955,Car,0.785,13830,Northbound_Lane2,29.7,0
4823,2026-08-06 19:03:00,CAM_JUNCTION_01,955,Car,0.926,6831,Northbound_Lane2,12.8,0
4824,2026-08-06 19:03:01,CAM_JUNCTION_01,956,Car,0.949,8920,Westbound_Lane1,45.6,0
4825,2026-08-06 19:03:01,CAM_JUNCTION_01,956,Car,0.849,6231,Westbound_Lane1,29.8,0
4826,2026-08-06 19:03:01,CAM_JUNCTION_01,956,Car,0.949,2428,Westbound_Lane1,1.2,0
4827,2026-08-06 19:03:01,CAM_JUNCTION_01,956,Car,0.82,4378,Northbound_Lane2,25.5,0
4828,2026-08-06 19:03:01,CAM_JUNCTION_01,956,Bus,0.792,3756,Westbound_Lane1,49.7,0
4829,2026-08-06 19:03:01,CAM_JUNCTION_01,957,Car,0.901,8814,Eastbound_Lane1,14.0,0
4830,2026-08-06 19:03:01,CAM_JUNCTION_01,957,Car,0.864,13106,Westbound_Lane1,30.6,0
4831,2026-08-06 19:03:01,CAM_JUNCTION_01,957,Car,0.807,6873,Southbound_Lane1,7.0,0
4832,2026-08-06 19:03:01,CAM_JUNCTION_01,957,Car,0.96,6794,Northbound_Lane2,14.0,0
4833,2026-08-06 19:03:02,CAM_JUNCTION_01,958,Car,0.784,8673,Northbound_Lane1,7.0,0
4834,2026-08-06 19:03:02,CAM_JUNCTION_01,958,Car,0.788,7786,Southbound_Lane1,17.3,0
4835,2026-08-06 19:03:02,CAM_JUNCTION_01,959,Truck,0.814,7712,Northbound_Lane2,16.9,0
4836,2026-08-06 19:03:02,CAM_JUNCTION_01,959,Car,0.784,4139,Northbound_Lane2,41.0,0
4837,2026-08-06 19:03:02,CAM_JUNCTION_01,959,Car,0.923,14815,Southbound_Lane1,47.7,0
4838,2026-08-06 19:03:03,CAM_JUNCTION_01,960,Car,0.925,2805,Westbound_Lane1,4.2,0
4839,2026-08-06 19:03:03,CAM_JUNCTION_01,960,Car,0.855,7934,Eastbound_Lane1,11.2,0
4840,2026-08-06 19:03:03,CAM_JUNCTION_01,961,Car,0.831,17923,Eastbound_Lane1,42.0,0
4841,2026-08-06 19:03:03,CAM_JUNCTION_01,961,Car,0.902,5296,Northbound_Lane1,16.0,0
4842,2026-08-06 19:03:03,CAM_JUNCTION_01,961,Car,0.831,5854,Northbound_Lane1,21.9,0
4843,2026-08-06 19:03:03,CAM_JUNCTION_01,961,Car,0.905,15737,Northbound_Lane1,36.1,0
4844,2026-08-06 19:03:03,CAM_JUNCTION_01,961,Car,0.97,10084,Westbound_Lane1,45.0,0
4845,2026-08-06 19:03:04,CAM_JUNCTION_01,962,Car,0.922,12427,Northbound_Lane2,24.5,0
4846,2026-08-06 19:03:04,CAM_JUNCTION_01,962,Car,0.956,9001,Northbound_Lane2,16.8,0
4847,2026-08-06 19:03:04,CAM_JUNCTION_01,962,Car,0.959,17555,Northbound_Lane1,28.6,0
4848,2026-08-06 19:03:04,CAM_JUNCTION_01,962,Car,0.831,12716,Northbound_Lane2,35.9,0
4849,2026-08-06 19:03:04,CAM_JUNCTION_01,962,Car,0.921,16220,Westbound_Lane1,29.1,0
4850,2026-08-06 19:03:04,CAM_JUNCTION_01,962,Car,0.909,1285,Westbound_Lane1,50.7,0
4851,2026-08-06 19:03:04,CAM_JUNCTION_01,963,Car,0.805,5609,Westbound_Lane1,49.9,0
4852,2026-08-06 19:03:04,CAM_JUNCTION_01,963,Car,0.959,17859,Northbound_Lane1,9.8,0
4853,2026-08-06 19:03:04,CAM_JUNCTION_01,963,Car,0.815,8667,Westbound_Lane1,2.0,0
4854,2026-08-06 19:03:05,CAM_JUNCTION_01,964,Rickshaw,0.854,12949,Westbound_Lane1,27.3,0
4855,2026-08-06 19:03:05,CAM_JUNCTION_01,964,Car,0.945,1330,Eastbound_Lane1,0.3,0
4856,2026-08-06 19:03:05,CAM_JUNCTION_01,964,Car,0.91,14490,Southbound_Lane1,10.1,0
4857,2026-08-06 19:03:05,CAM_JUNCTION_01,964,Car,0.855,5319,Eastbound_Lane1,12.0,0
4858,2026-08-06 19:03:05,CAM_JUNCTION_01,964,Car,0.889,9752,Northbound_Lane1,10.6,0
4859,2026-08-06 19:03:05,CAM_JUNCTION_01,964,Motorcycle,0.835,14294,Northbound_Lane1,25.6,0
4860,2026-08-06 19:03:05,CAM_JUNCTION_01,965,Motorcycle,0.953,2442,Westbound_Lane1,10.3,0
4861,2026-08-06 19:03:05,CAM_JUNCTION_01,965,Motorcycle,0.85,10658,Northbound_Lane2,35.1,0
4862,2026-08-06 19:03:05,CAM_JUNCTION_01,965,Motorcycle,0.909,4156,Eastbound_Lane1,31.2,0
4863,2026-08-06 19:03:05,CAM_JUNCTION_01,965,Rickshaw,0.944,5904,Southbound_Lane1,42.0,0
4864,2026-08-06 19:03:06,CAM_JUNCTION_01,966,Rickshaw,0.922,6596,Eastbound_Lane1,15.1,0
4865,2026-08-06 19:03:06,CAM_JUNCTION_01,966,Car,0.854,16177,Southbound_Lane1,19.5,0
4866,2026-08-06 19:03:06,CAM_JUNCTION_01,966,Car,0.873,3478,Westbound_Lane1,19.2,0
4867,2026-08-06 19:03:06,CAM_JUNCTION_01,966,Car,0.841,7451,Northbound_Lane1,49.6,0
4868,2026-08-06 19:03:06,CAM_JUNCTION_01,966,Car,0.871,13214,Westbound_Lane1,51.5,0
4869,2026-08-06 19:03:06,CAM_JUNCTION_01,966,Car,0.84,11316,Southbound_Lane1,41.0,0
4870,2026-08-06 19:03:06,CAM_JUNCTION_01,967,Car,0.968,10001,Eastbound_Lane1,20.4,0
4871,2026-08-06 19:03:06,CAM_JUNCTION_01,967,Car,0.864,14686,Eastbound_Lane1,2.4,0
4872,2026-08-06 19:03:07,CAM_JUNCTION_01,968,Car,0.969,16401,Northbound_Lane2,15.5,0
4873,2026-08-06 19:03:07,CAM_JUNCTION_01,968,Car,0.935,3422,Southbound_Lane1,0.4,0
4874,2026-08-06 19:03:07,CAM_JUNCTION_01,968,Car,0.966,11612,Westbound_Lane1,10.3,0
4875,2026-08-06 19:03:07,CAM_JUNCTION_01,968,Car,0.883,11056,Southbound_Lane1,44.3,0
4876,2026-08-06 19:03:07,CAM_JUNCTION_01,968,Car,0.94,4584,Southbound_Lane1,41.4,0
4877,2026-08-06 19:03:07,CAM_JUNCTION_01,968,Car,0.851,14689,Eastbound_Lane1,52.6,0
4878,2026-08-06 19:03:07,CAM_JUNCTION_01,969,Car,0.871,12369,Eastbound_Lane1,52.5,0
4879,2026-08-06 19:03:07,CAM_JUNCTION_01,969,Car,0.792,10492,Southbound_Lane1,43.0,0
4880,2026-08-06 19:03:07,CAM_JUNCTION_01,969,Car,0.92,6164,Westbound_Lane1,4.4,0
4881,2026-08-06 19:03:07,CAM_JUNCTION_01,969,Car,0.903,10274,Southbound_Lane1,27.8,0
4882,2026-08-06 19:03:07,CAM_JUNCTION_01,969,Car,0.96,13965,Eastbound_Lane1,8.4,0
4883,2026-08-06 19:03:07,CAM_JUNCTION_01,969,Car,0.822,8989,Northbound_Lane2,33.1,0
4884,2026-08-06 19:03:08,CAM_JUNCTION_01,970,Car,0.872,5256,Southbound_Lane1,36.0,0
4885,2026-08-06 19:03:08,CAM_JUNCTION_01,970,Car,0.936,1235,Eastbound_Lane1,34.1,0
4886,2026-08-06 19:03:08,CAM_JUNCTION_01,970,Motorcycle,0.794,14943,Westbound_Lane1,15.3,0
4887,2026-08-06 19:03:08,CAM_JUNCTION_01,970,Car,0.967,11821,Southbound_Lane1,46.8,0
4888,2026-08-06 19:03:08,CAM_JUNCTION_01,970,Bus,0.975,1546,Westbound_Lane1,37.8,0
4889,2026-08-06 19:03:08,CAM_JUNCTION_01,971,Car,0.793,3790,Eastbound_Lane1,27.8,0
4890,2026-08-06 19:03:08,CAM_JUNCTION_01,971,Car,0.86,15665,Westbound_Lane1,17.1,0
4891,2026-08-06 19:03:09,CAM_JUNCTION_01,972,Motorcycle,0.97,5797,Northbound_Lane2,13.6,0
4892,2026-08-06 19:03:09,CAM_JUNCTION_01,972,Bus,0.823,2370,Westbound_Lane1,41.7,0
4893,2026-08-06 19:03:09,CAM_JUNCTION_01,973,Car,0.794,3908,Northbound_Lane2,39.4,0
4894,2026-08-06 19:03:09,CAM_JUNCTION_01,973,Car,0.974,16824,Westbound_Lane1,22.9,0
4895,2026-08-06 19:03:09,CAM_JUNCTION_01,973,Car,0.845,15592,Northbound_Lane2,18.4,0
4896,2026-08-06 19:03:09,CAM_JUNCTION_01,973,Car,0.9,15529,Westbound_Lane1,49.1,0
4897,2026-08-06 19:03:10,CAM_JUNCTION_01,974,Motorcycle,0.849,1666,Westbound_Lane1,44.8,0
4898,2026-08-06 19:03:10,CAM_JUNCTION_01,974,Car,0.929,13841,Northbound_Lane1,10.7,0
4899,2026-08-06 19:03:10,CAM_JUNCTION_01,974,Car,0.831,10320,Northbound_Lane2,38.8,0
4900,2026-08-06 19:03:10,CAM_JUNCTION_01,974,Car,0.977,13645,Southbound_Lane1,7.0,0
4901,2026-08-06 19:03:10,CAM_JUNCTION_01,974,Car,0.785,5874,Northbound_Lane1,40.0,0
4902,2026-08-06 19:03:10,CAM_JUNCTION_01,975,Car,0.853,17948,Westbound_Lane1,26.4,0
4903,2026-08-06 19:03:10,CAM_JUNCTION_01,975,Car,0.806,7931,Southbound_Lane1,33.3,0
4904,2026-08-06 19:03:10,CAM_JUNCTION_01,975,Motorcycle,0.836,6674,Eastbound_Lane1,51.6,0
4905,2026-08-06 19:03:10,CAM_JUNCTION_01,975,Motorcycle,0.902,8164,Southbound_Lane1,1.3,0
4906,2026-08-06 19:03:10,CAM_JUNCTION_01,975,Car,0.88,14753,Southbound_Lane1,35.6,0
4907,2026-08-06 19:03:11,CAM_JUNCTION_01,976,Car,0.935,13742,Northbound_Lane1,7.6,0
4908,2026-08-06 19:03:11,CAM_JUNCTION_01,976,Car,0.84,2450,Eastbound_Lane1,6.8,0
4909,2026-08-06 19:03:11,CAM_JUNCTION_01,976,Car,0.82,14831,Westbound_Lane1,40.6,0
4910,2026-08-06 19:03:11,CAM_JUNCTION_01,976,Car,0.928,10703,Eastbound_Lane1,31.8,0
4911,2026-08-06 19:03:11,CAM_JUNCTION_01,976,Car,0.919,9666,Southbound_Lane1,5.3,0
4912,2026-08-06 19:03:11,CAM_JUNCTION_01,976,Car,0.973,9537,Eastbound_Lane1,49.3,0
4913,2026-08-06 19:03:11,CAM_JUNCTION_01,977,Car,0.792,9175,Southbound_Lane1,9.9,0
4914,2026-08-06 19:03:11,CAM_JUNCTION_01,977,Motorcycle,0.85,11335,Westbound_Lane1,5.1,0
4915,2026-08-06 19:03:12,CAM_JUNCTION_01,978,Car,0.873,7706,Northbound_Lane2,11.4,0
4916,2026-08-06 19:03:12,CAM_JUNCTION_01,978,Motorcycle,0.882,8789,Eastbound_Lane1,17.2,0
4917,2026-08-06 19:03:12,CAM_JUNCTION_01,978,Rickshaw,0.782,17211,Northbound_Lane1,4.1,0
4918,2026-08-06 19:03:12,CAM_JUNCTION_01,978,Car,0.793,8256,Northbound_Lane1,48.6,0
4919,2026-08-06 19:03:12,CAM_JUNCTION_01,978,Car,0.837,11735,Northbound_Lane2,48.1,0
4920,2026-08-06 19:03:12,CAM_JUNCTION_01,978,Car,0.964,3173,Eastbound_Lane1,36.4,0
4921,2026-08-06 19:03:12,CAM_JUNCTION_01,979,Car,0.895,15770,Eastbound_Lane1,34.9,0
4922,2026-08-06 19:03:12,CAM_JUNCTION_01,979,Car,0.951,13194,Eastbound_Lane1,42.0,0
4923,2026-08-06 19:03:12,CAM_JUNCTION_01,979,Car,0.916,16691,Westbound_Lane1,51.6,0
4924,2026-08-06 19:03:12,CAM_JUNCTION_01,979,Bus,0.937,15458,Westbound_Lane1,5.2,0
4925,2026-08-06 19:03:12,CAM_JUNCTION_01,979,Car,0.92,10080,Westbound_Lane1,49.3,0
4926,2026-08-06 19:03:12,CAM_JUNCTION_01,979,Truck,0.943,9649,Northbound_Lane2,13.9,0
4927,2026-08-06 19:03:13,CAM_JUNCTION_01,980,Motorcycle,0.782,9729,Northbound_Lane1,6.4,0
4928,2026-08-06 19:03:13,CAM_JUNCTION_01,980,Car,0.94,12487,Eastbound_Lane1,1.8,0
4929,2026-08-06 19:03:13,CAM_JUNCTION_01,980,Car,0.972,8382,Northbound_Lane1,25.5,0
4930,2026-08-06 19:03:13,CAM_JUNCTION_01,980,Car,0.783,2937,Eastbound_Lane1,33.4,0
4931,2026-08-06 19:03:13,CAM_JUNCTION_01,981,Car,0.924,4751,Westbound_Lane1,52.4,0
4932,2026-08-06 19:03:13,CAM_JUNCTION_01,981,Car,0.831,2949,Southbound_Lane1,30.5,0
4933,2026-08-06 19:03:13,CAM_JUNCTION_01,981,Car,0.893,16622,Northbound_Lane1,30.6,0
4934,2026-08-06 19:03:13,CAM_JUNCTION_01,981,Car,0.899,16156,Southbound_Lane1,45.3,0
4935,2026-08-06 19:03:13,CAM_JUNCTION_01,981,Car,0.834,14144,Northbound_Lane2,23.2,0
4936,2026-08-06 19:03:13,CAM_JUNCTION_01,981,Car,0.881,3669,Eastbound_Lane1,34.8,0
4937,2026-08-06 19:03:14,CAM_JUNCTION_01,982,Car,0.872,1418,Northbound_Lane2,16.5,0
4938,2026-08-06 19:03:14,CAM_JUNCTION_01,982,Car,0.978,3958,Northbound_Lane2,47.2,0
4939,2026-08-06 19:03:14,CAM_JUNCTION_01,982,Car,0.917,2841,Northbound_Lane2,13.5,0
4940,2026-08-06 19:03:14,CAM_JUNCTION_01,983,Motorcycle,0.833,17347,Southbound_Lane1,50.2,0
4941,2026-08-06 19:03:14,CAM_JUNCTION_01,983,Car,0.916,11173,Northbound_Lane1,41.4,0
4942,2026-08-06 19:03:14,CAM_JUNCTION_01,983,Truck,0.955,5725,Southbound_Lane1,36.0,0
4943,2026-08-06 19:03:14,CAM_JUNCTION_01,983,Car,0.905,4120,Westbound_Lane1,26.1,0
4944,2026-08-06 19:03:14,CAM_JUNCTION_01,983,Car,0.879,16040,Eastbound_Lane1,45.6,0
4945,2026-08-06 19:03:15,CAM_JUNCTION_01,984,Car,0.9,3788,Westbound_Lane1,41.8,0
4946,2026-08-06 19:03:15,CAM_JUNCTION_01,984,Car,0.887,5081,Southbound_Lane1,29.6,0
4947,2026-08-06 19:03:15,CAM_JUNCTION_01,984,Car,0.95,4849,Northbound_Lane1,18.6,0
4948,2026-08-06 19:03:15,CAM_JUNCTION_01,984,Car,0.856,14053,Northbound_Lane2,14.3,0
4949,2026-08-06 19:03:15,CAM_JUNCTION_01,984,Car,0.845,2291,Westbound_Lane1,2.8,0
4950,2026-08-06 19:03:15,CAM_JUNCTION_01,984,Car,0.966,7318,Eastbound_Lane1,35.9,0
4951,2026-08-06 19:03:15,CAM_JUNCTION_01,985,Car,0.909,5192,Eastbound_Lane1,5.7,0
4952,2026-08-06 19:03:15,CAM_JUNCTION_01,985,Car,0.877,2496,Westbound_Lane1,2.1,0
4953,2026-08-06 19:03:15,CAM_JUNCTION_01,985,Car,0.9,6479,Northbound_Lane1,53.3,0
4954,2026-08-06 19:03:15,CAM_JUNCTION_01,985,Car,0.909,10208,Eastbound_Lane1,39.4,0
4955,2026-08-06 19:03:16,CAM_JUNCTION_01,986,Car,0.798,9442,Eastbound_Lane1,49.1,0
4956,2026-08-06 19:03:16,CAM_JUNCTION_01,986,Car,0.85,11158,Eastbound_Lane1,2.8,0
4957,2026-08-06 19:03:16,CAM_JUNCTION_01,987,Car,0.868,8360,Southbound_Lane1,34.1,0
4958,2026-08-06 19:03:16,CAM_JUNCTION_01,987,Car,0.838,6283,Southbound_Lane1,18.0,0
4959,2026-08-06 19:03:16,CAM_JUNCTION_01,987,Motorcycle,0.862,1849,Northbound_Lane1,4.7,0
4960,2026-08-06 19:03:16,CAM_JUNCTION_01,987,Car,0.931,14032,Westbound_Lane1,3.8,0
4961,2026-08-06 19:03:16,CAM_JUNCTION_01,987,Motorcycle,0.913,16886,Northbound_Lane2,54.9,0
4962,2026-08-06 19:03:17,CAM_JUNCTION_01,988,Car,0.819,15432,Southbound_Lane1,29.7,0
4963,2026-08-06 19:03:17,CAM_JUNCTION_01,988,Motorcycle,0.978,8035,Northbound_Lane2,3.7,0
4964,2026-08-06 19:03:17,CAM_JUNCTION_01,988,Car,0.82,15993,Northbound_Lane2,36.3,0
4965,2026-08-06 19:03:17,CAM_JUNCTION_01,988,Car,0.954,10122,Westbound_Lane1,40.3,0
4966,2026-08-06 19:03:17,CAM_JUNCTION_01,988,Car,0.943,15590,Northbound_Lane1,53.1,0
4967,2026-08-06 19:03:17,CAM_JUNCTION_01,988,Car,0.846,12403,Northbound_Lane2,45.8,0
4968,2026-08-06 19:03:17,CAM_JUNCTION_01,989,Car,0.867,1902,Westbound_Lane1,12.6,0
4969,2026-08-06 19:03:17,CAM_JUNCTION_01,989,Car,0.833,3682,Northbound_Lane1,39.0,0
4970,2026-08-06 19:03:17,CAM_JUNCTION_01,989,Car,0.893,1552,Northbound_Lane2,37.4,0
4971,2026-08-06 19:03:18,CAM_JUNCTION_01,990,Car,0.807,10179,Westbound_Lane1,48.4,0
4972,2026-08-06 19:03:18,CAM_JUNCTION_01,990,Bus,0.978,9854,Eastbound_Lane1,39.8,0
4973,2026-08-06 19:03:18,CAM_JUNCTION_01,990,Car,0.841,15464,Westbound_Lane1,12.5,0
4974,2026-08-06 19:03:18,CAM_JUNCTION_01,990,Car,0.947,8144,Northbound_Lane1,22.5,0
4975,2026-08-06 19:03:18,CAM_JUNCTION_01,990,Car,0.857,15157,Westbound_Lane1,46.0,0
4976,2026-08-06 19:03:18,CAM_JUNCTION_01,990,Car,0.929,11347,Northbound_Lane2,24.4,0
4977,2026-08-06 19:03:18,CAM_JUNCTION_01,991,Car,0.796,5659,Northbound_Lane2,44.5,0
4978,2026-08-06 19:03:18,CAM_JUNCTION_01,991,Car,0.793,14004,Southbound_Lane1,21.0,0
4979,2026-08-06 19:03:18,CAM_JUNCTION_01,991,Car,0.798,10736,Northbound_Lane2,1.3,0
4980,2026-08-06 19:03:18,CAM_JUNCTION_01,991,Car,0.845,17906,Southbound_Lane1,17.8,0
4981,2026-08-06 19:03:18,CAM_JUNCTION_01,991,Car,0.781,1895,Northbound_Lane2,16.0,0
4982,2026-08-06 19:03:18,CAM_JUNCTION_01,991,Car,0.803,11432,Northbound_Lane2,3.8,0
4983,2026-08-06 19:03:19,CAM_JUNCTION_01,992,Car,0.876,8637,Westbound_Lane1,21.0,0
4984,2026-08-06 19:03:19,CAM_JUNCTION_01,992,Car,0.884,13904,Westbound_Lane1,28.1,0
4985,2026-08-06 19:03:19,CAM_JUNCTION_01,992,Car,0.804,7055,Northbound_Lane1,18.2,0
4986,2026-08-06 19:03:19,CAM_JUNCTION_01,993,Car,0.875,4785,Northbound_Lane1,54.3,0
4987,2026-08-06 19:03:19,CAM_JUNCTION_01,993,Car,0.927,5814,Northbound_Lane1,15.0,0
4988,2026-08-06 19:03:19,CAM_JUNCTION_01,993,Car,0.901,4198,Westbound_Lane1,4.3,0
4989,2026-08-06 19:03:19,CAM_JUNCTION_01,993,Car,0.798,5010,Northbound_Lane1,22.7,0
4990,2026-08-06 19:03:19,CAM_JUNCTION_01,993,Car,0.906,14018,Northbound_Lane1,5.7,0
4991,2026-08-06 19:03:19,CAM_JUNCTION_01,993,Car,0.917,1835,Northbound_Lane1,39.1,0
4992,2026-08-06 19:03:20,CAM_JUNCTION_01,994,Car,0.803,8250,Northbound_Lane2,7.6,0
4993,2026-08-06 19:03:20,CAM_JUNCTION_01,994,Car,0.872,13680,Northbound_Lane2,31.9,0
4994,2026-08-06 19:03:20,CAM_JUNCTION_01,995,Car,0.931,3297,Westbound_Lane1,21.0,0
4995,2026-08-06 19:03:20,CAM_JUNCTION_01,995,Car,0.867,4179,Northbound_Lane2,6.4,0
4996,2026-08-06 19:03:20,CAM_JUNCTION_01,995,Bus,0.876,14403,Northbound_Lane1,21.6,0
4997,2026-08-06 19:03:20,CAM_JUNCTION_01,995,Bus,0.921,4755,Southbound_Lane1,17.7,0
4998,2026-08-06 19:03:20,CAM_JUNCTION_01,995,Car,0.966,14699,Westbound_Lane1,0.3,0
4999,2026-08-06 19:03:21,CAM_JUNCTION_01,996,Car,0.9,17457,Westbound_Lane1,18.7,0
5000,2026-08-06 19:03:21,CAM_JUNCTION_01,996,Car,0.953,13621,Southbound_Lane1,54.3,0
5001,2026-08-06 19:03:21,CAM_JUNCTION_01,996,Car,0.834,9273,Southbound_Lane1,50.8,0
5002,2026-08-06 19:03:21,CAM_JUNCTION_01,996,Car,0.893,2891,Southbound_Lane1,46.4,0
5003,2026-08-06 19:03:21,CAM_JUNCTION_01,996,Car,0.793,7785,Northbound_Lane1,24.0,0
5004,2026-08-06 19:03:21,CAM_JUNCTION_01,996,Motorcycle,0.964,7783,Westbound_Lane1,1.5,0
5005,2026-08-06 19:03:21,CAM_JUNCTION_01,997,Car,0.928,2683,Eastbound_Lane1,41.1,0
5006,2026-08-06 19:03:21,CAM_JUNCTION_01,997,Car,0.864,2718,Eastbound_Lane1,46.1,0
5007,2026-08-06 19:03:22,CAM_JUNCTION_01,998,Car,0.894,5189,Southbound_Lane1,15.7,0
5008,2026-08-06 19:03:22,CAM_JUNCTION_01,998,Car,0.827,7626,Southbound_Lane1,7.2,0
5009,2026-08-06 19:03:22,CAM_JUNCTION_01,998,Car,0.883,5573,Southbound_Lane1,4.4,0
5010,2026-08-06 19:03:22,CAM_JUNCTION_01,998,Car,0.877,10965,Southbound_Lane1,49.8,0
5011,2026-08-06 19:03:22,CAM_JUNCTION_01,998,Car,0.793,7642,Northbound_Lane2,41.2,0
5012,2026-08-06 19:03:22,CAM_JUNCTION_01,998,Car,0.959,1816,Southbound_Lane1,52.7,0
5013,2026-08-06 19:03:22,CAM_JUNCTION_01,999,Motorcycle,0.975,3327,Northbound_Lane2,46.5,0
5014,2026-08-06 19:03:22,CAM_JUNCTION_01,999,Car,0.946,9694,Southbound_Lane1,34.0,0
5015,2026-08-06 19:03:22,CAM_JUNCTION_01,999,Car,0.858,5926,Northbound_Lane1,50.7,0
5016,2026-08-06 19:03:23,CAM_JUNCTION_01,1000,Car,0.795,8718,Northbound_Lane1,22.6,0
5017,2026-08-06 19:03:23,CAM_JUNCTION_01,1000,Car,0.978,4600,Southbound_Lane1,51.8,0
5018,2026-08-06 19:03:23,CAM_JUNCTION_01,1000,Car,0.945,12639,Eastbound_Lane1,13.4,0
5019,2026-08-06 19:03:23,CAM_JUNCTION_01,1000,Car,0.842,8383,Southbound_Lane1,3.5,0
5020,2026-08-06 19:03:23,CAM_JUNCTION_01,1000,Car,0.939,8018,Northbound_Lane1,23.9,0
5021,2026-08-06 19:03:23,CAM_JUNCTION_01,1001,Car,0.916,13535,Westbound_Lane1,36.9,0
5022,2026-08-06 19:03:23,CAM_JUNCTION_01,1001,Car,0.963,6623,Southbound_Lane1,19.5,0
5023,2026-08-06 19:03:23,CAM_JUNCTION_01,1001,Car,0.789,10441,Northbound_Lane1,54.7,0
5024,2026-08-06 19:03:23,CAM_JUNCTION_01,1001,Car,0.835,15768,Northbound_Lane2,39.2,0
5025,2026-08-06 19:03:24,CAM_JUNCTION_01,1002,Car,0.884,1830,Eastbound_Lane1,26.8,0
5026,2026-08-06 19:03:24,CAM_JUNCTION_01,1002,Car,0.974,3949,Southbound_Lane1,26.0,0
5027,2026-08-06 19:03:24,CAM_JUNCTION_01,1003,Car,0.97,17721,Northbound_Lane1,17.8,0
5028,2026-08-06 19:03:24,CAM_JUNCTION_01,1003,Truck,0.907,15441,Northbound_Lane2,31.8,0
5029,2026-08-06 19:03:24,CAM_JUNCTION_01,1003,Car,0.878,6699,Northbound_Lane1,54.3,0
5030,2026-08-06 19:03:24,CAM_JUNCTION_01,1003,Car,0.974,15091,Northbound_Lane2,33.4,0
5031,2026-08-06 19:03:24,CAM_JUNCTION_01,1003,Car,0.863,5705,Northbound_Lane2,17.6,0
5032,2026-08-06 19:03:25,CAM_JUNCTION_01,1004,Bus,0.932,5043,Northbound_Lane2,3.3,0
5033,2026-08-06 19:03:25,CAM_JUNCTION_01,1004,Car,0.91,5667,Northbound_Lane1,16.5,0
5034,2026-08-06 19:03:25,CAM_JUNCTION_01,1004,Car,0.898,5984,Northbound_Lane1,6.7,0
5035,2026-08-06 19:03:25,CAM_JUNCTION_01,1004,Car,0.786,7894,Westbound_Lane1,16.0,0
5036,2026-08-06 19:03:25,CAM_JUNCTION_01,1004,Car,0.856,3870,Southbound_Lane1,31.2,0
5037,2026-08-06 19:03:25,CAM_JUNCTION_01,1005,Motorcycle,0.96,11032,Westbound_Lane1,9.2,0
5038,2026-08-06 19:03:25,CAM_JUNCTION_01,1005,Car,0.904,7261,Westbound_Lane1,24.7,0
5039,2026-08-06 19:03:25,CAM_JUNCTION_01,1005,Car,0.832,7499,Northbound_Lane2,5.3,0
5040,2026-08-06 19:03:25,CAM_JUNCTION_01,1005,Motorcycle,0.968,6491,Southbound_Lane1,45.6,0
5041,2026-08-06 19:03:25,CAM_JUNCTION_01,1005,Truck,0.82,17629,Eastbound_Lane1,41.3,0
5042,2026-08-06 19:03:25,CAM_JUNCTION_01,1005,Motorcycle,0.947,15452,Northbound_Lane2,25.4,0
5043,2026-08-06 19:03:26,CAM_JUNCTION_01,1006,Car,0.952,2171,Eastbound_Lane1,35.8,0
5044,2026-08-06 19:03:26,CAM_JUNCTION_01,1006,Car,0.838,16952,Eastbound_Lane1,47.1,0
5045,2026-08-06 19:03:26,CAM_JUNCTION_01,1006,Car,0.885,4976,Westbound_Lane1,34.2,0
5046,2026-08-06 19:03:26,CAM_JUNCTION_01,1006,Car,0.968,15597,Northbound_Lane2,22.2,0
5047,2026-08-06 19:03:26,CAM_JUNCTION_01,1007,Car,0.976,2191,Northbound_Lane2,27.4,0
5048,2026-08-06 19:03:26,CAM_JUNCTION_01,1007,Car,0.947,12055,Northbound_Lane1,42.7,0
5049,2026-08-06 19:03:26,CAM_JUNCTION_01,1007,Truck,0.96,10589,Northbound_Lane2,26.9,0
5050,2026-08-06 19:03:26,CAM_JUNCTION_01,1007,Motorcycle,0.908,10044,Northbound_Lane2,21.2,0
5051,2026-08-06 19:03:26,CAM_JUNCTION_01,1007,Car,0.956,14158,Southbound_Lane1,16.2,0
5052,2026-08-06 19:03:27,CAM_JUNCTION_01,1008,Car,0.931,10226,Southbound_Lane1,30.1,0
5053,2026-08-06 19:03:27,CAM_JUNCTION_01,1008,Car,0.823,17122,Eastbound_Lane1,51.7,0
5054,2026-08-06 19:03:27,CAM_JUNCTION_01,1008,Car,0.938,6874,Northbound_Lane1,8.4,0
5055,2026-08-06 19:03:27,CAM_JUNCTION_01,1009,Car,0.919,5164,Eastbound_Lane1,5.0,0
5056,2026-08-06 19:03:27,CAM_JUNCTION_01,1009,Car,0.822,14240,Northbound_Lane2,15.4,0
5057,2026-08-06 19:03:27,CAM_JUNCTION_01,1009,Car,0.938,11543,Northbound_Lane1,38.8,0
5058,2026-08-06 19:03:27,CAM_JUNCTION_01,1009,Car,0.961,2340,Southbound_Lane1,17.3,0
5059,2026-08-06 19:03:27,CAM_JUNCTION_01,1009,Motorcycle,0.818,13471,Southbound_Lane1,53.6,0
5060,2026-08-06 19:03:27,CAM_JUNCTION_01,1009,Car,0.945,15837,Eastbound_Lane1,10.8,0
5061,2026-08-06 19:03:28,CAM_JUNCTION_01,1010,Truck,0.894,4565,Westbound_Lane1,22.3,0
5062,2026-08-06 19:03:28,CAM_JUNCTION_01,1010,Car,0.914,4765,Southbound_Lane1,48.9,0
5063,2026-08-06 19:03:28,CAM_JUNCTION_01,1010,Car,0.948,2415,Eastbound_Lane1,47.9,0
5064,2026-08-06 19:03:28,CAM_JUNCTION_01,1010,Car,0.856,17973,Northbound_Lane1,3.1,0
5065,2026-08-06 19:03:28,CAM_JUNCTION_01,1010,Car,0.938,15846,Northbound_Lane2,32.0,0
5066,2026-08-06 19:03:28,CAM_JUNCTION_01,1010,Car,0.896,7647,Eastbound_Lane1,4.7,0
5067,2026-08-06 19:03:28,CAM_JUNCTION_01,1011,Truck,0.801,13999,Northbound_Lane2,28.9,0
5068,2026-08-06 19:03:28,CAM_JUNCTION_01,1011,Car,0.782,9797,Southbound_Lane1,7.3,0
5069,2026-08-06 19:03:28,CAM_JUNCTION_01,1011,Car,0.948,8039,Southbound_Lane1,30.8,0
5070,2026-08-06 19:03:28,CAM_JUNCTION_01,1011,Motorcycle,0.857,11158,Southbound_Lane1,54.1,0
5071,2026-08-06 19:03:28,CAM_JUNCTION_01,1011,Car,0.869,7512,Northbound_Lane2,41.2,0
5072,2026-08-06 19:03:29,CAM_JUNCTION_01,1012,Car,0.899,14268,Southbound_Lane1,1.3,0
5073,2026-08-06 19:03:29,CAM_JUNCTION_01,1012,Car,0.962,2851,Northbound_Lane1,27.6,0
5074,2026-08-06 19:03:29,CAM_JUNCTION_01,1013,Car,0.936,13820,Eastbound_Lane1,9.2,0
5075,2026-08-06 19:03:29,CAM_JUNCTION_01,1013,Car,0.968,11771,Northbound_Lane1,26.6,0
5076,2026-08-06 19:03:30,CAM_JUNCTION_01,1014,Truck,0.892,15655,Northbound_Lane2,35.1,0
5077,2026-08-06 19:03:30,CAM_JUNCTION_01,1014,Car,0.894,16895,Eastbound_Lane1,0.9,0
5078,2026-08-06 19:03:30,CAM_JUNCTION_01,1014,Car,0.791,8063,Southbound_Lane1,40.4,0
5079,2026-08-06 19:03:30,CAM_JUNCTION_01,1015,Motorcycle,0.862,3639,Westbound_Lane1,3.3,0
5080,2026-08-06 19:03:30,CAM_JUNCTION_01,1015,Car,0.947,5415,Eastbound_Lane1,45.1,0
5081,2026-08-06 19:03:30,CAM_JUNCTION_01,1015,Car,0.955,13575,Southbound_Lane1,38.7,0
5082,2026-08-06 19:03:30,CAM_JUNCTION_01,1015,Car,0.912,8467,Westbound_Lane1,16.8,0
5083,2026-08-06 19:03:31,CAM_JUNCTION_01,1016,Car,0.866,13620,Southbound_Lane1,15.2,0
5084,2026-08-06 19:03:31,CAM_JUNCTION_01,1016,Car,0.904,2776,Southbound_Lane1,39.7,0
5085,2026-08-06 19:03:31,CAM_JUNCTION_01,1016,Car,0.92,5867,Northbound_Lane1,11.1,0
5086,2026-08-06 19:03:31,CAM_JUNCTION_01,1016,Car,0.946,14247,Northbound_Lane2,41.8,0
5087,2026-08-06 19:03:31,CAM_JUNCTION_01,1016,Car,0.87,3471,Westbound_Lane1,50.4,0
5088,2026-08-06 19:03:31,CAM_JUNCTION_01,1016,Car,0.969,2704,Southbound_Lane1,24.5,0
5089,2026-08-06 19:03:31,CAM_JUNCTION_01,1017,Car,0.825,4598,Northbound_Lane1,18.4,0
5090,2026-08-06 19:03:31,CAM_JUNCTION_01,1017,Car,0.78,9473,Northbound_Lane1,7.2,0
5091,2026-08-06 19:03:31,CAM_JUNCTION_01,1017,Rickshaw,0.795,7742,Northbound_Lane1,13.1,0
5092,2026-08-06 19:03:31,CAM_JUNCTION_01,1017,Car,0.942,8592,Northbound_Lane1,22.8,0
5093,2026-08-06 19:03:31,CAM_JUNCTION_01,1017,Car,0.822,15530,Southbound_Lane1,19.0,0
5094,2026-08-06 19:03:32,CAM_JUNCTION_01,1018,Car,0.822,7361,Southbound_Lane1,19.2,0
5095,2026-08-06 19:03:32,CAM_JUNCTION_01,1018,Truck,0.865,2799,Southbound_Lane1,34.2,0
5096,2026-08-06 19:03:32,CAM_JUNCTION_01,1018,Car,0.884,1934,Eastbound_Lane1,9.4,0
5097,2026-08-06 19:03:32,CAM_JUNCTION_01,1018,Car,0.785,6571,Westbound_Lane1,52.4,0
5098,2026-08-06 19:03:32,CAM_JUNCTION_01,1018,Motorcycle,0.963,8611,Southbound_Lane1,22.4,0
5099,2026-08-06 19:03:32,CAM_JUNCTION_01,1018,Car,0.924,4773,Northbound_Lane2,35.2,0
5100,2026-08-06 19:03:32,CAM_JUNCTION_01,1019,Car,0.811,7838,Eastbound_Lane1,39.6,0
5101,2026-08-06 19:03:32,CAM_JUNCTION_01,1019,Car,0.919,12977,Northbound_Lane1,21.4,0
5102,2026-08-06 19:03:32,CAM_JUNCTION_01,1019,Car,0.967,9945,Eastbound_Lane1,49.6,0
5103,2026-08-06 19:03:32,CAM_JUNCTION_01,1019,Motorcycle,0.856,14752,Southbound_Lane1,43.3,0
5104,2026-08-06 19:03:32,CAM_JUNCTION_01,1019,Car,0.909,12878,Eastbound_Lane1,17.5,0
5105,2026-08-06 19:03:32,CAM_JUNCTION_01,1019,Car,0.911,7735,Northbound_Lane1,48.1,0
5106,2026-08-06 19:03:33,CAM_JUNCTION_01,1020,Car,0.937,17630,Southbound_Lane1,8.9,0
5107,2026-08-06 19:03:33,CAM_JUNCTION_01,1020,Car,0.803,2347,Northbound_Lane1,40.6,0
5108,2026-08-06 19:03:33,CAM_JUNCTION_01,1020,Car,0.887,6273,Northbound_Lane1,40.2,0
5109,2026-08-06 19:03:33,CAM_JUNCTION_01,1021,Car,0.874,10823,Northbound_Lane1,16.7,0
5110,2026-08-06 19:03:33,CAM_JUNCTION_01,1021,Motorcycle,0.808,14558,Westbound_Lane1,9.6,0
5111,2026-08-06 19:03:33,CAM_JUNCTION_01,1021,Motorcycle,0.788,12999,Eastbound_Lane1,25.2,0
5112,2026-08-06 19:03:34,CAM_JUNCTION_01,1022,Car,0.851,11251,Northbound_Lane2,33.0,0
5113,2026-08-06 19:03:34,CAM_JUNCTION_01,1022,Car,0.955,12839,Northbound_Lane2,21.6,0
5114,2026-08-06 19:03:34,CAM_JUNCTION_01,1022,Car,0.963,12623,Eastbound_Lane1,48.4,0
5115,2026-08-06 19:03:34,CAM_JUNCTION_01,1022,Car,0.947,4895,Northbound_Lane2,43.9,0
5116,2026-08-06 19:03:34,CAM_JUNCTION_01,1022,Car,0.944,15067,Northbound_Lane2,46.9,0
5117,2026-08-06 19:03:34,CAM_JUNCTION_01,1023,Car,0.894,10579,Northbound_Lane1,31.6,0
5118,2026-08-06 19:03:34,CAM_JUNCTION_01,1023,Car,0.791,13900,Westbound_Lane1,25.3,0
5119,2026-08-06 19:03:34,CAM_JUNCTION_01,1023,Car,0.977,9789,Eastbound_Lane1,4.1,0
5120,2026-08-06 19:03:34,CAM_JUNCTION_01,1023,Car,0.91,16262,Westbound_Lane1,25.4,0
5121,2026-08-06 19:03:34,CAM_JUNCTION_01,1023,Car,0.938,12508,Westbound_Lane1,41.8,0
5122,2026-08-06 19:03:34,CAM_JUNCTION_01,1023,Car,0.835,5862,Northbound_Lane1,10.9,0
5123,2026-08-06 19:03:35,CAM_JUNCTION_01,1024,Car,0.855,9907,Westbound_Lane1,42.3,0
5124,2026-08-06 19:03:35,CAM_JUNCTION_01,1024,Bus,0.97,9953,Westbound_Lane1,30.2,0
5125,2026-08-06 19:03:35,CAM_JUNCTION_01,1024,Car,0.927,9433,Northbound_Lane1,30.8,0
5126,2026-08-06 19:03:35,CAM_JUNCTION_01,1024,Car,0.966,10102,Northbound_Lane2,23.5,0
5127,2026-08-06 19:03:35,CAM_JUNCTION_01,1024,Car,0.932,4150,Eastbound_Lane1,32.7,0
5128,2026-08-06 19:03:35,CAM_JUNCTION_01,1025,Car,0.951,8288,Northbound_Lane1,13.9,0
5129,2026-08-06 19:03:35,CAM_JUNCTION_01,1025,Car,0.822,6521,Northbound_Lane2,25.8,0
5130,2026-08-06 19:03:35,CAM_JUNCTION_01,1025,Car,0.933,9980,Northbound_Lane2,0.9,0
5131,2026-08-06 19:03:35,CAM_JUNCTION_01,1025,Car,0.948,3929,Northbound_Lane2,33.3,0
5132,2026-08-06 19:03:35,CAM_JUNCTION_01,1025,Car,0.967,11690,Westbound_Lane1,44.9,0
5133,2026-08-06 19:03:35,CAM_JUNCTION_01,1025,Truck,0.823,1963,Northbound_Lane1,31.7,0
5134,2026-08-06 19:03:36,CAM_JUNCTION_01,1026,Car,0.792,3076,Southbound_Lane1,43.2,0
5135,2026-08-06 19:03:36,CAM_JUNCTION_01,1026,Car,0.811,14793,Eastbound_Lane1,15.0,0
5136,2026-08-06 19:03:36,CAM_JUNCTION_01,1026,Motorcycle,0.934,8970,Southbound_Lane1,17.9,0
5137,2026-08-06 19:03:36,CAM_JUNCTION_01,1026,Car,0.789,12755,Northbound_Lane2,9.4,0
5138,2026-08-06 19:03:36,CAM_JUNCTION_01,1026,Car,0.816,11262,Northbound_Lane1,20.0,0
5139,2026-08-06 19:03:36,CAM_JUNCTION_01,1027,Rickshaw,0.804,8363,Westbound_Lane1,44.9,0
5140,2026-08-06 19:03:36,CAM_JUNCTION_01,1027,Car,0.857,4027,Westbound_Lane1,3.6,0
5141,2026-08-06 19:03:36,CAM_JUNCTION_01,1027,Car,0.937,1597,Southbound_Lane1,46.9,0
5142,2026-08-06 19:03:36,CAM_JUNCTION_01,1027,Car,0.959,7246,Westbound_Lane1,13.0,0
5143,2026-08-06 19:03:36,CAM_JUNCTION_01,1027,Car,0.938,3220,Northbound_Lane1,24.5,0
5144,2026-08-06 19:03:36,CAM_JUNCTION_01,1027,Car,0.931,7547,Northbound_Lane2,47.0,0
5145,2026-08-06 19:03:37,CAM_JUNCTION_01,1028,Car,0.845,2401,Eastbound_Lane1,41.1,0
5146,2026-08-06 19:03:37,CAM_JUNCTION_01,1028,Car,0.913,16049,Southbound_Lane1,34.7,0
5147,2026-08-06 19:03:37,CAM_JUNCTION_01,1028,Car,0.829,6135,Eastbound_Lane1,37.4,0
5148,2026-08-06 19:03:37,CAM_JUNCTION_01,1028,Ambulance,0.818,2289,Westbound_Lane1,47.2,1
5149,2026-08-06 19:03:37,CAM_JUNCTION_01,1028,Car,0.913,16814,Westbound_Lane1,7.0,0
5150,2026-08-06 19:03:37,CAM_JUNCTION_01,1029,Truck,0.863,7757,Eastbound_Lane1,33.0,0
5151,2026-08-06 19:03:37,CAM_JUNCTION_01,1029,Car,0.79,2360,Westbound_Lane1,28.0,0
5152,2026-08-06 19:03:37,CAM_JUNCTION_01,1029,Car,0.955,8136,Northbound_Lane2,14.5,0
5153,2026-08-06 19:03:37,CAM_JUNCTION_01,1029,Car,0.849,8008,Southbound_Lane1,33.3,0
5154,2026-08-06 19:03:38,CAM_JUNCTION_01,1030,Car,0.96,3502,Northbound_Lane2,14.6,0
5155,2026-08-06 19:03:38,CAM_JUNCTION_01,1030,Car,0.931,12108,Northbound_Lane2,16.0,0
5156,2026-08-06 19:03:38,CAM_JUNCTION_01,1030,Car,0.98,4769,Northbound_Lane2,16.2,0
5157,2026-08-06 19:03:38,CAM_JUNCTION_01,1030,Car,0.859,17986,Westbound_Lane1,8.8,0
5158,2026-08-06 19:03:38,CAM_JUNCTION_01,1030,Car,0.782,8559,Northbound_Lane2,39.0,0
5159,2026-08-06 19:03:38,CAM_JUNCTION_01,1031,Truck,0.865,12356,Northbound_Lane2,14.2,0
5160,2026-08-06 19:03:38,CAM_JUNCTION_01,1031,Car,0.84,12972,Westbound_Lane1,40.1,0
5161,2026-08-06 19:03:38,CAM_JUNCTION_01,1031,Car,0.913,4348,Northbound_Lane1,19.2,0
5162,2026-08-06 19:03:38,CAM_JUNCTION_01,1031,Truck,0.836,9655,Eastbound_Lane1,1.2,0
5163,2026-08-06 19:03:38,CAM_JUNCTION_01,1031,Car,0.907,7787,Eastbound_Lane1,4.6,0
5164,2026-08-06 19:03:38,CAM_JUNCTION_01,1031,Car,0.888,3655,Eastbound_Lane1,49.0,0
5165,2026-08-06 19:03:39,CAM_JUNCTION_01,1032,Motorcycle,0.916,17604,Northbound_Lane1,34.0,0
5166,2026-08-06 19:03:39,CAM_JUNCTION_01,1032,Car,0.951,3957,Northbound_Lane1,45.8,0
5167,2026-08-06 19:03:39,CAM_JUNCTION_01,1033,Car,0.78,10875,Westbound_Lane1,35.5,0
5168,2026-08-06 19:03:39,CAM_JUNCTION_01,1033,Car,0.935,12917,Westbound_Lane1,40.8,0
5169,2026-08-06 19:03:39,CAM_JUNCTION_01,1033,Motorcycle,0.86,6094,Northbound_Lane2,7.7,0
5170,2026-08-06 19:03:39,CAM_JUNCTION_01,1033,Car,0.783,10078,Southbound_Lane1,40.2,0
5171,2026-08-06 19:03:39,CAM_JUNCTION_01,1033,Car,0.906,4859,Northbound_Lane1,3.7,0
5172,2026-08-06 19:03:40,CAM_JUNCTION_01,1034,Motorcycle,0.795,4425,Eastbound_Lane1,30.1,0
5173,2026-08-06 19:03:40,CAM_JUNCTION_01,1034,Car,0.947,16844,Northbound_Lane1,10.5,0
5174,2026-08-06 19:03:40,CAM_JUNCTION_01,1035,Car,0.867,11885,Northbound_Lane1,7.0,0
5175,2026-08-06 19:03:40,CAM_JUNCTION_01,1035,Car,0.816,14477,Westbound_Lane1,37.7,0
5176,2026-08-06 19:03:40,CAM_JUNCTION_01,1035,Motorcycle,0.829,2414,Northbound_Lane2,48.5,0
5177,2026-08-06 19:03:40,CAM_JUNCTION_01,1035,Car,0.83,8454,Northbound_Lane2,6.4,0
5178,2026-08-06 19:03:40,CAM_JUNCTION_01,1035,Car,0.896,16579,Westbound_Lane1,23.5,0
5179,2026-08-06 19:03:40,CAM_JUNCTION_01,1035,Car,0.97,15228,Eastbound_Lane1,53.1,0
5180,2026-08-06 19:03:41,CAM_JUNCTION_01,1036,Car,0.958,8201,Northbound_Lane1,30.4,0
5181,2026-08-06 19:03:41,CAM_JUNCTION_01,1036,Car,0.853,13002,Northbound_Lane1,2.1,0
5182,2026-08-06 19:03:41,CAM_JUNCTION_01,1036,Car,0.862,9840,Eastbound_Lane1,39.9,0
5183,2026-08-06 19:03:41,CAM_JUNCTION_01,1036,Truck,0.835,9315,Northbound_Lane2,28.0,0
5184,2026-08-06 19:03:41,CAM_JUNCTION_01,1036,Car,0.785,11404,Southbound_Lane1,18.7,0
5185,2026-08-06 19:03:41,CAM_JUNCTION_01,1037,Car,0.964,6270,Southbound_Lane1,3.3,0
5186,2026-08-06 19:03:41,CAM_JUNCTION_01,1037,Bus,0.969,8748,Northbound_Lane2,9.0,0
5187,2026-08-06 19:03:41,CAM_JUNCTION_01,1037,Car,0.796,8606,Westbound_Lane1,47.3,0
5188,2026-08-06 19:03:42,CAM_JUNCTION_01,1038,Car,0.914,14180,Eastbound_Lane1,30.4,0
5189,2026-08-06 19:03:42,CAM_JUNCTION_01,1038,Car,0.864,3734,Eastbound_Lane1,27.9,0
5190,2026-08-06 19:03:42,CAM_JUNCTION_01,1039,Car,0.85,12777,Northbound_Lane2,17.5,0
5191,2026-08-06 19:03:42,CAM_JUNCTION_01,1039,Car,0.798,14955,Northbound_Lane1,13.1,0
5192,2026-08-06 19:03:43,CAM_JUNCTION_01,1040,Bus,0.879,4902,Northbound_Lane1,24.4,0
5193,2026-08-06 19:03:43,CAM_JUNCTION_01,1040,Car,0.822,14579,Eastbound_Lane1,3.2,0
5194,2026-08-06 19:03:43,CAM_JUNCTION_01,1040,Motorcycle,0.942,11112,Northbound_Lane2,3.8,0
5195,2026-08-06 19:03:43,CAM_JUNCTION_01,1041,Car,0.975,7788,Southbound_Lane1,37.0,0
5196,2026-08-06 19:03:43,CAM_JUNCTION_01,1041,Car,0.797,13400,Southbound_Lane1,45.2,0
5197,2026-08-06 19:03:43,CAM_JUNCTION_01,1041,Car,0.929,15750,Northbound_Lane2,25.6,0
5198,2026-08-06 19:03:43,CAM_JUNCTION_01,1041,Car,0.953,5087,Westbound_Lane1,7.3,0
5199,2026-08-06 19:03:43,CAM_JUNCTION_01,1041,Bus,0.877,17374,Southbound_Lane1,53.3,0
5200,2026-08-06 19:03:44,CAM_JUNCTION_01,1042,Car,0.856,5552,Westbound_Lane1,40.6,0
5201,2026-08-06 19:03:44,CAM_JUNCTION_01,1042,Motorcycle,0.864,16779,Northbound_Lane1,10.2,0
5202,2026-08-06 19:03:44,CAM_JUNCTION_01,1042,Car,0.923,4026,Westbound_Lane1,38.3,0
5203,2026-08-06 19:03:44,CAM_JUNCTION_01,1042,Car,0.905,13555,Westbound_Lane1,31.4,0
5204,2026-08-06 19:03:44,CAM_JUNCTION_01,1043,Car,0.877,2996,Northbound_Lane2,2.2,0
5205,2026-08-06 19:03:44,CAM_JUNCTION_01,1043,Car,0.956,9901,Southbound_Lane1,1.3,0
5206,2026-08-06 19:03:45,CAM_JUNCTION_01,1044,Car,0.854,11037,Southbound_Lane1,47.0,0
5207,2026-08-06 19:03:45,CAM_JUNCTION_01,1044,Car,0.901,2292,Northbound_Lane1,13.8,0
5208,2026-08-06 19:03:45,CAM_JUNCTION_01,1044,Car,0.827,10252,Eastbound_Lane1,27.0,0
5209,2026-08-06 19:03:45,CAM_JUNCTION_01,1044,Motorcycle,0.892,10730,Northbound_Lane2,12.5,0
5210,2026-08-06 19:03:45,CAM_JUNCTION_01,1045,Car,0.878,9776,Northbound_Lane1,33.2,0
5211,2026-08-06 19:03:45,CAM_JUNCTION_01,1045,Motorcycle,0.944,8313,Eastbound_Lane1,52.4,0
5212,2026-08-06 19:03:45,CAM_JUNCTION_01,1045,Motorcycle,0.901,9444,Southbound_Lane1,50.8,0
5213,2026-08-06 19:03:45,CAM_JUNCTION_01,1045,Car,0.783,4741,Northbound_Lane1,16.6,0
5214,2026-08-06 19:03:45,CAM_JUNCTION_01,1045,Car,0.893,3076,Northbound_Lane2,22.7,0
5215,2026-08-06 19:03:46,CAM_JUNCTION_01,1046,Car,0.911,3455,Northbound_Lane2,48.0,0
5216,2026-08-06 19:03:46,CAM_JUNCTION_01,1046,Car,0.921,6616,Southbound_Lane1,30.9,0
5217,2026-08-06 19:03:46,CAM_JUNCTION_01,1046,Car,0.973,7025,Northbound_Lane2,36.7,0
5218,2026-08-06 19:03:46,CAM_JUNCTION_01,1046,Rickshaw,0.943,14716,Northbound_Lane1,48.8,0
5219,2026-08-06 19:03:46,CAM_JUNCTION_01,1046,Car,0.794,15925,Southbound_Lane1,7.2,0
5220,2026-08-06 19:03:46,CAM_JUNCTION_01,1047,Car,0.822,4151,Southbound_Lane1,2.9,0
5221,2026-08-06 19:03:46,CAM_JUNCTION_01,1047,Car,0.853,16216,Northbound_Lane2,3.6,0
5222,2026-08-06 19:03:47,CAM_JUNCTION_01,1048,Car,0.948,13384,Southbound_Lane1,19.6,0
5223,2026-08-06 19:03:47,CAM_JUNCTION_01,1048,Car,0.816,3544,Eastbound_Lane1,0.8,0
5224,2026-08-06 19:03:47,CAM_JUNCTION_01,1049,Car,0.811,7100,Northbound_Lane1,36.0,0
5225,2026-08-06 19:03:47,CAM_JUNCTION_01,1049,Car,0.859,13726,Northbound_Lane1,30.5,0
5226,2026-08-06 19:03:47,CAM_JUNCTION_01,1049,Car,0.798,7775,Eastbound_Lane1,17.1,0
5227,2026-08-06 19:03:47,CAM_JUNCTION_01,1049,Motorcycle,0.858,2770,Northbound_Lane2,52.1,0
5228,2026-08-06 19:03:47,CAM_JUNCTION_01,1049,Car,0.801,13566,Southbound_Lane1,15.7,0
5229,2026-08-06 19:03:47,CAM_JUNCTION_01,1049,Motorcycle,0.786,8476,Northbound_Lane1,38.2,0
5230,2026-08-06 19:03:48,CAM_JUNCTION_01,1050,Car,0.92,16672,Eastbound_Lane1,46.0,0
5231,2026-08-06 19:03:48,CAM_JUNCTION_01,1050,Car,0.942,3089,Southbound_Lane1,22.7,0
5232,2026-08-06 19:03:48,CAM_JUNCTION_01,1050,Car,0.881,6115,Westbound_Lane1,7.0,0
5233,2026-08-06 19:03:48,CAM_JUNCTION_01,1050,Car,0.885,5694,Eastbound_Lane1,32.6,0
5234,2026-08-06 19:03:48,CAM_JUNCTION_01,1051,Car,0.961,11688,Eastbound_Lane1,32.3,0
5235,2026-08-06 19:03:48,CAM_JUNCTION_01,1051,Car,0.854,2647,Northbound_Lane2,34.7,0
5236,2026-08-06 19:03:48,CAM_JUNCTION_01,1051,Car,0.962,4820,Northbound_Lane2,52.3,0
5237,2026-08-06 19:03:48,CAM_JUNCTION_01,1051,Car,0.906,5151,Northbound_Lane2,39.4,0
5238,2026-08-06 19:03:49,CAM_JUNCTION_01,1052,Car,0.921,13662,Northbound_Lane1,41.2,0
5239,2026-08-06 19:03:49,CAM_JUNCTION_01,1052,Car,0.961,13050,Eastbound_Lane1,29.1,0
5240,2026-08-06 19:03:49,CAM_JUNCTION_01,1052,Motorcycle,0.942,17566,Westbound_Lane1,16.4,0
5241,2026-08-06 19:03:49,CAM_JUNCTION_01,1053,Car,0.883,9192,Southbound_Lane1,49.3,0
5242,2026-08-06 19:03:49,CAM_JUNCTION_01,1053,Truck,0.937,6829,Westbound_Lane1,6.2,0
5243,2026-08-06 19:03:49,CAM_JUNCTION_01,1053,Car,0.85,13868,Southbound_Lane1,10.7,0
5244,2026-08-06 19:03:49,CAM_JUNCTION_01,1053,Car,0.949,11513,Eastbound_Lane1,35.4,0
5245,2026-08-06 19:03:49,CAM_JUNCTION_01,1053,Car,0.808,5213,Northbound_Lane2,38.3,0
5246,2026-08-06 19:03:49,CAM_JUNCTION_01,1053,Car,0.825,15117,Eastbound_Lane1,10.3,0
5247,2026-08-06 19:03:50,CAM_JUNCTION_01,1054,Car,0.905,8539,Southbound_Lane1,6.9,0
5248,2026-08-06 19:03:50,CAM_JUNCTION_01,1054,Car,0.872,3904,Southbound_Lane1,31.7,0
5249,2026-08-06 19:03:50,CAM_JUNCTION_01,1055,Car,0.938,8727,Southbound_Lane1,1.1,0
5250,2026-08-06 19:03:50,CAM_JUNCTION_01,1055,Car,0.958,1876,Southbound_Lane1,37.2,0
5251,2026-08-06 19:03:50,CAM_JUNCTION_01,1055,Car,0.833,4334,Westbound_Lane1,0.6,0
5252,2026-08-06 19:03:50,CAM_JUNCTION_01,1055,Car,0.931,1787,Northbound_Lane2,51.2,0
5253,2026-08-06 19:03:50,CAM_JUNCTION_01,1055,Rickshaw,0.805,6618,Eastbound_Lane1,17.8,0
5254,2026-08-06 19:03:51,CAM_JUNCTION_01,1056,Car,0.878,6725,Northbound_Lane2,50.1,0
5255,2026-08-06 19:03:51,CAM_JUNCTION_01,1056,Car,0.949,3094,Westbound_Lane1,48.5,0
5256,2026-08-06 19:03:51,CAM_JUNCTION_01,1056,Car,0.875,7643,Southbound_Lane1,27.7,0
5257,2026-08-06 19:03:51,CAM_JUNCTION_01,1056,Car,0.828,8198,Southbound_Lane1,36.6,0
5258,2026-08-06 19:03:51,CAM_JUNCTION_01,1056,Car,0.98,1376,Northbound_Lane1,35.2,0
5259,2026-08-06 19:03:51,CAM_JUNCTION_01,1056,Car,0.783,8092,Westbound_Lane1,31.1,0
5260,2026-08-06 19:03:51,CAM_JUNCTION_01,1057,Motorcycle,0.939,13086,Eastbound_Lane1,34.4,0
5261,2026-08-06 19:03:51,CAM_JUNCTION_01,1057,Motorcycle,0.966,13357,Northbound_Lane2,20.6,0
5262,2026-08-06 19:03:51,CAM_JUNCTION_01,1057,Car,0.819,17096,Northbound_Lane2,36.4,0
5263,2026-08-06 19:03:51,CAM_JUNCTION_01,1057,Car,0.951,17598,Southbound_Lane1,9.0,0
5264,2026-08-06 19:03:51,CAM_JUNCTION_01,1057,Rickshaw,0.914,5785,Northbound_Lane1,39.0,0
5265,2026-08-06 19:03:51,CAM_JUNCTION_01,1057,Bus,0.786,11827,Eastbound_Lane1,31.3,0
5266,2026-08-06 19:03:52,CAM_JUNCTION_01,1058,Car,0.88,13644,Northbound_Lane2,26.1,0
5267,2026-08-06 19:03:52,CAM_JUNCTION_01,1058,Car,0.8,12767,Northbound_Lane2,1.3,0
5268,2026-08-06 19:03:52,CAM_JUNCTION_01,1058,Motorcycle,0.88,3595,Westbound_Lane1,29.4,0
5269,2026-08-06 19:03:52,CAM_JUNCTION_01,1059,Car,0.965,8241,Westbound_Lane1,28.0,0
5270,2026-08-06 19:03:52,CAM_JUNCTION_01,1059,Car,0.909,4877,Northbound_Lane1,2.7,0
5271,2026-08-06 19:03:52,CAM_JUNCTION_01,1059,Car,0.905,7269,Westbound_Lane1,26.6,0
5272,2026-08-06 19:03:53,CAM_JUNCTION_01,1060,Car,0.959,4994,Westbound_Lane1,39.1,0
5273,2026-08-06 19:03:53,CAM_JUNCTION_01,1060,Car,0.903,16991,Southbound_Lane1,17.4,0
5274,2026-08-06 19:03:53,CAM_JUNCTION_01,1060,Car,0.939,5145,Northbound_Lane2,43.7,0
5275,2026-08-06 19:03:53,CAM_JUNCTION_01,1061,Car,0.814,8144,Southbound_Lane1,41.9,0
5276,2026-08-06 19:03:53,CAM_JUNCTION_01,1061,Car,0.943,11328,Northbound_Lane1,45.9,0
5277,2026-08-06 19:03:53,CAM_JUNCTION_01,1061,Car,0.911,7445,Northbound_Lane1,19.2,0
5278,2026-08-06 19:03:53,CAM_JUNCTION_01,1061,Car,0.845,16394,Eastbound_Lane1,9.0,0
5279,2026-08-06 19:03:53,CAM_JUNCTION_01,1061,Car,0.876,2141,Eastbound_Lane1,36.0,0
5280,2026-08-06 19:03:54,CAM_JUNCTION_01,1062,Car,0.795,16230,Southbound_Lane1,11.5,0
5281,2026-08-06 19:03:54,CAM_JUNCTION_01,1062,Car,0.968,16594,Eastbound_Lane1,33.4,0
5282,2026-08-06 19:03:54,CAM_JUNCTION_01,1062,Car,0.928,3734,Northbound_Lane1,51.5,0
5283,2026-08-06 19:03:54,CAM_JUNCTION_01,1062,Car,0.853,17188,Northbound_Lane2,35.8,0
5284,2026-08-06 19:03:54,CAM_JUNCTION_01,1063,Car,0.813,3892,Eastbound_Lane1,5.4,0
5285,2026-08-06 19:03:54,CAM_JUNCTION_01,1063,Bus,0.838,6891,Northbound_Lane2,46.4,0
5286,2026-08-06 19:03:54,CAM_JUNCTION_01,1063,Car,0.961,3395,Northbound_Lane2,11.2,0
5287,2026-08-06 19:03:55,CAM_JUNCTION_01,1064,Bus,0.854,7200,Northbound_Lane2,23.2,0
5288,2026-08-06 19:03:55,CAM_JUNCTION_01,1064,Car,0.786,7088,Westbound_Lane1,42.3,0
5289,2026-08-06 19:03:55,CAM_JUNCTION_01,1064,Car,0.901,14286,Northbound_Lane1,9.2,0
5290,2026-08-06 19:03:55,CAM_JUNCTION_01,1064,Car,0.816,13739,Eastbound_Lane1,39.3,0
5291,2026-08-06 19:03:55,CAM_JUNCTION_01,1064,Car,0.794,15507,Northbound_Lane1,26.4,0
5292,2026-08-06 19:03:55,CAM_JUNCTION_01,1064,Car,0.89,4638,Eastbound_Lane1,4.5,0
5293,2026-08-06 19:03:55,CAM_JUNCTION_01,1065,Car,0.893,2480,Westbound_Lane1,4.3,0
5294,2026-08-06 19:03:55,CAM_JUNCTION_01,1065,Car,0.931,13202,Eastbound_Lane1,25.4,0
5295,2026-08-06 19:03:55,CAM_JUNCTION_01,1065,Motorcycle,0.913,17974,Northbound_Lane2,51.6,0
5296,2026-08-06 19:03:56,CAM_JUNCTION_01,1066,Car,0.838,17310,Northbound_Lane2,49.9,0
5297,2026-08-06 19:03:56,CAM_JUNCTION_01,1066,Car,0.909,4636,Westbound_Lane1,25.4,0
5298,2026-08-06 19:03:56,CAM_JUNCTION_01,1066,Car,0.877,14696,Westbound_Lane1,19.9,0
5299,2026-08-06 19:03:56,CAM_JUNCTION_01,1066,Rickshaw,0.969,7206,Eastbound_Lane1,48.7,0
5300,2026-08-06 19:03:56,CAM_JUNCTION_01,1066,Car,0.907,3792,Northbound_Lane1,9.2,0
5301,2026-08-06 19:03:56,CAM_JUNCTION_01,1066,Motorcycle,0.864,14500,Northbound_Lane2,3.1,0
5302,2026-08-06 19:03:56,CAM_JUNCTION_01,1067,Car,0.903,13652,Northbound_Lane2,34.4,0
5303,2026-08-06 19:03:56,CAM_JUNCTION_01,1067,Car,0.836,15477,Northbound_Lane2,42.2,0
5304,2026-08-06 19:03:56,CAM_JUNCTION_01,1067,Car,0.79,10724,Eastbound_Lane1,46.4,0
5305,2026-08-06 19:03:56,CAM_JUNCTION_01,1067,Car,0.824,15714,Northbound_Lane2,11.8,0
5306,2026-08-06 19:03:56,CAM_JUNCTION_01,1067,Car,0.942,14595,Southbound_Lane1,19.5,0
5307,2026-08-06 19:03:56,CAM_JUNCTION_01,1067,Car,0.805,14482,Eastbound_Lane1,34.4,0
5308,2026-08-06 19:03:57,CAM_JUNCTION_01,1068,Motorcycle,0.855,2382,Westbound_Lane1,0.7,0
5309,2026-08-06 19:03:57,CAM_JUNCTION_01,1068,Motorcycle,0.936,1642,Northbound_Lane2,50.4,0
5310,2026-08-06 19:03:57,CAM_JUNCTION_01,1068,Car,0.964,8304,Eastbound_Lane1,1.1,0
5311,2026-08-06 19:03:57,CAM_JUNCTION_01,1068,Car,0.95,16785,Westbound_Lane1,26.9,0
5312,2026-08-06 19:03:57,CAM_JUNCTION_01,1069,Car,0.827,1568,Westbound_Lane1,51.5,0
5313,2026-08-06 19:03:57,CAM_JUNCTION_01,1069,Car,0.954,6535,Eastbound_Lane1,24.5,0
5314,2026-08-06 19:03:57,CAM_JUNCTION_01,1069,Car,0.789,12341,Westbound_Lane1,27.8,0
5315,2026-08-06 19:03:57,CAM_JUNCTION_01,1069,Car,0.951,5909,Northbound_Lane2,11.0,0
5316,2026-08-06 19:03:57,CAM_JUNCTION_01,1069,Car,0.842,17809,Westbound_Lane1,14.5,0
5317,2026-08-06 19:03:58,CAM_JUNCTION_01,1070,Car,0.88,17266,Northbound_Lane2,16.9,0
5318,2026-08-06 19:03:58,CAM_JUNCTION_01,1070,Car,0.817,9132,Westbound_Lane1,11.7,0
5319,2026-08-06 19:03:58,CAM_JUNCTION_01,1070,Car,0.912,9189,Northbound_Lane2,24.1,0
5320,2026-08-06 19:03:58,CAM_JUNCTION_01,1070,Motorcycle,0.964,14446,Southbound_Lane1,40.2,0
5321,2026-08-06 19:03:58,CAM_JUNCTION_01,1070,Car,0.879,16663,Northbound_Lane1,31.4,0
5322,2026-08-06 19:03:58,CAM_JUNCTION_01,1070,Car,0.813,1562,Northbound_Lane1,3.8,0
5323,2026-08-06 19:03:58,CAM_JUNCTION_01,1071,Car,0.832,6570,Westbound_Lane1,53.8,0
5324,2026-08-06 19:03:58,CAM_JUNCTION_01,1071,Motorcycle,0.868,11247,Eastbound_Lane1,24.8,0
5325,2026-08-06 19:03:58,CAM_JUNCTION_01,1071,Car,0.919,16551,Eastbound_Lane1,41.0,0
5326,2026-08-06 19:03:59,CAM_JUNCTION_01,1072,Car,0.974,6231,Southbound_Lane1,36.4,0
5327,2026-08-06 19:03:59,CAM_JUNCTION_01,1072,Motorcycle,0.822,11761,Northbound_Lane2,24.3,0
5328,2026-08-06 19:03:59,CAM_JUNCTION_01,1072,Car,0.957,6153,Eastbound_Lane1,53.7,0
5329,2026-08-06 19:03:59,CAM_JUNCTION_01,1073,Car,0.964,2114,Northbound_Lane1,54.2,0
5330,2026-08-06 19:03:59,CAM_JUNCTION_01,1073,Truck,0.868,16636,Eastbound_Lane1,38.1,0
5331,2026-08-06 19:03:59,CAM_JUNCTION_01,1073,Car,0.919,2772,Northbound_Lane2,3.1,0
5332,2026-08-06 19:03:59,CAM_JUNCTION_01,1073,Car,0.824,7300,Eastbound_Lane1,4.6,0
5333,2026-08-06 19:03:59,CAM_JUNCTION_01,1073,Car,0.884,7859,Eastbound_Lane1,45.1,0
5334,2026-08-06 19:04:00,CAM_JUNCTION_01,1074,Car,0.909,9912,Southbound_Lane1,12.8,0
5335,2026-08-06 19:04:00,CAM_JUNCTION_01,1074,Car,0.916,6112,Eastbound_Lane1,11.4,0
5336,2026-08-06 19:04:00,CAM_JUNCTION_01,1074,Car,0.941,12072,Northbound_Lane1,27.4,0
5337,2026-08-06 19:04:00,CAM_JUNCTION_01,1074,Motorcycle,0.938,2477,Northbound_Lane1,39.5,0
5338,2026-08-06 19:04:00,CAM_JUNCTION_01,1074,Car,0.871,7420,Westbound_Lane1,1.4,0
5339,2026-08-06 19:04:00,CAM_JUNCTION_01,1074,Motorcycle,0.789,16744,Northbound_Lane2,54.8,0
5340,2026-08-06 19:04:00,CAM_JUNCTION_01,1075,Car,0.956,7063,Eastbound_Lane1,38.0,0
5341,2026-08-06 19:04:00,CAM_JUNCTION_01,1075,Car,0.93,8742,Eastbound_Lane1,22.1,0
5342,2026-08-06 19:04:00,CAM_JUNCTION_01,1075,Rickshaw,0.814,8220,Northbound_Lane2,44.5,0
5343,2026-08-06 19:04:00,CAM_JUNCTION_01,1075,Bus,0.801,6486,Westbound_Lane1,5.4,0
5344,2026-08-06 19:04:01,CAM_JUNCTION_01,1076,Car,0.947,3076,Southbound_Lane1,39.0,0
5345,2026-08-06 19:04:01,CAM_JUNCTION_01,1076,Car,0.945,6933,Westbound_Lane1,49.8,0
5346,2026-08-06 19:04:01,CAM_JUNCTION_01,1076,Motorcycle,0.965,10896,Southbound_Lane1,9.3,0
5347,2026-08-06 19:04:01,CAM_JUNCTION_01,1076,Car,0.851,11462,Northbound_Lane1,40.1,0
5348,2026-08-06 19:04:01,CAM_JUNCTION_01,1076,Car,0.963,17136,Northbound_Lane2,13.2,0
5349,2026-08-06 19:04:01,CAM_JUNCTION_01,1076,Car,0.931,16727,Northbound_Lane2,45.3,0
5350,2026-08-06 19:04:01,CAM_JUNCTION_01,1077,Car,0.948,11036,Northbound_Lane1,37.7,0
5351,2026-08-06 19:04:01,CAM_JUNCTION_01,1077,Car,0.841,9271,Westbound_Lane1,32.3,0
5352,2026-08-06 19:04:01,CAM_JUNCTION_01,1077,Car,0.928,13523,Northbound_Lane1,53.2,0
5353,2026-08-06 19:04:02,CAM_JUNCTION_01,1078,Car,0.815,6061,Northbound_Lane2,42.3,0
5354,2026-08-06 19:04:02,CAM_JUNCTION_01,1078,Car,0.793,6345,Northbound_Lane1,2.0,0
5355,2026-08-06 19:04:02,CAM_JUNCTION_01,1078,Car,0.913,2313,Northbound_Lane2,2.2,0
5356,2026-08-06 19:04:02,CAM_JUNCTION_01,1079,Car,0.793,2416,Northbound_Lane2,7.5,0
5357,2026-08-06 19:04:02,CAM_JUNCTION_01,1079,Car,0.843,8721,Northbound_Lane1,43.2,0
5358,2026-08-06 19:04:02,CAM_JUNCTION_01,1079,Car,0.833,3398,Northbound_Lane2,20.0,0
5359,2026-08-06 19:04:03,CAM_JUNCTION_01,1080,Car,0.885,6527,Westbound_Lane1,49.0,0
5360,2026-08-06 19:04:03,CAM_JUNCTION_01,1080,Car,0.855,3612,Northbound_Lane1,48.0,0
5361,2026-08-06 19:04:03,CAM_JUNCTION_01,1080,Car,0.974,11234,Southbound_Lane1,17.3,0
5362,2026-08-06 19:04:03,CAM_JUNCTION_01,1080,Car,0.831,15637,Westbound_Lane1,30.0,0
5363,2026-08-06 19:04:03,CAM_JUNCTION_01,1080,Car,0.905,10237,Eastbound_Lane1,37.4,0
5364,2026-08-06 19:04:03,CAM_JUNCTION_01,1081,Motorcycle,0.879,12868,Southbound_Lane1,38.0,0
5365,2026-08-06 19:04:03,CAM_JUNCTION_01,1081,Car,0.837,17964,Northbound_Lane2,5.7,0
5366,2026-08-06 19:04:03,CAM_JUNCTION_01,1081,Car,0.902,6970,Northbound_Lane1,33.4,0
5367,2026-08-06 19:04:03,CAM_JUNCTION_01,1081,Car,0.85,8613,Northbound_Lane2,12.9,0
5368,2026-08-06 19:04:04,CAM_JUNCTION_01,1082,Motorcycle,0.947,7813,Southbound_Lane1,46.8,0
5369,2026-08-06 19:04:04,CAM_JUNCTION_01,1082,Car,0.944,16723,Southbound_Lane1,30.9,0
5370,2026-08-06 19:04:04,CAM_JUNCTION_01,1082,Car,0.861,6631,Eastbound_Lane1,19.5,0
5371,2026-08-06 19:04:04,CAM_JUNCTION_01,1082,Car,0.78,7972,Northbound_Lane1,14.4,0
5372,2026-08-06 19:04:04,CAM_JUNCTION_01,1082,Car,0.95,2875,Southbound_Lane1,25.4,0
5373,2026-08-06 19:04:04,CAM_JUNCTION_01,1083,Motorcycle,0.857,5702,Eastbound_Lane1,54.3,0
5374,2026-08-06 19:04:04,CAM_JUNCTION_01,1083,Car,0.906,8833,Southbound_Lane1,47.9,0
5375,2026-08-06 19:04:04,CAM_JUNCTION_01,1083,Motorcycle,0.945,7123,Northbound_Lane1,20.9,0
5376,2026-08-06 19:04:04,CAM_JUNCTION_01,1083,Car,0.819,3282,Northbound_Lane1,22.4,0
5377,2026-08-06 19:04:05,CAM_JUNCTION_01,1084,Car,0.862,17265,Northbound_Lane1,39.0,0
5378,2026-08-06 19:04:05,CAM_JUNCTION_01,1084,Bus,0.813,13490,Eastbound_Lane1,51.9,0
5379,2026-08-06 19:04:05,CAM_JUNCTION_01,1084,Car,0.966,9296,Southbound_Lane1,0.6,0
5380,2026-08-06 19:04:05,CAM_JUNCTION_01,1084,Car,0.88,9841,Eastbound_Lane1,49.3,0
5381,2026-08-06 19:04:05,CAM_JUNCTION_01,1085,Car,0.934,9350,Northbound_Lane2,44.7,0
5382,2026-08-06 19:04:05,CAM_JUNCTION_01,1085,Car,0.818,8871,Westbound_Lane1,9.0,0
5383,2026-08-06 19:04:05,CAM_JUNCTION_01,1085,Car,0.8,6250,Northbound_Lane2,1.2,0
5384,2026-08-06 19:04:06,CAM_JUNCTION_01,1086,Car,0.917,17669,Northbound_Lane1,52.8,0
5385,2026-08-06 19:04:06,CAM_JUNCTION_01,1086,Motorcycle,0.903,9769,Southbound_Lane1,44.0,0
5386,2026-08-06 19:04:06,CAM_JUNCTION_01,1086,Car,0.876,8234,Southbound_Lane1,41.2,0
5387,2026-08-06 19:04:06,CAM_JUNCTION_01,1086,Car,0.849,2586,Westbound_Lane1,39.0,0
5388,2026-08-06 19:04:06,CAM_JUNCTION_01,1087,Car,0.925,15489,Northbound_Lane1,40.7,0
5389,2026-08-06 19:04:06,CAM_JUNCTION_01,1087,Car,0.855,8836,Northbound_Lane2,44.0,0
5390,2026-08-06 19:04:07,CAM_JUNCTION_01,1088,Car,0.923,4492,Southbound_Lane1,37.6,0
5391,2026-08-06 19:04:07,CAM_JUNCTION_01,1088,Car,0.789,5277,Northbound_Lane2,24.0,0
5392,2026-08-06 19:04:07,CAM_JUNCTION_01,1088,Car,0.909,7262,Southbound_Lane1,35.7,0
5393,2026-08-06 19:04:07,CAM_JUNCTION_01,1089,Car,0.846,4811,Northbound_Lane2,49.7,0
5394,2026-08-06 19:04:07,CAM_JUNCTION_01,1089,Car,0.849,14947,Westbound_Lane1,0.8,0
5395,2026-08-06 19:04:07,CAM_JUNCTION_01,1089,Car,0.859,13161,Westbound_Lane1,29.9,0
5396,2026-08-06 19:04:07,CAM_JUNCTION_01,1089,Car,0.891,17363,Northbound_Lane2,23.5,0
5397,2026-08-06 19:04:08,CAM_JUNCTION_01,1090,Car,0.865,14408,Northbound_Lane2,10.1,0
5398,2026-08-06 19:04:08,CAM_JUNCTION_01,1090,Motorcycle,0.881,4141,Eastbound_Lane1,23.9,0
5399,2026-08-06 19:04:08,CAM_JUNCTION_01,1090,Car,0.888,12797,Westbound_Lane1,42.0,0
5400,2026-08-06 19:04:08,CAM_JUNCTION_01,1090,Car,0.966,4722,Southbound_Lane1,25.8,0
5401,2026-08-06 19:04:08,CAM_JUNCTION_01,1091,Car,0.889,1823,Northbound_Lane2,26.9,0
5402,2026-08-06 19:04:08,CAM_JUNCTION_01,1091,Car,0.875,12304,Eastbound_Lane1,12.8,0
5403,2026-08-06 19:04:08,CAM_JUNCTION_01,1091,Car,0.853,16981,Northbound_Lane1,44.6,0
5404,2026-08-06 19:04:09,CAM_JUNCTION_01,1092,Car,0.972,14087,Eastbound_Lane1,43.6,0
5405,2026-08-06 19:04:09,CAM_JUNCTION_01,1092,Car,0.809,14031,Westbound_Lane1,6.1,0
5406,2026-08-06 19:04:09,CAM_JUNCTION_01,1093,Car,0.862,14586,Eastbound_Lane1,20.0,0
5407,2026-08-06 19:04:09,CAM_JUNCTION_01,1093,Bus,0.921,3450,Northbound_Lane2,19.3,0
5408,2026-08-06 19:04:09,CAM_JUNCTION_01,1093,Car,0.898,3316,Eastbound_Lane1,28.1,0
5409,2026-08-06 19:04:09,CAM_JUNCTION_01,1093,Car,0.927,15116,Southbound_Lane1,20.0,0
5410,2026-08-06 19:04:10,CAM_JUNCTION_01,1094,Car,0.802,11462,Northbound_Lane2,41.3,0
5411,2026-08-06 19:04:10,CAM_JUNCTION_01,1094,Car,0.88,16493,Northbound_Lane2,19.7,0
5412,2026-08-06 19:04:10,CAM_JUNCTION_01,1094,Car,0.872,11212,Eastbound_Lane1,9.6,0
5413,2026-08-06 19:04:10,CAM_JUNCTION_01,1094,Bus,0.81,15789,Northbound_Lane1,8.8,0
5414,2026-08-06 19:04:10,CAM_JUNCTION_01,1094,Car,0.924,17067,Eastbound_Lane1,46.4,0
5415,2026-08-06 19:04:10,CAM_JUNCTION_01,1094,Car,0.95,10353,Eastbound_Lane1,0.4,0
5416,2026-08-06 19:04:10,CAM_JUNCTION_01,1095,Car,0.901,5652,Eastbound_Lane1,48.8,0
5417,2026-08-06 19:04:10,CAM_JUNCTION_01,1095,Car,0.932,11257,Northbound_Lane2,34.5,0
5418,2026-08-06 19:04:10,CAM_JUNCTION_01,1095,Bus,0.954,1561,Southbound_Lane1,5.0,0
5419,2026-08-06 19:04:11,CAM_JUNCTION_01,1096,Car,0.903,5427,Northbound_Lane1,28.6,0
5420,2026-08-06 19:04:11,CAM_JUNCTION_01,1096,Car,0.817,1800,Southbound_Lane1,24.9,0
5421,2026-08-06 19:04:11,CAM_JUNCTION_01,1096,Car,0.949,14681,Northbound_Lane1,31.0,0
5422,2026-08-06 19:04:11,CAM_JUNCTION_01,1096,Bus,0.921,13869,Eastbound_Lane1,13.1,0
5423,2026-08-06 19:04:11,CAM_JUNCTION_01,1097,Car,0.938,11968,Eastbound_Lane1,35.6,0
5424,2026-08-06 19:04:11,CAM_JUNCTION_01,1097,Car,0.797,14556,Northbound_Lane2,47.3,0
5425,2026-08-06 19:04:12,CAM_JUNCTION_01,1098,Car,0.895,3579,Eastbound_Lane1,2.9,0
5426,2026-08-06 19:04:12,CAM_JUNCTION_01,1098,Motorcycle,0.954,15843,Eastbound_Lane1,34.5,0
5427,2026-08-06 19:04:12,CAM_JUNCTION_01,1098,Car,0.899,3891,Northbound_Lane1,17.4,0
5428,2026-08-06 19:04:12,CAM_JUNCTION_01,1098,Motorcycle,0.933,8291,Southbound_Lane1,51.9,0
5429,2026-08-06 19:04:12,CAM_JUNCTION_01,1098,Car,0.862,3857,Northbound_Lane2,41.1,0
5430,2026-08-06 19:04:12,CAM_JUNCTION_01,1098,Car,0.805,7196,Eastbound_Lane1,36.5,0
5431,2026-08-06 19:04:12,CAM_JUNCTION_01,1099,Bus,0.783,8890,Northbound_Lane2,40.2,0
5432,2026-08-06 19:04:12,CAM_JUNCTION_01,1099,Car,0.824,12724,Northbound_Lane2,9.5,0
5433,2026-08-06 19:04:13,CAM_JUNCTION_01,1100,Car,0.809,3568,Westbound_Lane1,43.6,0
5434,2026-08-06 19:04:13,CAM_JUNCTION_01,1100,Car,0.894,2812,Northbound_Lane2,29.1,0
5435,2026-08-06 19:04:13,CAM_JUNCTION_01,1100,Motorcycle,0.787,1377,Eastbound_Lane1,15.5,0
5436,2026-08-06 19:04:13,CAM_JUNCTION_01,1100,Car,0.947,12869,Southbound_Lane1,31.5,0
5437,2026-08-06 19:04:13,CAM_JUNCTION_01,1100,Car,0.954,8645,Eastbound_Lane1,38.3,0
5438,2026-08-06 19:04:13,CAM_JUNCTION_01,1100,Car,0.931,5576,Westbound_Lane1,31.3,0
5439,2026-08-06 19:04:13,CAM_JUNCTION_01,1101,Car,0.864,10618,Eastbound_Lane1,46.2,0
5440,2026-08-06 19:04:13,CAM_JUNCTION_01,1101,Car,0.87,7377,Northbound_Lane1,46.6,0
5441,2026-08-06 19:04:13,CAM_JUNCTION_01,1101,Car,0.978,11118,Eastbound_Lane1,30.7,0
5442,2026-08-06 19:04:13,CAM_JUNCTION_01,1101,Car,0.969,6378,Northbound_Lane2,27.1,0
5443,2026-08-06 19:04:13,CAM_JUNCTION_01,1101,Car,0.787,9328,Southbound_Lane1,13.2,0
5444,2026-08-06 19:04:13,CAM_JUNCTION_01,1101,Car,0.837,12667,Northbound_Lane2,0.2,0
5445,2026-08-06 19:04:14,CAM_JUNCTION_01,1102,Car,0.802,10254,Northbound_Lane1,17.0,0
5446,2026-08-06 19:04:14,CAM_JUNCTION_01,1102,Motorcycle,0.804,6042,Northbound_Lane2,1.9,0
5447,2026-08-06 19:04:14,CAM_JUNCTION_01,1102,Car,0.853,15441,Southbound_Lane1,51.4,0
5448,2026-08-06 19:04:14,CAM_JUNCTION_01,1102,Car,0.812,9206,Northbound_Lane1,25.6,0
5449,2026-08-06 19:04:14,CAM_JUNCTION_01,1103,Car,0.78,14300,Westbound_Lane1,19.6,0
5450,2026-08-06 19:04:14,CAM_JUNCTION_01,1103,Car,0.831,14289,Northbound_Lane1,13.5,0
5451,2026-08-06 19:04:14,CAM_JUNCTION_01,1103,Car,0.953,4701,Southbound_Lane1,24.9,0
5452,2026-08-06 19:04:15,CAM_JUNCTION_01,1104,Car,0.923,15923,Southbound_Lane1,37.4,0
5453,2026-08-06 19:04:15,CAM_JUNCTION_01,1104,Car,0.803,7315,Southbound_Lane1,36.7,0
5454,2026-08-06 19:04:15,CAM_JUNCTION_01,1104,Car,0.844,8636,Southbound_Lane1,17.4,0
5455,2026-08-06 19:04:15,CAM_JUNCTION_01,1104,Car,0.943,2579,Westbound_Lane1,15.1,0
5456,2026-08-06 19:04:15,CAM_JUNCTION_01,1104,Car,0.81,16789,Southbound_Lane1,50.1,0
5457,2026-08-06 19:04:15,CAM_JUNCTION_01,1104,Car,0.974,7265,Northbound_Lane1,2.8,0
5458,2026-08-06 19:04:15,CAM_JUNCTION_01,1105,Car,0.917,15893,Northbound_Lane2,37.3,0
5459,2026-08-06 19:04:15,CAM_JUNCTION_01,1105,Car,0.919,7394,Westbound_Lane1,39.8,0
5460,2026-08-06 19:04:15,CAM_JUNCTION_01,1105,Car,0.831,16226,Westbound_Lane1,29.9,0
5461,2026-08-06 19:04:15,CAM_JUNCTION_01,1105,Car,0.824,5758,Westbound_Lane1,30.8,0
5462,2026-08-06 19:04:15,CAM_JUNCTION_01,1105,Car,0.954,9900,Northbound_Lane2,25.9,0
5463,2026-08-06 19:04:16,CAM_JUNCTION_01,1106,Car,0.826,15074,Eastbound_Lane1,32.9,0
5464,2026-08-06 19:04:16,CAM_JUNCTION_01,1106,Car,0.971,8831,Westbound_Lane1,50.9,0
5465,2026-08-06 19:04:16,CAM_JUNCTION_01,1106,Car,0.802,7275,Northbound_Lane2,16.3,0
5466,2026-08-06 19:04:16,CAM_JUNCTION_01,1107,Car,0.962,2380,Southbound_Lane1,3.9,0
5467,2026-08-06 19:04:16,CAM_JUNCTION_01,1107,Car,0.823,12870,Northbound_Lane1,3.9,0
5468,2026-08-06 19:04:16,CAM_JUNCTION_01,1107,Car,0.835,3621,Northbound_Lane2,36.1,0
5469,2026-08-06 19:04:16,CAM_JUNCTION_01,1107,Car,0.836,17161,Northbound_Lane2,44.0,0
5470,2026-08-06 19:04:17,CAM_JUNCTION_01,1108,Car,0.851,5435,Northbound_Lane2,16.5,0
5471,2026-08-06 19:04:17,CAM_JUNCTION_01,1108,Car,0.968,16090,Southbound_Lane1,47.8,0
5472,2026-08-06 19:04:17,CAM_JUNCTION_01,1108,Car,0.861,7293,Southbound_Lane1,25.3,0
5473,2026-08-06 19:04:17,CAM_JUNCTION_01,1109,Car,0.882,11401,Westbound_Lane1,36.1,0
5474,2026-08-06 19:04:17,CAM_JUNCTION_01,1109,Car,0.957,8849,Southbound_Lane1,25.0,0
5475,2026-08-06 19:04:17,CAM_JUNCTION_01,1109,Car,0.945,7980,Eastbound_Lane1,23.4,0
5476,2026-08-06 19:04:17,CAM_JUNCTION_01,1109,Motorcycle,0.792,8511,Northbound_Lane2,45.2,0
5477,2026-08-06 19:04:18,CAM_JUNCTION_01,1110,Motorcycle,0.858,2808,Westbound_Lane1,28.1,0
5478,2026-08-06 19:04:18,CAM_JUNCTION_01,1110,Rickshaw,0.947,8959,Southbound_Lane1,15.9,0
5479,2026-08-06 19:04:18,CAM_JUNCTION_01,1110,Car,0.839,8229,Northbound_Lane1,6.4,0
5480,2026-08-06 19:04:18,CAM_JUNCTION_01,1110,Car,0.876,14795,Northbound_Lane2,53.7,0
5481,2026-08-06 19:04:18,CAM_JUNCTION_01,1110,Rickshaw,0.832,9289,Northbound_Lane1,11.1,0
5482,2026-08-06 19:04:18,CAM_JUNCTION_01,1111,Car,0.793,4808,Southbound_Lane1,23.1,0
5483,2026-08-06 19:04:18,CAM_JUNCTION_01,1111,Car,0.878,8318,Northbound_Lane2,36.6,0
5484,2026-08-06 19:04:18,CAM_JUNCTION_01,1111,Car,0.879,10211,Eastbound_Lane1,1.4,0
5485,2026-08-06 19:04:19,CAM_JUNCTION_01,1112,Car,0.954,3489,Eastbound_Lane1,18.5,0
5486,2026-08-06 19:04:19,CAM_JUNCTION_01,1112,Car,0.826,15378,Westbound_Lane1,43.5,0
5487,2026-08-06 19:04:19,CAM_JUNCTION_01,1112,Car,0.859,6638,Eastbound_Lane1,46.6,0
5488,2026-08-06 19:04:19,CAM_JUNCTION_01,1112,Car,0.961,7566,Eastbound_Lane1,40.1,0
5489,2026-08-06 19:04:19,CAM_JUNCTION_01,1112,Motorcycle,0.915,16031,Westbound_Lane1,25.6,0
5490,2026-08-06 19:04:19,CAM_JUNCTION_01,1113,Car,0.837,7432,Westbound_Lane1,42.4,0
5491,2026-08-06 19:04:19,CAM_JUNCTION_01,1113,Car,0.877,1311,Westbound_Lane1,44.6,0
5492,2026-08-06 19:04:20,CAM_JUNCTION_01,1114,Car,0.884,14964,Eastbound_Lane1,37.7,0
5493,2026-08-06 19:04:20,CAM_JUNCTION_01,1114,Bus,0.911,9328,Northbound_Lane2,5.8,0
5494,2026-08-06 19:04:20,CAM_JUNCTION_01,1114,Car,0.847,7741,Northbound_Lane2,6.4,0
5495,2026-08-06 19:04:20,CAM_JUNCTION_01,1115,Car,0.837,6256,Northbound_Lane2,19.9,0
5496,2026-08-06 19:04:20,CAM_JUNCTION_01,1115,Truck,0.848,12008,Southbound_Lane1,48.9,0
5497,2026-08-06 19:04:20,CAM_JUNCTION_01,1115,Car,0.978,11606,Westbound_Lane1,43.9,0
5498,2026-08-06 19:04:20,CAM_JUNCTION_01,1115,Car,0.86,17946,Westbound_Lane1,45.2,0
5499,2026-08-06 19:04:20,CAM_JUNCTION_01,1115,Car,0.815,17159,Eastbound_Lane1,0.3,0
5500,2026-08-06 19:04:20,CAM_JUNCTION_01,1115,Car,0.821,4272,Westbound_Lane1,8.2,0
5501,2026-08-06 19:04:21,CAM_JUNCTION_01,1116,Car,0.807,17635,Eastbound_Lane1,11.7,0
5502,2026-08-06 19:04:21,CAM_JUNCTION_01,1116,Car,0.932,12033,Northbound_Lane2,18.8,0
5503,2026-08-06 19:04:21,CAM_JUNCTION_01,1116,Car,0.848,3098,Eastbound_Lane1,12.9,0
5504,2026-08-06 19:04:21,CAM_JUNCTION_01,1116,Car,0.877,16411,Eastbound_Lane1,19.7,0
5505,2026-08-06 19:04:21,CAM_JUNCTION_01,1116,Car,0.865,16605,Southbound_Lane1,25.6,0
5506,2026-08-06 19:04:21,CAM_JUNCTION_01,1116,Car,0.82,3960,Northbound_Lane2,16.8,0
5507,2026-08-06 19:04:21,CAM_JUNCTION_01,1117,Car,0.832,5532,Eastbound_Lane1,22.1,0
5508,2026-08-06 19:04:21,CAM_JUNCTION_01,1117,Car,0.932,3035,Northbound_Lane2,28.1,0
5509,2026-08-06 19:04:21,CAM_JUNCTION_01,1117,Motorcycle,0.846,7412,Eastbound_Lane1,29.3,0
5510,2026-08-06 19:04:21,CAM_JUNCTION_01,1117,Car,0.86,8987,Eastbound_Lane1,5.3,0
5511,2026-08-06 19:04:21,CAM_JUNCTION_01,1117,Car,0.878,8720,Westbound_Lane1,41.9,0
5512,2026-08-06 19:04:21,CAM_JUNCTION_01,1117,Car,0.794,8303,Southbound_Lane1,46.6,0
5513,2026-08-06 19:04:22,CAM_JUNCTION_01,1118,Car,0.925,17987,Northbound_Lane2,20.6,0
5514,2026-08-06 19:04:22,CAM_JUNCTION_01,1118,Car,0.88,11303,Northbound_Lane2,50.8,0
5515,2026-08-06 19:04:22,CAM_JUNCTION_01,1119,Car,0.824,4033,Westbound_Lane1,31.5,0
5516,2026-08-06 19:04:22,CAM_JUNCTION_01,1119,Car,0.878,13588,Southbound_Lane1,5.7,0
5517,2026-08-06 19:04:22,CAM_JUNCTION_01,1119,Truck,0.909,1985,Eastbound_Lane1,9.3,0
5518,2026-08-06 19:04:22,CAM_JUNCTION_01,1119,Car,0.785,4086,Northbound_Lane2,17.3,0
5519,2026-08-06 19:04:23,CAM_JUNCTION_01,1120,Car,0.815,15646,Westbound_Lane1,45.7,0
5520,2026-08-06 19:04:23,CAM_JUNCTION_01,1120,Bus,0.888,17663,Southbound_Lane1,40.9,0
5521,2026-08-06 19:04:23,CAM_JUNCTION_01,1120,Motorcycle,0.897,2129,Northbound_Lane2,45.8,0
5522,2026-08-06 19:04:23,CAM_JUNCTION_01,1120,Car,0.874,17792,Eastbound_Lane1,6.2,0
5523,2026-08-06 19:04:23,CAM_JUNCTION_01,1120,Car,0.879,9615,Northbound_Lane2,37.7,0
5524,2026-08-06 19:04:23,CAM_JUNCTION_01,1121,Motorcycle,0.84,1671,Northbound_Lane2,27.4,0
5525,2026-08-06 19:04:23,CAM_JUNCTION_01,1121,Car,0.857,6241,Eastbound_Lane1,48.9,0
5526,2026-08-06 19:04:23,CAM_JUNCTION_01,1121,Car,0.828,7001,Northbound_Lane2,12.2,0
5527,2026-08-06 19:04:23,CAM_JUNCTION_01,1121,Car,0.844,2581,Westbound_Lane1,12.9,0
5528,2026-08-06 19:04:23,CAM_JUNCTION_01,1121,Car,0.782,7138,Westbound_Lane1,1.4,0
5529,2026-08-06 19:04:23,CAM_JUNCTION_01,1121,Car,0.836,15314,Westbound_Lane1,2.8,0
5530,2026-08-06 19:04:24,CAM_JUNCTION_01,1122,Car,0.836,12085,Northbound_Lane2,38.7,0
5531,2026-08-06 19:04:24,CAM_JUNCTION_01,1122,Car,0.842,10470,Eastbound_Lane1,32.8,0
5532,2026-08-06 19:04:24,CAM_JUNCTION_01,1122,Car,0.821,16340,Eastbound_Lane1,53.4,0
5533,2026-08-06 19:04:24,CAM_JUNCTION_01,1122,Motorcycle,0.807,14341,Westbound_Lane1,1.3,0
5534,2026-08-06 19:04:24,CAM_JUNCTION_01,1122,Truck,0.917,7558,Eastbound_Lane1,8.4,0
5535,2026-08-06 19:04:24,CAM_JUNCTION_01,1123,Car,0.799,10073,Eastbound_Lane1,35.8,0
5536,2026-08-06 19:04:24,CAM_JUNCTION_01,1123,Bus,0.925,15603,Northbound_Lane1,29.9,0
5537,2026-08-06 19:04:24,CAM_JUNCTION_01,1123,Car,0.968,6042,Northbound_Lane1,27.2,0
5538,2026-08-06 19:04:25,CAM_JUNCTION_01,1124,Car,0.849,12552,Northbound_Lane2,8.2,0
5539,2026-08-06 19:04:25,CAM_JUNCTION_01,1124,Car,0.856,3449,Southbound_Lane1,2.4,0
5540,2026-08-06 19:04:25,CAM_JUNCTION_01,1125,Car,0.866,14425,Eastbound_Lane1,43.4,0
5541,2026-08-06 19:04:25,CAM_JUNCTION_01,1125,Car,0.79,17187,Northbound_Lane1,47.4,0
5542,2026-08-06 19:04:25,CAM_JUNCTION_01,1125,Car,0.962,12894,Southbound_Lane1,51.1,0
5543,2026-08-06 19:04:25,CAM_JUNCTION_01,1125,Car,0.785,11787,Eastbound_Lane1,54.8,0
5544,2026-08-06 19:04:25,CAM_JUNCTION_01,1125,Bus,0.93,9184,Southbound_Lane1,21.6,0
5545,2026-08-06 19:04:25,CAM_JUNCTION_01,1125,Car,0.946,7963,Northbound_Lane2,13.6,0
5546,2026-08-06 19:04:26,CAM_JUNCTION_01,1126,Car,0.795,2779,Southbound_Lane1,40.6,0
5547,2026-08-06 19:04:26,CAM_JUNCTION_01,1126,Car,0.807,1395,Southbound_Lane1,6.7,0
5548,2026-08-06 19:04:26,CAM_JUNCTION_01,1126,Car,0.782,6608,Northbound_Lane2,0.2,0
5549,2026-08-06 19:04:26,CAM_JUNCTION_01,1126,Car,0.81,16290,Northbound_Lane2,54.1,0
5550,2026-08-06 19:04:26,CAM_JUNCTION_01,1126,Car,0.83,11119,Eastbound_Lane1,54.7,0
5551,2026-08-06 19:04:26,CAM_JUNCTION_01,1126,Car,0.932,8974,Westbound_Lane1,42.9,0
5552,2026-08-06 19:04:26,CAM_JUNCTION_01,1127,Car,0.958,11538,Eastbound_Lane1,40.4,0
5553,2026-08-06 19:04:26,CAM_JUNCTION_01,1127,Motorcycle,0.799,7232,Southbound_Lane1,36.6,0
5554,2026-08-06 19:04:26,CAM_JUNCTION_01,1127,Car,0.971,4091,Northbound_Lane1,30.7,0
5555,2026-08-06 19:04:27,CAM_JUNCTION_01,1128,Motorcycle,0.89,11923,Eastbound_Lane1,27.4,0
5556,2026-08-06 19:04:27,CAM_JUNCTION_01,1128,Car,0.888,6883,Southbound_Lane1,28.2,0
5557,2026-08-06 19:04:27,CAM_JUNCTION_01,1128,Car,0.924,17416,Southbound_Lane1,37.4,0
5558,2026-08-06 19:04:27,CAM_JUNCTION_01,1128,Motorcycle,0.802,7947,Southbound_Lane1,15.9,0
5559,2026-08-06 19:04:27,CAM_JUNCTION_01,1128,Car,0.931,7040,Westbound_Lane1,42.2,0
5560,2026-08-06 19:04:27,CAM_JUNCTION_01,1128,Car,0.891,1782,Eastbound_Lane1,4.9,0
5561,2026-08-06 19:04:27,CAM_JUNCTION_01,1129,Truck,0.896,14698,Eastbound_Lane1,43.8,0
5562,2026-08-06 19:04:27,CAM_JUNCTION_01,1129,Car,0.826,5101,Southbound_Lane1,53.8,0
5563,2026-08-06 19:04:27,CAM_JUNCTION_01,1129,Car,0.93,11922,Northbound_Lane1,31.9,0
5564,2026-08-06 19:04:27,CAM_JUNCTION_01,1129,Car,0.979,13354,Southbound_Lane1,9.6,0
5565,2026-08-06 19:04:28,CAM_JUNCTION_01,1130,Car,0.822,1631,Northbound_Lane1,51.6,0
5566,2026-08-06 19:04:28,CAM_JUNCTION_01,1130,Car,0.896,17325,Southbound_Lane1,4.2,0
5567,2026-08-06 19:04:28,CAM_JUNCTION_01,1130,Car,0.941,1490,Westbound_Lane1,43.8,0
5568,2026-08-06 19:04:28,CAM_JUNCTION_01,1130,Car,0.804,8528,Eastbound_Lane1,45.3,0
5569,2026-08-06 19:04:28,CAM_JUNCTION_01,1131,Car,0.866,16779,Northbound_Lane1,0.9,0
5570,2026-08-06 19:04:28,CAM_JUNCTION_01,1131,Car,0.915,13245,Northbound_Lane2,31.4,0
5571,2026-08-06 19:04:28,CAM_JUNCTION_01,1131,Bus,0.91,17501,Eastbound_Lane1,22.0,0
5572,2026-08-06 19:04:28,CAM_JUNCTION_01,1131,Car,0.926,5087,Eastbound_Lane1,50.4,0
5573,2026-08-06 19:04:28,CAM_JUNCTION_01,1131,Car,0.941,6015,Westbound_Lane1,9.8,0
5574,2026-08-06 19:04:29,CAM_JUNCTION_01,1132,Car,0.834,14463,Northbound_Lane2,31.7,0
5575,2026-08-06 19:04:29,CAM_JUNCTION_01,1132,Car,0.874,17037,Eastbound_Lane1,2.4,0
5576,2026-08-06 19:04:29,CAM_JUNCTION_01,1133,Car,0.821,11649,Westbound_Lane1,25.0,0
5577,2026-08-06 19:04:29,CAM_JUNCTION_01,1133,Car,0.916,6374,Southbound_Lane1,38.8,0
5578,2026-08-06 19:04:29,CAM_JUNCTION_01,1133,Car,0.93,7314,Northbound_Lane2,32.1,0
5579,2026-08-06 19:04:30,CAM_JUNCTION_01,1134,Car,0.897,16028,Westbound_Lane1,1.6,0
5580,2026-08-06 19:04:30,CAM_JUNCTION_01,1134,Car,0.939,13192,Northbound_Lane1,51.6,0
5581,2026-08-06 19:04:30,CAM_JUNCTION_01,1134,Motorcycle,0.797,5791,Southbound_Lane1,48.1,0
5582,2026-08-06 19:04:30,CAM_JUNCTION_01,1134,Motorcycle,0.952,4703,Eastbound_Lane1,20.0,0
5583,2026-08-06 19:04:30,CAM_JUNCTION_01,1134,Car,0.826,2674,Northbound_Lane1,34.0,0
5584,2026-08-06 19:04:30,CAM_JUNCTION_01,1134,Bus,0.847,13726,Northbound_Lane1,49.9,0
5585,2026-08-06 19:04:30,CAM_JUNCTION_01,1135,Car,0.892,10861,Northbound_Lane2,2.9,0
5586,2026-08-06 19:04:30,CAM_JUNCTION_01,1135,Car,0.939,15852,Southbound_Lane1,32.4,0
5587,2026-08-06 19:04:30,CAM_JUNCTION_01,1135,Car,0.945,16190,Northbound_Lane1,49.4,0
5588,2026-08-06 19:04:31,CAM_JUNCTION_01,1136,Car,0.853,4182,Southbound_Lane1,1.9,0
5589,2026-08-06 19:04:31,CAM_JUNCTION_01,1136,Car,0.942,15923,Northbound_Lane2,35.2,0
5590,2026-08-06 19:04:31,CAM_JUNCTION_01,1136,Car,0.855,5912,Eastbound_Lane1,27.6,0
5591,2026-08-06 19:04:31,CAM_JUNCTION_01,1136,Car,0.786,7200,Westbound_Lane1,48.4,0
5592,2026-08-06 19:04:31,CAM_JUNCTION_01,1137,Bus,0.823,14560,Eastbound_Lane1,20.8,0
5593,2026-08-06 19:04:31,CAM_JUNCTION_01,1137,Car,0.826,8608,Northbound_Lane1,31.7,0
5594,2026-08-06 19:04:31,CAM_JUNCTION_01,1137,Car,0.878,13441,Northbound_Lane1,54.0,0
5595,2026-08-06 19:04:31,CAM_JUNCTION_01,1137,Car,0.948,8031,Westbound_Lane1,37.9,0
5596,2026-08-06 19:04:31,CAM_JUNCTION_01,1137,Car,0.813,15233,Southbound_Lane1,28.0,0
5597,2026-08-06 19:04:32,CAM_JUNCTION_01,1138,Car,0.924,1505,Northbound_Lane1,20.9,0
5598,2026-08-06 19:04:32,CAM_JUNCTION_01,1138,Rickshaw,0.925,6200,Northbound_Lane2,25.7,0
5599,2026-08-06 19:04:32,CAM_JUNCTION_01,1138,Rickshaw,0.823,3696,Westbound_Lane1,20.8,0
5600,2026-08-06 19:04:32,CAM_JUNCTION_01,1138,Car,0.908,9320,Northbound_Lane1,16.0,0
5601,2026-08-06 19:04:32,CAM_JUNCTION_01,1138,Car,0.929,13340,Northbound_Lane2,45.2,0
5602,2026-08-06 19:04:32,CAM_JUNCTION_01,1139,Car,0.94,6880,Northbound_Lane2,19.1,0
5603,2026-08-06 19:04:32,CAM_JUNCTION_01,1139,Car,0.81,17359,Northbound_Lane2,26.9,0
5604,2026-08-06 19:04:32,CAM_JUNCTION_01,1139,Car,0.93,6377,Northbound_Lane1,51.0,0
5605,2026-08-06 19:04:32,CAM_JUNCTION_01,1139,Car,0.866,11050,Northbound_Lane2,17.6,0
5606,2026-08-06 19:04:33,CAM_JUNCTION_01,1140,Car,0.886,16024,Westbound_Lane1,22.5,0
5607,2026-08-06 19:04:33,CAM_JUNCTION_01,1140,Car,0.929,8298,Southbound_Lane1,9.0,0
5608,2026-08-06 19:04:33,CAM_JUNCTION_01,1140,Car,0.813,3540,Westbound_Lane1,43.3,0
5609,2026-08-06 19:04:33,CAM_JUNCTION_01,1140,Car,0.943,17728,Westbound_Lane1,38.2,0
5610,2026-08-06 19:04:33,CAM_JUNCTION_01,1140,Motorcycle,0.91,11299,Northbound_Lane2,24.7,0
5611,2026-08-06 19:04:33,CAM_JUNCTION_01,1141,Car,0.901,15799,Southbound_Lane1,9.6,0
5612,2026-08-06 19:04:33,CAM_JUNCTION_01,1141,Car,0.941,12767,Westbound_Lane1,31.2,0
5613,2026-08-06 19:04:33,CAM_JUNCTION_01,1141,Motorcycle,0.966,17442,Westbound_Lane1,42.2,0
5614,2026-08-06 19:04:33,CAM_JUNCTION_01,1141,Car,0.781,10114,Eastbound_Lane1,50.8,0
5615,2026-08-06 19:04:33,CAM_JUNCTION_01,1141,Car,0.937,1613,Eastbound_Lane1,36.0,0
5616,2026-08-06 19:04:33,CAM_JUNCTION_01,1141,Motorcycle,0.795,7692,Northbound_Lane1,26.4,0
5617,2026-08-06 19:04:34,CAM_JUNCTION_01,1142,Car,0.799,14237,Eastbound_Lane1,16.5,0
5618,2026-08-06 19:04:34,CAM_JUNCTION_01,1142,Car,0.918,17363,Northbound_Lane1,24.8,0
5619,2026-08-06 19:04:34,CAM_JUNCTION_01,1142,Car,0.855,12490,Northbound_Lane1,7.1,0
5620,2026-08-06 19:04:34,CAM_JUNCTION_01,1143,Car,0.882,12130,Eastbound_Lane1,54.8,0
5621,2026-08-06 19:04:34,CAM_JUNCTION_01,1143,Car,0.927,1377,Northbound_Lane1,15.5,0
5622,2026-08-06 19:04:35,CAM_JUNCTION_01,1144,Truck,0.939,2543,Westbound_Lane1,17.4,0
5623,2026-08-06 19:04:35,CAM_JUNCTION_01,1144,Car,0.815,6609,Northbound_Lane1,33.2,0
5624,2026-08-06 19:04:35,CAM_JUNCTION_01,1144,Car,0.868,4820,Westbound_Lane1,49.9,0
5625,2026-08-06 19:04:35,CAM_JUNCTION_01,1144,Car,0.907,8715,Northbound_Lane1,52.6,0
5626,2026-08-06 19:04:35,CAM_JUNCTION_01,1144,Car,0.943,2113,Northbound_Lane2,30.8,0
5627,2026-08-06 19:04:35,CAM_JUNCTION_01,1144,Car,0.841,1235,Westbound_Lane1,8.0,0
5628,2026-08-06 19:04:35,CAM_JUNCTION_01,1145,Motorcycle,0.948,14132,Northbound_Lane2,5.5,0
5629,2026-08-06 19:04:35,CAM_JUNCTION_01,1145,Car,0.826,14438,Southbound_Lane1,12.7,0
5630,2026-08-06 19:04:35,CAM_JUNCTION_01,1145,Car,0.925,12533,Northbound_Lane1,42.0,0
5631,2026-08-06 19:04:35,CAM_JUNCTION_01,1145,Car,0.891,11036,Northbound_Lane2,10.5,0
5632,2026-08-06 19:04:35,CAM_JUNCTION_01,1145,Car,0.95,5055,Eastbound_Lane1,52.5,0
5633,2026-08-06 19:04:35,CAM_JUNCTION_01,1145,Car,0.787,15921,Southbound_Lane1,11.8,0
5634,2026-08-06 19:04:36,CAM_JUNCTION_01,1146,Bus,0.835,9950,Westbound_Lane1,51.0,0
5635,2026-08-06 19:04:36,CAM_JUNCTION_01,1146,Bus,0.806,2821,Northbound_Lane1,6.6,0
5636,2026-08-06 19:04:36,CAM_JUNCTION_01,1146,Motorcycle,0.833,14828,Northbound_Lane2,26.3,0
5637,2026-08-06 19:04:36,CAM_JUNCTION_01,1146,Car,0.907,9502,Eastbound_Lane1,30.4,0
5638,2026-08-06 19:04:36,CAM_JUNCTION_01,1146,Car,0.909,2970,Northbound_Lane1,42.8,0
5639,2026-08-06 19:04:36,CAM_JUNCTION_01,1147,Car,0.83,10509,Southbound_Lane1,32.7,0
5640,2026-08-06 19:04:36,CAM_JUNCTION_01,1147,Car,0.902,14546,Northbound_Lane1,45.1,0
5641,2026-08-06 19:04:36,CAM_JUNCTION_01,1147,Car,0.803,14056,Southbound_Lane1,50.8,0
5642,2026-08-06 19:04:36,CAM_JUNCTION_01,1147,Motorcycle,0.877,17753,Southbound_Lane1,30.9,0
5643,2026-08-06 19:04:37,CAM_JUNCTION_01,1148,Car,0.974,16891,Southbound_Lane1,39.7,0
5644,2026-08-06 19:04:37,CAM_JUNCTION_01,1148,Car,0.799,3812,Northbound_Lane1,30.7,0
5645,2026-08-06 19:04:37,CAM_JUNCTION_01,1149,Car,0.85,14393,Northbound_Lane2,44.6,0
5646,2026-08-06 19:04:37,CAM_JUNCTION_01,1149,Car,0.913,6192,Southbound_Lane1,7.4,0
5647,2026-08-06 19:04:37,CAM_JUNCTION_01,1149,Car,0.831,8277,Southbound_Lane1,33.9,0
5648,2026-08-06 19:04:37,CAM_JUNCTION_01,1149,Car,0.785,1518,Northbound_Lane1,38.0,0
5649,2026-08-06 19:04:37,CAM_JUNCTION_01,1149,Car,0.929,9846,Westbound_Lane1,40.1,0
5650,2026-08-06 19:04:37,CAM_JUNCTION_01,1149,Motorcycle,0.952,1390,Northbound_Lane1,26.5,0
5651,2026-08-06 19:04:38,CAM_JUNCTION_01,1150,Bus,0.921,1685,Northbound_Lane1,2.6,0
5652,2026-08-06 19:04:38,CAM_JUNCTION_01,1150,Car,0.902,5799,Westbound_Lane1,32.3,0
5653,2026-08-06 19:04:38,CAM_JUNCTION_01,1150,Motorcycle,0.836,15132,Northbound_Lane2,46.8,0
5654,2026-08-06 19:04:38,CAM_JUNCTION_01,1151,Car,0.889,6279,Southbound_Lane1,42.3,0
5655,2026-08-06 19:04:38,CAM_JUNCTION_01,1151,Car,0.951,17171,Northbound_Lane1,4.5,0
5656,2026-08-06 19:04:38,CAM_JUNCTION_01,1151,Bus,0.944,4811,Eastbound_Lane1,46.7,0
5657,2026-08-06 19:04:38,CAM_JUNCTION_01,1151,Car,0.947,10632,Southbound_Lane1,21.2,0
5658,2026-08-06 19:04:38,CAM_JUNCTION_01,1151,Car,0.799,5495,Westbound_Lane1,30.0,0
5659,2026-08-06 19:04:39,CAM_JUNCTION_01,1152,Car,0.861,9563,Northbound_Lane1,45.9,0
5660,2026-08-06 19:04:39,CAM_JUNCTION_01,1152,Car,0.939,2601,Eastbound_Lane1,38.8,0
5661,2026-08-06 19:04:39,CAM_JUNCTION_01,1152,Car,0.797,2834,Northbound_Lane2,24.2,0
5662,2026-08-06 19:04:39,CAM_JUNCTION_01,1153,Car,0.838,5146,Westbound_Lane1,12.6,0
5663,2026-08-06 19:04:39,CAM_JUNCTION_01,1153,Car,0.974,8123,Northbound_Lane2,20.1,0
5664,2026-08-06 19:04:39,CAM_JUNCTION_01,1153,Car,0.938,4280,Northbound_Lane1,10.2,0
5665,2026-08-06 19:04:39,CAM_JUNCTION_01,1153,Motorcycle,0.812,7326,Southbound_Lane1,28.5,0
5666,2026-08-06 19:04:39,CAM_JUNCTION_01,1153,Car,0.977,4677,Northbound_Lane2,23.2,0
5667,2026-08-06 19:04:39,CAM_JUNCTION_01,1153,Car,0.915,9115,Eastbound_Lane1,24.8,0
5668,2026-08-06 19:04:40,CAM_JUNCTION_01,1154,Car,0.784,13313,Eastbound_Lane1,30.7,0
5669,2026-08-06 19:04:40,CAM_JUNCTION_01,1154,Car,0.811,15977,Eastbound_Lane1,27.0,0
5670,2026-08-06 19:04:40,CAM_JUNCTION_01,1155,Truck,0.937,16563,Eastbound_Lane1,44.6,0
5671,2026-08-06 19:04:40,CAM_JUNCTION_01,1155,Car,0.909,15217,Westbound_Lane1,28.4,0
5672,2026-08-06 19:04:40,CAM_JUNCTION_01,1155,Car,0.886,1761,Eastbound_Lane1,23.2,0
5673,2026-08-06 19:04:40,CAM_JUNCTION_01,1155,Car,0.794,12239,Southbound_Lane1,45.9,0
5674,2026-08-06 19:04:41,CAM_JUNCTION_01,1156,Car,0.821,9217,Eastbound_Lane1,0.4,0
5675,2026-08-06 19:04:41,CAM_JUNCTION_01,1156,Car,0.978,4260,Southbound_Lane1,18.5,0
5676,2026-08-06 19:04:41,CAM_JUNCTION_01,1156,Car,0.973,10417,Southbound_Lane1,38.9,0
5677,2026-08-06 19:04:41,CAM_JUNCTION_01,1156,Car,0.886,10458,Northbound_Lane1,0.6,0
5678,2026-08-06 19:04:41,CAM_JUNCTION_01,1156,Car,0.812,11033,Southbound_Lane1,42.1,0
5679,2026-08-06 19:04:41,CAM_JUNCTION_01,1157,Car,0.804,2288,Northbound_Lane2,25.1,0
5680,2026-08-06 19:04:41,CAM_JUNCTION_01,1157,Car,0.865,5061,Northbound_Lane1,37.7,0
5681,2026-08-06 19:04:42,CAM_JUNCTION_01,1158,Truck,0.905,14411,Eastbound_Lane1,25.2,0
5682,2026-08-06 19:04:42,CAM_JUNCTION_01,1158,Car,0.882,13057,Northbound_Lane2,43.0,0
5683,2026-08-06 19:04:42,CAM_JUNCTION_01,1158,Car,0.935,17765,Southbound_Lane1,23.3,0
5684,2026-08-06 19:04:42,CAM_JUNCTION_01,1158,Car,0.843,13700,Northbound_Lane2,51.3,0
5685,2026-08-06 19:04:42,CAM_JUNCTION_01,1159,Car,0.782,9559,Eastbound_Lane1,39.1,0
5686,2026-08-06 19:04:42,CAM_JUNCTION_01,1159,Car,0.943,6295,Northbound_Lane2,0.8,0
5687,2026-08-06 19:04:42,CAM_JUNCTION_01,1159,Car,0.898,9428,Westbound_Lane1,32.7,0
5688,2026-08-06 19:04:42,CAM_JUNCTION_01,1159,Car,0.944,13775,Northbound_Lane2,41.2,0
5689,2026-08-06 19:04:42,CAM_JUNCTION_01,1159,Car,0.944,2925,Westbound_Lane1,2.0,0
5690,2026-08-06 19:04:42,CAM_JUNCTION_01,1159,Motorcycle,0.921,3187,Westbound_Lane1,41.0,0
5691,2026-08-06 19:04:43,CAM_JUNCTION_01,1160,Car,0.798,1450,Northbound_Lane1,34.4,0
5692,2026-08-06 19:04:43,CAM_JUNCTION_01,1160,Car,0.819,5342,Northbound_Lane2,52.5,0
5693,2026-08-06 19:04:43,CAM_JUNCTION_01,1160,Car,0.98,17673,Southbound_Lane1,11.5,0
5694,2026-08-06 19:04:43,CAM_JUNCTION_01,1160,Car,0.825,3490,Northbound_Lane2,28.7,0
5695,2026-08-06 19:04:43,CAM_JUNCTION_01,1161,Bus,0.83,1399,Eastbound_Lane1,12.9,0
5696,2026-08-06 19:04:43,CAM_JUNCTION_01,1161,Car,0.803,16677,Northbound_Lane2,27.6,0
5697,2026-08-06 19:04:43,CAM_JUNCTION_01,1161,Car,0.932,9574,Northbound_Lane1,49.5,0
5698,2026-08-06 19:04:43,CAM_JUNCTION_01,1161,Motorcycle,0.79,13741,Southbound_Lane1,46.3,0
5699,2026-08-06 19:04:43,CAM_JUNCTION_01,1161,Motorcycle,0.908,13957,Westbound_Lane1,4.9,0
5700,2026-08-06 19:04:44,CAM_JUNCTION_01,1162,Truck,0.893,9003,Northbound_Lane2,1.8,0
5701,2026-08-06 19:04:44,CAM_JUNCTION_01,1162,Car,0.851,12015,Eastbound_Lane1,10.7,0
5702,2026-08-06 19:04:44,CAM_JUNCTION_01,1162,Car,0.799,1515,Eastbound_Lane1,23.0,0
5703,2026-08-06 19:04:44,CAM_JUNCTION_01,1162,Motorcycle,0.803,11160,Westbound_Lane1,1.0,0
5704,2026-08-06 19:04:44,CAM_JUNCTION_01,1163,Bus,0.874,16684,Eastbound_Lane1,9.9,0
5705,2026-08-06 19:04:44,CAM_JUNCTION_01,1163,Car,0.856,13307,Eastbound_Lane1,40.9,0
5706,2026-08-06 19:04:44,CAM_JUNCTION_01,1163,Car,0.795,1752,Westbound_Lane1,4.5,0
5707,2026-08-06 19:04:44,CAM_JUNCTION_01,1163,Car,0.786,2360,Northbound_Lane1,1.0,0
5708,2026-08-06 19:04:44,CAM_JUNCTION_01,1163,Car,0.923,6498,Northbound_Lane1,2.3,0
5709,2026-08-06 19:04:45,CAM_JUNCTION_01,1164,Car,0.931,2766,Southbound_Lane1,5.5,0
5710,2026-08-06 19:04:45,CAM_JUNCTION_01,1164,Car,0.886,11820,Northbound_Lane1,21.1,0
5711,2026-08-06 19:04:45,CAM_JUNCTION_01,1164,Car,0.797,7052,Westbound_Lane1,27.1,0
5712,2026-08-06 19:04:45,CAM_JUNCTION_01,1164,Car,0.858,11574,Southbound_Lane1,34.2,0
5713,2026-08-06 19:04:45,CAM_JUNCTION_01,1164,Car,0.963,3621,Westbound_Lane1,51.3,0
5714,2026-08-06 19:04:45,CAM_JUNCTION_01,1165,Car,0.881,11184,Eastbound_Lane1,9.4,0
5715,2026-08-06 19:04:45,CAM_JUNCTION_01,1165,Motorcycle,0.854,6470,Southbound_Lane1,18.2,0
5716,2026-08-06 19:04:45,CAM_JUNCTION_01,1165,Bus,0.959,17241,Northbound_Lane1,4.6,0
5717,2026-08-06 19:04:46,CAM_JUNCTION_01,1166,Car,0.794,11196,Westbound_Lane1,3.5,0
5718,2026-08-06 19:04:46,CAM_JUNCTION_01,1166,Car,0.798,15064,Southbound_Lane1,6.4,0
5719,2026-08-06 19:04:46,CAM_JUNCTION_01,1167,Car,0.793,16408,Northbound_Lane2,15.3,0
5720,2026-08-06 19:04:46,CAM_JUNCTION_01,1167,Car,0.782,11530,Eastbound_Lane1,0.8,0
5721,2026-08-06 19:04:46,CAM_JUNCTION_01,1167,Car,0.919,9084,Southbound_Lane1,33.8,0
5722,2026-08-06 19:04:46,CAM_JUNCTION_01,1167,Car,0.896,3566,Northbound_Lane2,26.2,0
5723,2026-08-06 19:04:46,CAM_JUNCTION_01,1167,Car,0.933,5320,Southbound_Lane1,48.7,0
5724,2026-08-06 19:04:47,CAM_JUNCTION_01,1168,Car,0.902,1815,Southbound_Lane1,19.1,0
5725,2026-08-06 19:04:47,CAM_JUNCTION_01,1168,Car,0.858,12982,Northbound_Lane1,3.4,0
5726,2026-08-06 19:04:47,CAM_JUNCTION_01,1168,Motorcycle,0.958,6677,Northbound_Lane1,52.0,0
5727,2026-08-06 19:04:47,CAM_JUNCTION_01,1168,Truck,0.803,13580,Southbound_Lane1,4.3,0
5728,2026-08-06 19:04:47,CAM_JUNCTION_01,1168,Car,0.818,17142,Northbound_Lane1,33.6,0
5729,2026-08-06 19:04:47,CAM_JUNCTION_01,1168,Car,0.792,13771,Westbound_Lane1,27.6,0
5730,2026-08-06 19:04:47,CAM_JUNCTION_01,1169,Car,0.933,8314,Eastbound_Lane1,18.0,0
5731,2026-08-06 19:04:47,CAM_JUNCTION_01,1169,Car,0.792,16736,Northbound_Lane2,32.8,0
5732,2026-08-06 19:04:48,CAM_JUNCTION_01,1170,Car,0.948,14673,Northbound_Lane2,22.5,0
5733,2026-08-06 19:04:48,CAM_JUNCTION_01,1170,Car,0.876,11138,Eastbound_Lane1,54.1,0
5734,2026-08-06 19:04:48,CAM_JUNCTION_01,1171,Car,0.878,16704,Westbound_Lane1,48.3,0
5735,2026-08-06 19:04:48,CAM_JUNCTION_01,1171,Car,0.799,16630,Eastbound_Lane1,1.4,0
5736,2026-08-06 19:04:48,CAM_JUNCTION_01,1171,Car,0.894,3885,Northbound_Lane1,50.9,0
5737,2026-08-06 19:04:48,CAM_JUNCTION_01,1171,Motorcycle,0.892,3523,Northbound_Lane2,30.4,0
5738,2026-08-06 19:04:48,CAM_JUNCTION_01,1171,Car,0.906,10705,Northbound_Lane1,47.1,0
5739,2026-08-06 19:04:48,CAM_JUNCTION_01,1171,Car,0.979,15119,Southbound_Lane1,51.5,0
5740,2026-08-06 19:04:49,CAM_JUNCTION_01,1172,Car,0.83,15757,Southbound_Lane1,3.4,0
5741,2026-08-06 19:04:49,CAM_JUNCTION_01,1172,Car,0.816,1252,Westbound_Lane1,12.7,0
5742,2026-08-06 19:04:49,CAM_JUNCTION_01,1172,Car,0.828,2100,Northbound_Lane1,46.0,0
5743,2026-08-06 19:04:49,CAM_JUNCTION_01,1172,Car,0.902,15432,Northbound_Lane1,35.5,0
5744,2026-08-06 19:04:49,CAM_JUNCTION_01,1172,Car,0.814,13586,Westbound_Lane1,24.8,0
5745,2026-08-06 19:04:49,CAM_JUNCTION_01,1172,Car,0.848,2414,Southbound_Lane1,44.0,0
5746,2026-08-06 19:04:49,CAM_JUNCTION_01,1173,Car,0.924,13305,Northbound_Lane1,16.3,0
5747,2026-08-06 19:04:49,CAM_JUNCTION_01,1173,Car,0.937,2610,Northbound_Lane2,16.5,0
5748,2026-08-06 19:04:49,CAM_JUNCTION_01,1173,Car,0.952,9261,Westbound_Lane1,47.7,0
5749,2026-08-06 19:04:50,CAM_JUNCTION_01,1174,Car,0.941,13832,Northbound_Lane2,46.0,0
5750,2026-08-06 19:04:50,CAM_JUNCTION_01,1174,Car,0.926,9773,Westbound_Lane1,1.3,0
5751,2026-08-06 19:04:50,CAM_JUNCTION_01,1174,Car,0.975,8702,Northbound_Lane1,18.3,0
5752,2026-08-06 19:04:50,CAM_JUNCTION_01,1174,Car,0.976,14520,Northbound_Lane1,22.2,0
5753,2026-08-06 19:04:50,CAM_JUNCTION_01,1174,Car,0.842,2882,Southbound_Lane1,30.7,0
5754,2026-08-06 19:04:50,CAM_JUNCTION_01,1174,Car,0.902,13661,Eastbound_Lane1,16.9,0
5755,2026-08-06 19:04:50,CAM_JUNCTION_01,1175,Car,0.894,10029,Eastbound_Lane1,8.5,0
5756,2026-08-06 19:04:50,CAM_JUNCTION_01,1175,Car,0.86,11652,Northbound_Lane1,3.8,0
5757,2026-08-06 19:04:51,CAM_JUNCTION_01,1176,Car,0.855,8659,Southbound_Lane1,13.9,0
5758,2026-08-06 19:04:51,CAM_JUNCTION_01,1176,Truck,0.875,16568,Westbound_Lane1,46.8,0
5759,2026-08-06 19:04:51,CAM_JUNCTION_01,1176,Car,0.876,3220,Northbound_Lane2,23.4,0
5760,2026-08-06 19:04:51,CAM_JUNCTION_01,1177,Car,0.842,12733,Eastbound_Lane1,0.3,0
5761,2026-08-06 19:04:51,CAM_JUNCTION_01,1177,Car,0.87,3580,Northbound_Lane2,2.4,0
5762,2026-08-06 19:04:51,CAM_JUNCTION_01,1177,Ambulance,0.81,16139,Northbound_Lane1,47.9,1
5763,2026-08-06 19:04:52,CAM_JUNCTION_01,1178,Motorcycle,0.912,6373,Northbound_Lane2,40.9,0
5764,2026-08-06 19:04:52,CAM_JUNCTION_01,1178,Car,0.856,10551,Northbound_Lane1,42.4,0
5765,2026-08-06 19:04:52,CAM_JUNCTION_01,1178,Car,0.837,5190,Westbound_Lane1,36.9,0
5766,2026-08-06 19:04:52,CAM_JUNCTION_01,1178,Car,0.979,6626,Westbound_Lane1,23.4,0
5767,2026-08-06 19:04:52,CAM_JUNCTION_01,1178,Motorcycle,0.959,4089,Southbound_Lane1,32.0,0
5768,2026-08-06 19:04:52,CAM_JUNCTION_01,1179,Car,0.921,9911,Westbound_Lane1,21.5,0
5769,2026-08-06 19:04:52,CAM_JUNCTION_01,1179,Car,0.907,13381,Southbound_Lane1,15.4,0
5770,2026-08-06 19:04:52,CAM_JUNCTION_01,1179,Car,0.79,14584,Southbound_Lane1,24.2,0
5771,2026-08-06 19:04:52,CAM_JUNCTION_01,1179,Car,0.827,4049,Northbound_Lane2,32.9,0
5772,2026-08-06 19:04:52,CAM_JUNCTION_01,1179,Car,0.943,11607,Westbound_Lane1,20.6,0
5773,2026-08-06 19:04:52,CAM_JUNCTION_01,1179,Truck,0.896,3064,Westbound_Lane1,38.2,0
5774,2026-08-06 19:04:53,CAM_JUNCTION_01,1180,Car,0.919,12364,Eastbound_Lane1,33.6,0
5775,2026-08-06 19:04:53,CAM_JUNCTION_01,1180,Car,0.86,9256,Northbound_Lane1,24.1,0
5776,2026-08-06 19:04:53,CAM_JUNCTION_01,1180,Car,0.947,10686,Southbound_Lane1,12.5,0
5777,2026-08-06 19:04:53,CAM_JUNCTION_01,1180,Motorcycle,0.924,10273,Eastbound_Lane1,19.0,0
5778,2026-08-06 19:04:53,CAM_JUNCTION_01,1180,Car,0.928,2616,Westbound_Lane1,19.7,0
5779,2026-08-06 19:04:53,CAM_JUNCTION_01,1180,Car,0.794,8366,Northbound_Lane1,29.4,0
5780,2026-08-06 19:04:53,CAM_JUNCTION_01,1181,Motorcycle,0.807,10370,Southbound_Lane1,45.4,0
5781,2026-08-06 19:04:53,CAM_JUNCTION_01,1181,Motorcycle,0.788,17835,Northbound_Lane1,3.2,0
5782,2026-08-06 19:04:53,CAM_JUNCTION_01,1181,Car,0.903,16744,Northbound_Lane2,53.0,0
5783,2026-08-06 19:04:53,CAM_JUNCTION_01,1181,Truck,0.864,16518,Northbound_Lane1,18.3,0
5784,2026-08-06 19:04:53,CAM_JUNCTION_01,1181,Car,0.89,9556,Southbound_Lane1,53.0,0
5785,2026-08-06 19:04:54,CAM_JUNCTION_01,1182,Car,0.891,16581,Southbound_Lane1,21.7,0
5786,2026-08-06 19:04:54,CAM_JUNCTION_01,1182,Car,0.963,9198,Southbound_Lane1,4.1,0
5787,2026-08-06 19:04:54,CAM_JUNCTION_01,1182,Motorcycle,0.878,2623,Eastbound_Lane1,51.4,0
5788,2026-08-06 19:04:54,CAM_JUNCTION_01,1182,Motorcycle,0.862,7432,Northbound_Lane1,8.1,0
5789,2026-08-06 19:04:54,CAM_JUNCTION_01,1182,Car,0.839,3855,Westbound_Lane1,17.2,0
5790,2026-08-06 19:04:54,CAM_JUNCTION_01,1182,Car,0.849,1306,Westbound_Lane1,14.2,0
5791,2026-08-06 19:04:54,CAM_JUNCTION_01,1183,Car,0.904,8325,Southbound_Lane1,45.8,0
5792,2026-08-06 19:04:54,CAM_JUNCTION_01,1183,Car,0.811,5689,Southbound_Lane1,34.1,0
5793,2026-08-06 19:04:54,CAM_JUNCTION_01,1183,Car,0.832,4780,Southbound_Lane1,42.7,0
5794,2026-08-06 19:04:54,CAM_JUNCTION_01,1183,Bus,0.789,12074,Northbound_Lane1,28.8,0
5795,2026-08-06 19:04:55,CAM_JUNCTION_01,1184,Car,0.877,2024,Northbound_Lane2,12.5,0
5796,2026-08-06 19:04:55,CAM_JUNCTION_01,1184,Car,0.784,8638,Westbound_Lane1,46.6,0
5797,2026-08-06 19:04:55,CAM_JUNCTION_01,1184,Car,0.976,2546,Northbound_Lane2,48.3,0
5798,2026-08-06 19:04:55,CAM_JUNCTION_01,1185,Car,0.864,5866,Northbound_Lane1,13.7,0
5799,2026-08-06 19:04:55,CAM_JUNCTION_01,1185,Car,0.866,13182,Northbound_Lane2,24.2,0
5800,2026-08-06 19:04:56,CAM_JUNCTION_01,1186,Motorcycle,0.915,12818,Eastbound_Lane1,4.0,0
5801,2026-08-06 19:04:56,CAM_JUNCTION_01,1186,Car,0.832,6780,Eastbound_Lane1,42.7,0
5802,2026-08-06 19:04:56,CAM_JUNCTION_01,1186,Car,0.836,5183,Westbound_Lane1,52.9,0
5803,2026-08-06 19:04:56,CAM_JUNCTION_01,1186,Car,0.977,11693,Westbound_Lane1,24.5,0
5804,2026-08-06 19:04:56,CAM_JUNCTION_01,1187,Car,0.871,11938,Eastbound_Lane1,25.8,0
5805,2026-08-06 19:04:56,CAM_JUNCTION_01,1187,Car,0.892,17315,Eastbound_Lane1,54.5,0
5806,2026-08-06 19:04:56,CAM_JUNCTION_01,1187,Bus,0.845,3800,Southbound_Lane1,38.5,0
5807,2026-08-06 19:04:56,CAM_JUNCTION_01,1187,Car,0.862,2532,Northbound_Lane1,49.1,0
5808,2026-08-06 19:04:56,CAM_JUNCTION_01,1187,Motorcycle,0.942,12792,Northbound_Lane2,11.5,0
5809,2026-08-06 19:04:57,CAM_JUNCTION_01,1188,Car,0.942,17156,Southbound_Lane1,30.4,0
5810,2026-08-06 19:04:57,CAM_JUNCTION_01,1188,Car,0.961,14767,Northbound_Lane2,52.9,0
5811,2026-08-06 19:04:57,CAM_JUNCTION_01,1189,Car,0.942,15591,Northbound_Lane1,10.0,0
5812,2026-08-06 19:04:57,CAM_JUNCTION_01,1189,Car,0.826,4320,Westbound_Lane1,53.6,0
5813,2026-08-06 19:04:58,CAM_JUNCTION_01,1190,Car,0.781,17204,Northbound_Lane1,52.3,0
5814,2026-08-06 19:04:58,CAM_JUNCTION_01,1190,Motorcycle,0.785,11972,Westbound_Lane1,10.6,0
5815,2026-08-06 19:04:58,CAM_JUNCTION_01,1190,Car,0.92,15201,Northbound_Lane1,10.4,0
5816,2026-08-06 19:04:58,CAM_JUNCTION_01,1190,Car,0.894,6384,Southbound_Lane1,22.7,0
5817,2026-08-06 19:04:58,CAM_JUNCTION_01,1190,Rickshaw,0.907,10850,Northbound_Lane1,18.8,0
5818,2026-08-06 19:04:58,CAM_JUNCTION_01,1190,Motorcycle,0.79,9641,Northbound_Lane2,2.0,0
5819,2026-08-06 19:04:58,CAM_JUNCTION_01,1191,Car,0.938,12509,Northbound_Lane2,5.3,0
5820,2026-08-06 19:04:58,CAM_JUNCTION_01,1191,Motorcycle,0.834,4070,Southbound_Lane1,34.0,0
5821,2026-08-06 19:04:58,CAM_JUNCTION_01,1191,Car,0.833,7603,Northbound_Lane2,5.0,0
5822,2026-08-06 19:04:58,CAM_JUNCTION_01,1191,Car,0.797,11482,Southbound_Lane1,38.8,0
5823,2026-08-06 19:04:58,CAM_JUNCTION_01,1191,Bus,0.889,2333,Westbound_Lane1,36.8,0
5824,2026-08-06 19:04:59,CAM_JUNCTION_01,1192,Car,0.96,14440,Northbound_Lane2,0.3,0
5825,2026-08-06 19:04:59,CAM_JUNCTION_01,1192,Car,0.976,14233,Northbound_Lane2,36.2,0
5826,2026-08-06 19:04:59,CAM_JUNCTION_01,1193,Motorcycle,0.825,17758,Southbound_Lane1,47.3,0
5827,2026-08-06 19:04:59,CAM_JUNCTION_01,1193,Car,0.931,3887,Eastbound_Lane1,29.6,0
5828,2026-08-06 19:05:00,CAM_JUNCTION_01,1194,Car,0.888,17924,Northbound_Lane1,16.2,0
5829,2026-08-06 19:05:00,CAM_JUNCTION_01,1194,Motorcycle,0.955,3976,Southbound_Lane1,27.6,0
5830,2026-08-06 19:05:00,CAM_JUNCTION_01,1194,Car,0.944,17204,Northbound_Lane2,7.8,0
5831,2026-08-06 19:05:00,CAM_JUNCTION_01,1194,Car,0.823,2983,Westbound_Lane1,40.7,0
5832,2026-08-06 19:05:00,CAM_JUNCTION_01,1194,Car,0.902,13533,Northbound_Lane1,38.4,0
5833,2026-08-06 19:05:00,CAM_JUNCTION_01,1195,Bus,0.803,1767,Westbound_Lane1,18.6,0
5834,2026-08-06 19:05:00,CAM_JUNCTION_01,1195,Truck,0.952,15147,Northbound_Lane2,39.2,0
5835,2026-08-06 19:05:00,CAM_JUNCTION_01,1195,Car,0.942,16413,Westbound_Lane1,50.8,0
5836,2026-08-06 19:05:00,CAM_JUNCTION_01,1195,Car,0.932,9577,Northbound_Lane2,54.4,0
5837,2026-08-06 19:05:00,CAM_JUNCTION_01,1195,Car,0.869,15778,Westbound_Lane1,31.0,0
5838,2026-08-06 19:05:01,CAM_JUNCTION_01,1196,Motorcycle,0.951,5173,Northbound_Lane1,16.7,0
5839,2026-08-06 19:05:01,CAM_JUNCTION_01,1196,Rickshaw,0.968,3027,Southbound_Lane1,4.5,0
5840,2026-08-06 19:05:01,CAM_JUNCTION_01,1196,Car,0.789,1926,Eastbound_Lane1,42.8,0
5841,2026-08-06 19:05:01,CAM_JUNCTION_01,1196,Car,0.807,11809,Southbound_Lane1,6.3,0
5842,2026-08-06 19:05:01,CAM_JUNCTION_01,1196,Car,0.888,5314,Eastbound_Lane1,53.8,0
5843,2026-08-06 19:05:01,CAM_JUNCTION_01,1197,Car,0.821,13179,Northbound_Lane1,42.1,0
5844,2026-08-06 19:05:01,CAM_JUNCTION_01,1197,Car,0.86,6574,Eastbound_Lane1,15.1,0
5845,2026-08-06 19:05:01,CAM_JUNCTION_01,1197,Car,0.845,17948,Eastbound_Lane1,13.4,0
5846,2026-08-06 19:05:01,CAM_JUNCTION_01,1197,Car,0.954,5528,Northbound_Lane2,44.0,0
5847,2026-08-06 19:05:02,CAM_JUNCTION_01,1198,Motorcycle,0.944,17571,Southbound_Lane1,29.6,0
5848,2026-08-06 19:05:02,CAM_JUNCTION_01,1198,Car,0.848,10658,Northbound_Lane1,18.8,0
5849,2026-08-06 19:05:02,CAM_JUNCTION_01,1199,Motorcycle,0.797,4727,Westbound_Lane1,13.8,0
5850,2026-08-06 19:05:02,CAM_JUNCTION_01,1199,Motorcycle,0.924,4102,Southbound_Lane1,35.5,0
5851,2026-08-06 19:05:02,CAM_JUNCTION_01,1199,Car,0.915,7715,Eastbound_Lane1,24.3,0
5852,2026-08-06 19:05:02,CAM_JUNCTION_01,1199,Car,0.972,16641,Northbound_Lane2,54.1,0
5853,2026-08-06 19:05:02,CAM_JUNCTION_01,1199,Car,0.921,7615,Northbound_Lane2,14.2,0
5854,2026-08-06 19:05:03,CAM_JUNCTION_01,1200,Car,0.946,6653,Westbound_Lane1,24.1,0
5855,2026-08-06 19:05:03,CAM_JUNCTION_01,1200,Car,0.962,17187,Northbound_Lane2,18.0,0
5856,2026-08-06 19:05:03,CAM_JUNCTION_01,1200,Car,0.795,16088,Westbound_Lane1,33.6,0
5857,2026-08-06 19:05:03,CAM_JUNCTION_01,1200,Motorcycle,0.807,8368,Eastbound_Lane1,7.9,0
